company_id,company_name,sector,quarter,revenue,operating_income,net_income,total_assets,total_debt,total_equity,current_assets,current_liabilities,operating_cash_flow,interest_expense,market_cap,stock_return_3m,volatility_3m,volume_change_3m,macro_rate,fx_rate,inflation,business_cycle_index,disclosure_risk_score,rnd_ratio,quarter_order,operating_margin,net_margin,roe,roa,debt_ratio,current_ratio,ocf_margin,interest_coverage,market_to_sales,revenue_growth_qoq,op_income_growth_qoq,market_cap_growth_qoq,revenue_growth_qoq_rolling4_mean,revenue_growth_qoq_rolling4_std,operating_margin_rolling4_mean,operating_margin_rolling4_std,debt_ratio_rolling4_mean,debt_ratio_rolling4_std,ocf_margin_rolling4_mean,ocf_margin_rolling4_std,stock_return_3m_rolling4_mean,stock_return_3m_rolling4_std,volatility_3m_rolling4_mean,volatility_3m_rolling4_std,growth_cashflow_gap,profitability_leverage_pressure,quality_of_growth,market_financial_mismatch,macro_pressure,risk_composite_proxy,future_revenue_growth_qoq,future_operating_margin,future_ocf_margin,future_debt_ratio,future_current_ratio,future_interest_coverage,future_net_margin,future_volatility_3m,future_disclosure_risk_score,target_growth,target_risk,target_health_score
C001,MockCompany_001,IT,2021Q1,417.6007274764133,82.35156047340526,68.9170485984579,1055.008303243496,305.9382916957669,749.070011547729,791.2562274326219,272.8325258871307,41.736528091126445,4.485837012543624,2127.7558990856464,0.1070888270753799,0.1657337742269514,-0.0505522981456744,1.9986559073996568,1189.763472869117,2.6819096962294244,100.62223354834316,0.4298463778330023,0.0791361016091019,2021Q1,0.1972016690939778,0.16503095915268828,0.09200348103105802,0.06532370255903713,0.40842416193277925,2.900153582703919,0.09994361921551931,18.35812585806611,5.0951920317254,0.029321658588051358,0.016305366076255545,0.03901112242922311,0.028748223617539495,0.04103992952872891,0.14908296294256101,0.02851283501543619,0.6270378788260513,0.06156726049581937,0.09118377837234426,0.043601873648594996,0.043950407107197303,0.10004747440174336,0.2019274246561828,0.07374245419873522,-0.09994361921551931,0.3278822355013261,0.2971452883094971,-0.1900564612341172,1.9951270031309136,0.9234623875612797,0.025653655399649145,0.12926618136159132,0.08029647057503495,0.38785167494719675,3.132182716389454,7.815894076020587,0.09448465885283373,0.1467592234169044,0.3675028713711092,0,0,100.0
C001,MockCompany_001,IT,2021Q2,428.313712633736,55.36647805709829,40.46907502028369,1066.03204395453,297.91534733801205,768.1166966165179,799.5240329658974,255.26098103382577,34.39207942345905,7.083831678214335,2336.171791209672,0.0979510348031873,0.1467592234169044,0.0923231929477955,2.1303731945048416,1216.62166642396,2.8603664877292947,100.52039654325894,0.3675028713711092,0.0754672149182253,2021Q2,0.12926618136159132,0.09448465885283373,0.052686102513450746,0.03796234386174969,0.38785167494719675,3.132182716389454,0.08029647057503495,7.815894076020587,5.454347414746324,0.025653655399649145,-0.3276814945725476,0.09795103480318734,0.028748223617539495,0.04103992952872891,0.16323392522778457,0.048037644058785994,0.398137918439988,0.014546945053377405,0.09012004489527713,0.013892632034666551,0.1025199309392836,0.006461394880741418,0.1562464988219279,0.013417033547752939,-0.0546428151753858,0.33771556999207547,0.2352163073362754,-0.13726527253308812,2.1117453887091355,0.8519776647800891,0.0652312285381178,0.17984331475452361,0.1745276785632637,0.3608206524729502,2.729911394668726,14.781147817030908,0.13209451257370414,0.2130202452084004,0.4566839869689282,1,0,100.0
C001,MockCompany_001,IT,2021Q3,456.2531423085569,82.0540774801181,60.26853644360179,1125.7990165302265,298.50482865616067,827.2941878740658,844.3492623976699,309.2954826460225,79.62880176448135,5.551265604068573,2519.176493058208,0.0783352930367229,0.2130202452084004,0.1739729354026725,2.249053324960736,1224.326089692737,2.608990931122414,101.6765658956676,0.4566839869689282,0.0898336808799981,2021Q3,0.17984331475452361,0.13209451257370414,0.07285018718480743,0.05353401056371425,0.3608206524729502,2.729911394668726,0.1745276785632637,14.781147817030908,5.5214446969200415,0.0652312285381178,0.4820172848180344,0.07833529303672315,0.045442441968883474,0.027985570349117736,0.16877038840336422,0.03529539483902905,0.38569882978430875,0.023874664080244926,0.11825592278460599,0.04971303135230234,0.09445838497176336,0.014691507140581627,0.17517108095075207,0.03412371346824078,-0.1092964500251459,0.29592947030032485,0.4196022218559051,-0.3412669288191822,2.0676133165369235,0.9656337024776535,-0.012569641970789358,0.11808317436018495,0.06803960782384388,0.3491397142117017,3.1027667720814986,10.492860873985471,0.10311691961864557,0.1709556922747942,0.170624053161644,0,0,100.0
C001,MockCompany_001,IT,2021Q4,450.51820366169073,53.19861959553882,46.45604939382227,1146.2265481028176,296.6284404878437,849.5981076149739,859.6699110771132,277.06559152601045,30.653081894712106,5.069982364575058,2327.621617873085,-0.0760386879255848,0.1709556922747942,-0.0688209327256275,2.2051117657119312,1223.9032629563017,2.5847874862944105,102.11488263553493,0.170624053161644,0.0821743120196395,2021Q4,0.11808317436018495,0.10311691961864557,0.05468002927193528,0.04052955279274738,0.3491397142117017,3.1027667720814986,0.06803960782384388,10.492860873985471,5.1665428809527265,-0.012569641970789358,-0.3516639120288815,-0.0760386879255851,0.026105080655659196,0.03890239968892996,0.15609858489256942,0.03837718525495854,0.376559050891157,0.026723434587626792,0.10570184404441546,0.04772850192721618,0.05183411674742633,0.08608836480432236,0.1741172337817626,0.027941502989831214,-0.08060924979463324,0.3079121884623762,0.17355314021323948,-0.24959182813882427,2.04363571708911,0.6494919338988144,0.08441163516642369,0.1543012348924232,0.13372337630617534,0.3049451605876836,3.046312730271451,11.98674432439535,0.12710221829964347,0.1714988823150859,0.2099573479985184,1,0,100.0
C001,MockCompany_001,IT,2022Q1,488.54718190501393,75.38343347131126,62.09543056429381,1204.6821087609087,281.5152622567432,923.1668465041656,903.5115815706816,296.5918674696032,65.3301786493394,6.288899756200239,2841.7498857564447,0.2208813769108894,0.1714988823150859,0.2616873740355829,2.2123412135441582,1234.167755972448,2.461217805889736,103.08669367964733,0.2099573479985184,0.0648640610533092,2022Q1,0.1543012348924232,0.12710221829964347,0.06726349716670241,0.051545075761199204,0.3049451605876836,3.046312730271451,0.13372337630617534,11.98674432439535,5.816735805679331,0.08441163516642369,0.41701860019001,0.2208813769108895,0.04068171928335032,0.043114321392093057,0.14537347634218079,0.027520175428006152,0.35068930055488307,0.03453796906466817,0.11414678331707948,0.04933156801511461,0.0802822542063037,0.12181998566173648,0.1755585108037962,0.027510283049986747,-0.04931174113975165,0.2578917457345357,0.37243624636502226,-0.15155486945413285,2.005995983593597,0.63934797604814,0.0729869740305189,0.16606897293188178,0.14446201621223392,0.29002648728477015,3.346813896419474,14.436091614434442,0.14571710786182326,0.2175997347177412,0.4752666868871867,0,0,100.0
C001,MockCompany_001,IT,2022Q2,524.2047623833984,87.05414649517817,76.3856019020488,1285.5189198358255,289.0130864236156,996.50583341221,964.1391898768692,288.0767260184346,75.72767688210519,6.030312691677426,3104.8608662084644,0.0925876628941898,0.2175997347177412,0.3722025758230756,2.1513225923135737,1230.770881610505,2.4364090474569533,101.5878528905625,0.4752666868871867,0.0789217764787377,2022Q2,0.16606897293188178,0.14571710786182326,0.07665344179713882,0.059420052652157496,0.29002648728477015,3.346813896419474,0.14446201621223392,14.436091614434442,5.9229924811932095,0.0729869740305189,0.15481800823397673,0.09258766289418974,0.05251504894106776,0.0440991690939715,0.1545741742347534,0.02647217046526248,0.32623300363927643,0.03408375433843703,0.1301881697263792,0.04488754901422369,0.07894141122905433,0.12158998390151712,0.1932686386290054,0.025520697902681754,-0.07147504218171502,0.2418620864183469,0.3835179631746346,-0.2909303002804448,1.974937338402836,0.9347285080232748,0.030916001431084084,0.10956421168589531,-0.014425630109726787,0.29804279255588295,3.4455518965116245,10.307277807196993,0.06715913684754939,0.04,0.2280588357034511,0,0,95.97549473383185
C001,MockCompany_001,IT,2022Q3,540.4110775674246,59.20971370010967,36.29354151234946,1298.9508300950606,298.2512864867242,1000.6995436083364,974.2131225712956,282.7451600871754,-7.795770312200965,5.744456955303909,3028.741417251568,-0.0245162189988404,0.04,0.0755085422355531,2.285930026435353,1217.5602532870248,2.128795290671234,102.22790839345504,0.2280588357034511,0.0596160684955078,2022Q3,0.10956421168589531,0.06715913684754939,0.036268170345561894,0.027940658469470674,0.29804279255588295,3.4455518965116245,-0.014425630109726787,10.307277807196993,5.604513939424347,0.030916001431084084,-0.31985188432822986,-0.0245162189988406,0.04393624216430933,0.04413858505237924,0.13700439846759632,0.02741597229982755,0.3105385386600096,0.026446326490660227,0.08294984255813159,0.07318013622570124,0.0532285332201635,0.13217523475374388,0.15001357732690532,0.07653118400592782,0.04534163154081087,0.26538796894083483,0.1260545830072526,-0.15057080200609302,1.910421936973413,0.5787884361850968,0.043334050001291535,0.12150034550144997,0.10966841017012793,0.3133953189999902,3.192054051346777,8.64926306139513,0.10572376550856384,0.1419819148371397,0.226791998116342,1,0,100.0
C001,MockCompany_001,IT,2022Q4,563.8292782239832,68.50545210816863,59.61015439792093,1379.1670878844172,329.08942434120326,1050.077663543214,1034.375315913313,324.0469300554926,61.83426055030464,7.920380223522697,2925.729281990985,-0.0340115318771787,0.1419819148371397,0.5440214692658036,2.0347792936141915,1223.6185152238447,2.2975109151408244,102.85353113443333,0.226791998116342,0.0909622300934086,2022Q4,0.12150034550144997,0.10572376550856384,0.05676737680213595,0.0432218510153959,0.3133953189999902,3.192054051346777,0.10966841017012793,8.64926306139513,5.1890339770960585,0.043334050001291535,0.15699684776624312,-0.03401153187717865,0.057912165157329554,0.024971891336480874,0.13785869125291256,0.026673021847531935,0.30160243985708174,0.00994852664514334,0.0933570431447026,0.07331285579224911,0.06373532223226502,0.11954095822588359,0.1427701329674917,0.07524876932582747,-0.0663343601688364,0.27531767946295427,0.27450280567286944,-0.30851433755004815,1.883387127631409,0.644091592416436,0.0492276655464543,0.13483065751031226,0.044193359503978034,0.31450093072741975,2.9863670769857773,10.62575521988681,0.11660026663124218,0.2175506001091085,0.5159433065089833,1,0,100.0
C001,MockCompany_001,IT,2023Q1,591.5852773576922,79.76383191969292,68.97900107514087,1407.9772516121388,336.86560863089227,1071.1116429812466,1055.982938709104,353.6011854818432,26.144140839573243,7.506650610564021,3496.5869140417262,0.1951163546007467,0.2175506001091085,-0.0344410835981729,1.913172289896143,1227.1834180867445,2.11209125212438,102.14013076056852,0.5159433065089833,0.0807189109615403,2023Q1,0.13483065751031226,0.11660026663124218,0.06439945035335982,0.04899155934239043,0.31450093072741975,2.9863670769857773,0.044193359503978034,10.62575521988681,5.910537411703811,0.0492276655464543,0.16434282914807352,0.19511635460074683,0.049116172752337206,0.01764942646789319,0.13299104690738484,0.024347389898081946,0.3039913823920158,0.011962283036498662,0.07097453894415327,0.07049360593301388,0.05729406665472935,0.10842855735794826,0.15428306241599735,0.08411048072634635,0.005034306042476268,0.27209656344983657,0.2282516825607446,-0.03313532795999791,1.7769972651332062,1.0106247761104046,0.13381218846478848,0.21807652707765915,0.1032668346176184,0.26425828892797676,2.8477178928790514,26.146977158866534,0.20029000756110124,0.3125985489050973,0.4465908189915286,1,0,100.0
C001,MockCompany_001,IT,2023Q2,670.746597984474,146.27408863782696,134.3438411820935,1563.7006873707385,326.8484546704027,1236.8522327003357,1172.7755155280538,411.8299493281361,69.26587800449612,5.594302076409544,4113.405046196782,0.1764057772103457,0.3125985489050973,0.0843882487490574,2.0122303685359664,1207.1380135287582,1.7964688772889663,100.5247831878054,0.4465908189915286,0.0187456974742244,2023Q2,0.21807652707765915,0.20029000756110124,0.10861753540977251,0.08591403857978605,0.26425828892797676,2.8477178928790514,0.1032668346176184,26.146977158866534,6.132576830879229,0.13381218846478848,0.8338397882526165,0.17640577721034578,0.0643224763609046,0.0469509673670108,0.14599293544382919,0.04915139709175868,0.2975493328028174,0.023430671178057992,0.06067574354549939,0.0580981001706012,0.07824859523376831,0.12443987669589607,0.17803276596283638,0.11550226188364489,0.03054535384717008,0.20662975902707897,0.45515555016006604,-0.27874977294972036,1.6951861400973538,0.9963644807708749,0.03455961981818545,0.1898048158327558,0.1143926583342351,0.24303881744797387,3.1970586299187858,22.96163207674866,0.14285561563704638,0.1443245910663437,0.3863745186906832,0,0,100.0
C001,MockCompany_001,IT,2023Q3,693.9273454051587,131.71075199612906,99.13141813537813,1656.295294630557,323.8386799362725,1332.4566146942846,1242.2214709729178,388.5513575962405,79.38019373182946,5.736123265668906,4386.593612126246,0.0664142147105236,0.1443245910663437,-0.0327197290714416,1.8069019040186085,1183.2113580558437,1.736777775495029,100.13936630500008,0.3863745186906832,0.0744143339613427,2023Q3,0.1898048158327558,0.14285561563704638,0.07439748284641012,0.05985129490899744,0.24303881744797387,3.1970586299187858,0.1143926583342351,22.96163207674866,6.321401860246268,0.03455961981818545,-0.0995619714832513,0.06641421471052356,0.06523338095767994,0.04611469788726941,0.1660530864805443,0.04557181079839342,0.2837983390258401,0.035878417457982065,0.09288031565648987,0.03277662012476821,0.10098120366110933,0.10640834602406675,0.20411391372942228,0.08038368201097713,-0.07983303851604966,0.19690887946205043,0.33875709398517634,-0.2723428792746527,1.5952512952465263,0.7276079892190773,0.14510802241730958,0.1278847095808492,0.05537228263203557,0.22030114903900286,2.782832563578561,27.383221043485324,0.07766666380026387,0.1576448458107141,0.3358606168621164,0,0,100.0
C001,MockCompany_001,IT,2023Q4,794.6217701981946,101.61997430854429,61.71562187443138,1928.882034792054,348.2213623745576,1580.6606724174962,1446.6615260940405,519.8521625142027,44.00002124503822,3.7110307118284473,4911.847310912668,0.1197406792674884,0.1576448458107141,-0.1773059567982761,1.6753484357489516,1183.5411806789425,1.9107284169994736,102.010185763236,0.3358606168621164,0.0260567902160842,2023Q4,0.1278847095808492,0.07766666380026387,0.03904419395720344,0.03199553977962822,0.22030114903900286,2.782832563578561,0.05537228263203557,27.383221043485324,6.181365141407306,0.14510802241730958,-0.22846105751844115,0.11974067926748844,0.09067687406168445,0.0568348143609626,0.1676491775003941,0.0435586120783098,0.2605247965355933,0.040212200927581945,0.07930628377196677,0.034693493808717675,0.1394192564472761,0.058272783755026245,0.20802964647281588,0.07664260376609047,0.08973573978527401,0.1921280005738226,0.32836501463019435,-0.20862433536270597,1.6101892526656316,0.7753692030319271,0.14311146826929178,0.2594255777736975,0.25435924557465334,0.16996720974229043,3.140703567610617,73.65440372995774,0.2460976349259533,0.0900083353304014,0.3100418764986567,0,0,100.0
C001,MockCompany_001,IT,2024Q1,908.341258450002,235.6469557893387,223.54063541045568,2314.6584417504646,336.2624469942131,1978.3959947562516,1735.9938313128484,552.7404270853923,231.04499722392808,3.199360035275647,5753.463333762989,0.1713440930829628,0.0900083353304014,0.0004269965853706,1.6335952281597603,1199.0628780085622,1.6603892389987396,98.27340397498952,0.3100418764986567,0.0758042472406564,2024Q1,0.2594255777736975,0.2460976349259533,0.1129908451103006,0.09657607851692628,0.16996720974229043,3.140703567610617,0.25435924557465334,73.65440372995774,6.334032810063471,0.14311146826929178,1.3189039103065916,0.17134409308296283,0.11414782474239382,0.0532866338778231,0.1987979075662404,0.055247735737893676,0.22439136628931097,0.0404796971678453,0.1318477552896356,0.08559422216918207,0.13347619106783012,0.0515199001252934,0.17614408027813913,0.09555781868507249,-0.11124777730536156,0.1258733681523135,0.6568962916176426,-0.4855521985346798,1.5126134269080436,0.5259235799813716,0.0688536122731862,0.15960866401562984,0.1929851457344102,0.17810444431034764,3.0428308117350316,48.48037867319315,0.10585841690395476,0.1110070822413265,0.3894123837720707,0,0,100.0
C001,MockCompany_001,IT,2024Q2,970.8838352710565,154.96147186214375,102.77622579953989,2490.422063672504,376.4990785757133,2113.922985096791,1867.816547754378,613.8417359742392,187.3661584411609,3.1963750295405204,6440.875321242883,0.1194779470386057,0.1110070822413265,0.3396030197357282,1.7347101585644404,1173.142954726065,2.003961986044783,98.49865132345656,0.3894123837720707,0.0820035850847902,2024Q2,0.15960866401562984,0.10585841690395476,0.04861871814823255,0.041268597519546354,0.17810444431034764,3.0428308117350316,0.1929851457344102,48.48037867319315,6.634032916448806,0.0688536122731862,-0.34239985684060925,0.11947794703860559,0.09790818069449325,0.0551614913306875,0.18418094180073308,0.05617367651470264,0.20285290513490373,0.03470496620759542,0.15427733306883357,0.08734544493516574,0.11924423352489513,0.04283965193711333,0.12574621361219643,0.030860529173564338,-0.12413153346122399,0.14967743189872693,0.42144742202322627,-0.30196947498462057,1.6604781370310475,0.6500968979121242,0.027689551480728714,0.16697832900287968,0.18513431194797542,0.17657833169772433,2.304704563365278,33.52591335437509,0.1248541652031445,0.1702468334942968,0.3991993225571164,0,0,100.0
C001,MockCompany_001,IT,2024Q3,997.7671732096017,166.60549531663307,124.57538747831096,2565.459053583048,385.0185470159378,2180.4405065671103,1924.0942901872857,834.8550702635229,184.72093909662115,4.969454329910607,6961.300455875819,0.0808003739672624,0.1702468334942968,-0.4109003147311038,1.7026164615739845,1176.165839680271,1.940403210180376,96.84124796654464,0.3991993225571164,0.1131837553541046,2024Q3,0.16697832900287968,0.1248541652031445,0.05713312842201118,0.04855871205750651,0.17657833169772433,2.304704563365278,0.18513431194797542,33.52591335437509,6.97687861735904,0.027689551480728714,0.07514140976182793,0.08080037396726247,0.09619066361012907,0.0578336310500418,0.17847432009326408,0.0565699731961269,0.1862377836973413,0.022981881687851417,0.17196274647226864,0.08366192031150871,0.12284077333907983,0.037152327829711784,0.13222677421918472,0.03796610409543524,-0.1574447604672467,0.1470935769327221,0.3798021924315838,-0.2990018184643214,1.6279066370181074,0.7165397329841352,-0.0013791336819715116,0.14604226081796662,0.14891083836145133,0.175189094420794,3.0561174632807884,18.44080008741557,0.08859936448225722,0.1442060941359778,0.1732544565327701,0,0,100.0
C002,MockCompany_002,Retail,2021Q1,741.2394017261765,87.09622624164601,44.62220552140975,2108.3856068389514,588.9593645085597,1519.4262423303917,1581.2892051292135,620.4139495306871,30.566911270506736,9.665819589156,1232.3737608051265,0.0969605510947478,0.2331112228298154,0.4379886132959635,1.994643746168144,1185.9359136888622,2.472258023645059,101.20898274662136,0.0405142584792885,0.0202224143702223,2021Q1,0.11750080478547333,0.06019945164468411,0.02936779968532194,0.021164157721741194,0.38761958172110195,2.548764750249141,0.04123756939968676,9.010744037716965,1.6625853373870143,0.029321658588051358,0.016305366076255545,0.03901112242922311,0.028748223617539495,0.04103992952872891,0.14908296294256101,0.02851283501543619,0.6270378788260513,0.06156726049581937,0.09118377837234426,0.043601873648594996,0.043950407107197303,0.10004747440174336,0.2019274246561828,0.07374245419873522,-0.04123756939968676,0.3420739689182639,0.15873837418516007,-0.06177782309041227,1.9191963935412797,0.6156994502273677,0.06979311253522003,0.1219803416324713,0.027777662302923323,0.35935089793154557,2.359692212133721,12.924378091351578,0.07697250005309213,0.1153171134417272,0.572218332148846,1,0,94.49811903401925
C002,MockCompany_002,Retail,2021Q2,792.9728067063908,96.72709386742716,61.03709940638525,2291.446480884974,605.7548140965156,1685.6916667884584,1672.275887260844,708.6839032054737,22.026930840119192,7.484081104005172,1435.0164833228173,0.1644328441278249,0.1153171134417272,0.0262992378648443,2.144627091400631,1192.4726815944182,2.760511704806752,101.14021384652716,0.572218332148846,0.0164102942796859,2021Q2,0.1219803416324713,0.07697250005309213,0.03620893465210963,0.026636929954735676,0.35935089793154557,2.359692212133721,0.027777662302923323,12.924378091351578,1.8096667012849312,0.06979311253522003,0.11057732397108211,0.16443284412782488,0.028748223617539495,0.04103992952872891,0.11974057320897231,0.003167510881087276,0.37348523982632376,0.019988978002813546,0.03450761585130504,0.009517591582262359,0.13069669761128636,0.04771011594589467,0.17421416813577129,0.08329301353214712,0.042015450232296706,0.31551715263592034,0.21955111647061465,-0.05511827234278974,2.0745403831509095,1.0450680484587902,0.09391194276489934,0.1719511591755182,0.04282846616329995,0.2825478246717509,2.282149524455172,27.694162783767926,0.11325583596197722,0.0998682228715088,0.2308795564961864,1,0,100.0
C002,MockCompany_002,Retail,2021Q3,867.4424235439229,149.1577302465703,98.24291682746376,2515.451625556588,554.1589726295144,1961.2926529270733,1886.5887191674408,826.6718280063409,37.15122848540464,5.38589057136258,1425.4871045453026,-0.0066406057967007,0.0998682228715088,-0.3979952722508681,2.113559021341655,1224.070617409415,2.6338116752344285,101.631643484525,0.2308795564961864,0.0459909151504248,2021Q3,0.1719511591755182,0.11325583596197722,0.050090901365889444,0.03905577663640688,0.2825478246717509,2.282149524455172,0.04282846616329995,27.694162783767926,1.643321868810443,0.09391194276489934,0.5420470550992038,-0.0066406057967007825,0.08185252765005968,0.017054588409693337,0.1371441018644876,0.030226891861071813,0.34317276810813285,0.05437202815600005,0.03728123262197001,0.008268683373725083,0.08491759647529067,0.0861702146002,0.14943218638101713,0.07287868625813809,0.051083476601599384,0.23396339869692223,0.30869156810371745,-0.3153321739004182,2.0288009290244537,0.6157946546662169,0.029432144523400705,0.12545120860840572,-0.0002498465889818394,0.2837842534945323,2.453877225722776,18.35577008438055,0.07085693163625169,0.2157420877325566,0.2909388241663141,0,0,96.03516927878371
C002,MockCompany_002,Retail,2021Q4,892.9731143193966,112.0245564463058,63.27333491441111,2564.656112570163,566.9247137087559,1997.731398861407,1923.492084427622,783.8583219495076,-0.2231062866654412,6.102961407392814,1457.518564615096,0.0224705365398663,0.2157420877325566,0.2129968066433079,2.2749447989168283,1232.7667746202192,2.2441762215219825,100.41984334613409,0.2909388241663141,0.0480291813933028,2021Q4,0.12545120860840572,0.07085693163625169,0.031672593698252746,0.024671274485598478,0.2837842534945323,2.453877225722776,-0.0002498465889818394,18.35577008438055,1.6322087879704539,0.029432144523400705,-0.24895239246990586,0.022470536539866304,0.06437906660784003,0.032579057925206,0.13422087855046713,0.025363180647580807,0.3283256394547327,0.05340999170754822,0.02789846281923205,0.019943074650313176,0.06930583149143457,0.07697475395526966,0.166009661718902,0.06811842160131239,0.029681991112382546,0.24818317590960903,0.1546335065428246,-0.1321629700029583,1.9515223895396494,0.7845460789208624,-0.03764596613475968,0.09008688087528441,-0.010404646229974581,0.3074643440406295,2.728495915260046,12.395302152628556,0.03533017575512301,0.2073701326747287,0.2608399471701897,0,1,91.14868266747973
C002,MockCompany_002,Retail,2022Q1,859.3562786984777,77.41672670862755,30.36120836272102,2471.8348266680864,581.2786230252843,1890.556203642802,1853.876120001065,679.4498425414165,-8.941298065375506,6.245650629808584,1582.3377290551728,0.0856381300865551,0.2073701326747287,-0.1793762104265712,2.228626297407146,1232.6073205397784,2.51353366335746,101.13502044198005,0.2608399471701897,0.0,2022Q1,0.09008688087528441,0.03533017575512301,0.0160594053243187,0.012282862930462945,0.3074643440406295,2.728495915260046,-0.010404646229974581,12.395302152628556,1.8413058335360417,-0.03764596613475968,-0.30893074550369704,0.08563813008655519,0.0388728084221901,0.05753150009685784,0.12736739757291993,0.033715678231021076,0.30828683003461455,0.03592161915228211,0.014987908911816714,0.024601121039561503,0.0664752262393864,0.075818312203393,0.15957438918013034,0.060450465142780296,-0.027241319904785097,0.27976584030564383,0.042036268510550145,0.04360186157600496,2.0295381824295453,0.7479759201505622,-0.04164516252580208,0.15571233117479608,0.020185727727347363,0.3760077354924672,2.2630993226007257,7.811355472694838,0.11333414619439362,0.1848604527250875,0.4042882780893265,0,1,95.98219228876724
C002,MockCompany_002,Retail,2022Q2,823.5682468045111,128.23973159162594,93.33840408451624,2257.8423083008543,616.9777622215357,1640.8645460793186,1693.3817312256406,748.2578048220014,16.62432439490486,16.417090738231785,1569.5019124158143,-0.0081119323666906,0.1848604527250875,0.0850046768989619,2.156273648407728,1230.543078264419,2.4309005797451344,104.34632509404916,0.4042882780893265,0.0680165413882041,2022Q2,0.15571233117479608,0.11333414619439362,0.05688367410185205,0.041339647034392316,0.3760077354924672,2.2630993226007257,0.020185727727347363,7.811355472694838,1.9057338824118828,-0.04164516252580208,0.6564860985957253,-0.00811193236669061,0.01101323965693457,0.06416664933899259,0.1358003949585011,0.036056409440863704,0.312451039424845,0.043894979265025676,0.013089925267922724,0.02355614307842204,0.023339032115757528,0.043855344595532475,0.1769602240009704,0.05302322054873666,-0.061830890253149445,0.317458694459179,0.13425289637634136,-0.14236482874303197,1.9746739033328273,0.906607425273593,0.08319353547191866,0.15538156874710027,0.0977499624212015,0.31726853389481097,2.6656344215601044,13.001075430288829,0.11854950279410806,0.2251126569166043,0.1115648760036546,1,0,100.0
C002,MockCompany_002,Retail,2022Q3,892.0838009585881,138.61338044697675,105.75609105443722,2608.9434509099283,628.3727595295894,1980.5706913803388,1956.7075881824464,734.0494901902516,87.20115802036233,10.661685733400615,1781.0717272773247,0.1348006097908202,0.2251126569166043,-0.1611619880605643,2.1414429030686377,1214.10311613675,2.3848413830694937,102.70397860890164,0.1115648760036546,0.0,2022Q3,0.15538156874710027,0.11854950279410806,0.05339677675462227,0.040535984410667025,0.31726853389481097,2.6656344215601044,0.0977499624212015,13.001075430288829,1.996529614551322,0.08319353547191866,0.08089262763263783,0.1348006097908203,0.0083336378336894,0.059613073860832685,0.1316579973513966,0.03113465789665484,0.32113121673060996,0.03919154544112592,0.02682029933239811,0.04896775816323811,0.05869933601263776,0.06401399323718665,0.20827133251224428,0.017207787430991318,-0.014556426949282844,0.26797085138414267,0.33632506664022044,-0.20152445684940024,1.9484304349893709,0.6046483843044016,0.08276358173841492,0.10829018071381886,0.06853967525970693,0.2976398861382014,2.6625372653774293,10.035826990725653,0.07000158569226246,0.217846379410022,0.3637280267259812,0,0,100.0
C002,MockCompany_002,Retail,2022Q4,965.91585153674,104.5992021173641,67.61564125293377,2865.4635141491503,657.2518640922756,2208.2116500568745,2149.097635611862,807.1615235419262,66.20355879259999,10.422579245735394,2434.8012541142684,0.3670427848721635,0.217846379410022,0.4867686013568004,1.9943563084998075,1219.803902441569,2.0936351425253634,104.27767721042066,0.3637280267259812,0.0495194273832449,2022Q4,0.10829018071381886,0.07000158569226246,0.030620090810209086,0.02359675526107247,0.2976398861382014,2.6625372653774293,0.06853967525970693,10.035826990725653,2.520717772917858,0.08276358173841492,-0.2453888522156341,0.3670427848721636,0.021666497137442953,0.07081611102397845,0.1273677403777499,0.03337666937314564,0.32459512489152725,0.03519935611744115,0.0440176797945703,0.04836747518431721,0.14484239809571206,0.15955565586305284,0.2087974054316106,0.0175412482782479,0.014223906478707984,0.2654084090806551,0.2595934377119407,0.10744934716022281,1.7967381785912804,0.8612067216953663,-0.015112946216238599,0.16525885305668428,0.0757899264623313,0.2942252519648915,1.9387228611416238,26.163087029953363,0.11315919250476589,0.3091089783851127,0.2420779650072814,0,0,100.0
C002,MockCompany_002,Retail,2023Q1,951.318017223053,157.213724418606,107.6503786443088,2889.8372074423714,656.9668449960128,2232.8703624463587,2167.3779055817786,1117.941067813876,72.1003225677018,6.008989849418513,2066.946232414852,-0.151082155505639,0.3091089783851127,0.2766749999198951,1.9808638085916896,1213.959650958283,1.9374262476996875,102.60968216586102,0.2420779650072814,0.0,2023Q1,0.16525885305668428,0.11315919250476589,0.04821165637503361,0.03725136432150332,0.2942252519648915,1.9387228611416238,0.0757899264623313,26.163087029953363,2.172718475832302,-0.015112946216238599,0.5030107423019012,-0.15108215550563875,0.027299752117073223,0.06519864428296418,0.14616073342309988,0.025659135863129904,0.3212853518725928,0.037868329566707735,0.06556632296764678,0.03270345529710642,0.08566232669766355,0.2209306788901692,0.2342321168592066,0.05290167783331735,-0.0909028726785699,0.2456019242848596,0.225935833302777,-0.37701798880841597,1.7355894149894668,0.7967888676772538,-0.0005147010594247492,0.1582411771182323,0.08485957775077019,0.31249548987422027,2.5636558867211265,22.55726134475644,0.11297085884407923,0.122388038427887,0.5503676504480349,1,0,100.0
C002,MockCompany_002,Retail,2023Q2,950.8283728317384,150.46020095446596,107.41589789223283,2909.7836712280346,692.7980178094663,2216.9856534185683,2182.337753421026,851.2600168853535,80.68689423203807,6.67014486520918,2388.4373337543257,0.1555391699588963,0.122388038427887,-0.1674852044430262,1.6522075821489548,1198.4172541869036,2.343201483884152,101.96721796437284,0.5503676504480349,0.0302164003326234,2023Q2,0.1582411771182323,0.11297085884407923,0.048451327470951475,0.036915423972690896,0.31249548987422027,2.5636558867211265,0.08485957775077019,22.55726134475644,2.511954209610528,-0.0005147010594247492,-0.04295759475907934,0.15553916995889594,0.037582367483667556,0.05275700106555981,0.14679294490895892,0.026001789005998067,0.30540729046803106,0.011199735436755879,0.08173478547350248,0.012592358816084935,0.12657510227906027,0.21277909935157677,0.2186140132849065,0.07635792597255148,-0.08537427881019494,0.26304583571238505,0.24258605380957773,-0.08704688385068143,1.7579183493676585,0.9358015245883069,0.04037535440918494,0.19672850054413576,0.06410712872833005,0.26521419505166366,2.2618815527905003,16.965021698439806,0.1791948518534915,0.0650825479012718,0.3871498851663414,1,0,100.0
C002,MockCompany_002,Retail,2023Q3,989.2184053671284,194.60745359873297,177.26284560068885,3095.8508732259097,648.9522489979158,2446.898624227994,2321.888154919432,1026.529506840285,63.41595165336798,11.471099597807475,2386.3387256428223,-0.0008786532021774,0.0650825479012718,-0.206249837970226,1.9231050875383424,1188.019692756652,2.13785657099918,100.94707685198745,0.3871498851663414,0.0305193343637561,2023Q3,0.19672850054413576,0.1791948518534915,0.07244388625072015,0.057258199073368744,0.26521419505166366,2.2618815527905003,0.06410712872833005,16.965021698439806,2.4123476804445105,0.04037535440918494,0.2934148190964292,-0.000878653202177393,0.026877822217984126,0.04404155786537614,0.1571296778582178,0.036609116166336234,0.2923937057572442,0.019779488508558225,0.07332407705028463,0.009073603227624225,0.09265528653081086,0.2216599652421616,0.17860648603107337,0.10742263591754236,-0.02373177431914511,0.21303900413612994,0.3012109836816508,-0.30208963688382817,1.7777424883151285,0.6652714372037432,0.06280639528800247,0.16515667874922285,0.09310602437454735,0.22977204301108273,2.2081924871059426,13.448152671320495,0.11293273508491318,0.1943455694678343,0.3576713087828242,0,0,100.0
C002,MockCompany_002,Retail,2023Q4,1051.3476475607838,173.63708568211268,118.7315653642416,3510.257119494864,655.8605348239278,2854.396584670936,2632.692839621148,1192.238835605019,97.88679970001046,12.911593875563494,2401.796439809297,0.0064775859354631,0.1943455694678343,0.0858409372018407,1.7418292760117795,1180.5450848428472,1.907002403571629,99.18937769965436,0.3576713087828242,0.0158616180642571,2023Q4,0.16515667874922285,0.11293273508491318,0.04159602978851229,0.03382417906221456,0.22977204301108273,2.2081924871059426,0.09310602437454735,13.448152671320495,2.2844930935826846,0.06280639528800247,-0.10775726997517643,0.006477585935463104,0.021888525605381015,0.035995594084766915,0.1713463023670688,0.017237253954973025,0.27542674497546454,0.03612996771288903,0.07946566432899473,0.012443865809241447,0.0025139867966357645,0.12521408565104125,0.17273128354552647,0.10518039364265558,-0.030299629086544877,0.19182365551794872,0.32106909841177267,-0.31459151247630956,1.631254613307047,0.7438405337686071,0.05488530928453983,0.1485424453477677,0.060325782192550324,0.226134055936495,2.730620907197183,16.16500550829891,0.10861858576991686,0.04,0.3059331619771805,0,0,100.0
C002,MockCompany_002,Retail,2024Q1,1109.0511883627307,164.74117553539628,120.4635716265141,3643.2764374723142,671.9239823042443,2971.3524551680703,2486.4353539366325,910.5750810668468,66.90438042961952,10.191222974508436,2727.6293334279544,0.1356621602972016,0.04,-0.2416051589623126,1.8229736129126368,1182.384864731834,1.8295553800765416,98.62849952202149,0.3059331619771805,0.0081966744643285,2024Q1,0.1485424453477677,0.10861858576991686,0.04054166358385098,0.033064625672505385,0.226134055936495,2.730620907197183,0.060325782192550324,16.16500550829891,2.4594260049008536,0.05488530928453983,-0.051232777328471535,0.13566216029720168,0.03938808948057562,0.028176753145462235,0.16716720043983968,0.020852402386793426,0.2584039459683654,0.040138951507315376,0.07559962826154948,0.01589117667836081,0.07420006574734592,0.08289910986929684,0.10545403894924826,0.06856275237689398,-0.005440472908010495,0.19254355029127915,0.26375353682485786,-0.12809137652765626,1.6331006069657623,0.5384767122684597,0.03923633165854645,0.19835243498320262,0.09613017890454892,0.21276383419530775,2.266427278981406,15.733095630583406,0.13912353091167276,0.2412328322320648,0.5411670825411858,0,0,100.0
C002,MockCompany_002,Retail,2024Q2,1152.5662886156358,228.6143298266624,160.34909168210848,3642.123548923243,638.9637858852484,3003.1597630379947,2731.592661692433,1205.2416978134054,110.79640352406916,14.530791344490922,2475.076416672136,-0.0925906294014012,0.2412328322320648,-0.1119780015484222,1.8362880546804143,1191.452050824499,1.6755624054574136,97.70433713805365,0.5411670825411858,0.019310311589077,2024Q2,0.19835243498320262,0.13912353091167276,0.05339346033320786,0.04402626366957541,0.21276383419530775,2.266427278981406,0.09613017890454892,15.733095630583406,2.147448212842351,0.03923633165854645,0.38771821363835257,-0.09259062940140106,0.04932584766006842,0.011467961755575799,0.17719501490608222,0.02446143062872238,0.23347103204863728,0.022389954434550382,0.07841727854999417,0.01881124416617706,0.012167615907271542,0.09385764758928761,0.13516523740029274,0.09784452318839267,-0.056893847246002466,0.17056160960630606,0.333718945546298,-0.42630957494769917,1.5865832762955896,0.9529615243795567,-0.05681595262619055,0.16079457518322884,0.11824474599023763,0.21492905726533346,2.5750294163150333,32.03184899118727,0.14533046062751515,0.1647478062744206,0.3903370171517901,0,0,100.0
C002,MockCompany_002,Retail,2024Q3,1087.0821369631055,174.79691040241994,157.98614770493697,3520.380877517297,622.7788681941705,2897.602009323127,2451.055875895422,951.8554857522377,128.54175115584536,5.456972228436733,2671.303965058873,0.0792814100869559,0.1647478062744206,0.0357754120231682,1.791254117883741,1171.530157231227,1.986679131798762,98.0880720052252,0.3903370171517901,0.0195083516467846,2024Q3,0.16079457518322884,0.14533046062751515,0.05452306672778283,0.044877572399583586,0.21492905726533346,2.5750294163150333,0.11824474599023763,32.03184899118727,2.4573156656947965,-0.05681595262619055,-0.23540702573214622,0.07928141008695588,0.02502802090122455,0.055434572059455414,0.1682115335658555,0.02128920210796611,0.22089974760205472,0.008325820072204029,0.09195168286547105,0.02387687231977542,0.03220763172955487,0.0985823197939538,0.16008155199357993,0.08602500844913537,-0.17506069861642817,0.1803696308078223,0.22222336854727592,-0.14294195846032004,1.673735684558244,0.735454454234033,-0.0245653893825718,0.057516058203301565,0.046983157340725154,0.23558997957847067,2.349093421939321,8.297530563145306,0.03011448703285169,0.0804475504144554,0.6579027472918837,0,1,86.02726504949082
C003,MockCompany_003,Retail,2021Q1,192.05978406386387,41.23193788067615,34.67458359748121,543.788588324033,268.9050368067112,274.88355151732173,381.6042165602354,202.56479524463987,38.333611568576494,3.9137437565914017,545.0924719441318,-0.0096731635869508,0.0875656111386967,0.1239023161368141,2.147826001036484,1197.9099271943403,2.800183141667928,99.1170074417744,0.2715921955745479,0.0,2021Q1,0.21468282952328527,0.18054057368809,0.1261428099497254,0.06376482394432952,0.9782507367989531,1.88386247520199,0.1995920788686828,10.535165415645691,2.838139564709909,0.029321658588051358,0.016305366076255545,0.03901112242922311,0.028748223617539495,0.04103992952872891,0.14908296294256101,0.02851283501543619,0.6270378788260513,0.06156726049581937,0.09118377837234426,0.043601873648594996,0.043950407107197303,0.10004747440174336,0.2019274246561828,0.07374245419873522,-0.1995920788686828,0.7682371006397153,0.41427490839196807,-0.4239480719789189,2.0911761781048464,1.1273949073529599,0.08832438165961642,0.21573109208029295,0.12261708528197802,0.8131717610523855,2.2657395492101164,6.19029512581562,0.1604139527309591,0.1784900246113926,0.5747561660445097,1,0,100.0
C003,MockCompany_003,Retail,2021Q2,209.0233457329841,45.09283464546903,33.53026110223824,603.5811213408192,270.69422429931626,332.88689704150295,452.6858410056144,199.79606268565348,25.629833409788304,7.284440195949042,602.0549320725227,0.1045005445135354,0.1784900246113926,0.2342756208744846,2.160142108505813,1214.7202514511562,2.432038123993253,99.79206438752004,0.5747561660445097,0.0235289876712674,2021Q2,0.21573109208029295,0.1604139527309591,0.10072568611181204,0.055552203202938535,0.8131717610523855,2.2657395492101164,0.12261708528197802,6.19029512581562,2.8803238698453075,0.08832438165961642,0.09363849877651131,0.10450054451353541,0.028748223617539495,0.04103992952872891,0.2152069608017891,0.0007412335625240834,0.8957112489256693,0.11672846318172757,0.1611045820753304,0.05442953994694995,0.047413690463292295,0.08073300323106725,0.13302781787504464,0.06429326934195276,-0.0342927036223616,0.6377453289916993,0.4266725590218874,-0.322172014508352,1.9716791568100196,1.3909915196476017,-0.06605487768705287,0.17456914364872453,0.12513510441412315,0.9675936466027197,2.048203086101631,10.828001410630197,0.16106161773853703,0.1387415729951586,0.4337823438911334,0,1,100.0
C003,MockCompany_003,Retail,2021Q3,195.21633419685327,34.07874828716246,31.441858594893137,553.1763267717197,272.0327442409082,281.1435825308115,414.88224507878977,202.55913482993125,24.428416363190728,3.1472796302813792,607.1814822399364,0.0085150870698226,0.1387415729951586,-0.2246634405059242,2.1453571245014333,1225.4118697938784,2.470289671659695,102.3841455625884,0.4337823438911334,0.0294615971067299,2021Q3,0.17456914364872453,0.16106161773853703,0.11183559059661438,0.05683876383200952,0.9675936466027197,2.048203086101631,0.12513510441412315,10.828001410630197,3.110300604377466,-0.06605487768705287,-0.24425358141491949,0.008515087069822735,0.011134751986281777,0.10916262115858656,0.20166102175076758,0.023468108315735123,0.9196720481513528,0.09238574975062173,0.14911475618826134,0.043732770136649314,0.034447489332135726,0.061345546054090795,0.13493240291508266,0.045581735090523386,-0.19118998210117602,0.7986816523153363,0.2336493703757948,-0.2251342833059722,1.9830999395945583,1.3712055692016283,0.04508166883700082,0.1961296697880382,0.12562887501774622,0.8327996525128782,2.3914729632325122,10.357706496691579,0.15880648399537511,0.3337125876219773,0.465097586069184,1,0,100.0
C003,MockCompany_003,Retail,2021Q4,204.0170123266891,40.01378925897178,32.399224403001405,577.8220455214142,262.55461041013365,315.2674351112806,401.8531413769094,168.03582877698105,25.630427743209243,3.863190105009746,594.1469293077151,-0.0214673097146108,0.3337125876219773,0.0781603041299379,2.2848085467485646,1229.2877229667329,2.5613406513192727,101.43986360420767,0.465097586069184,0.0064959770218442,2021Q4,0.1961296697880382,0.15880648399537511,0.10276743105884888,0.056071284669848426,0.8327996525128782,2.3914729632325122,0.12562887501774622,10.357706496691579,2.9122420847600945,0.04508166883700082,0.1741566597985953,-0.02146730971461086,0.022450390936521458,0.0796389978820872,0.20027818376008524,0.019360192033653703,0.8979539492417341,0.08704474588192128,0.14324328589563257,0.037589006940933666,0.0204687895704491,0.05736259119460372,0.1846274490918063,0.1061297327516433,-0.0805472061807454,0.6694629316659345,0.36684021364278524,-0.38830752335739604,2.064938536213763,1.4682731053570959,0.037150437297477135,0.21323885071661422,0.14690473604078275,0.6970431837913245,2.406399522211521,9.55690244070794,0.20117255631822772,0.2912853363923934,0.4274446358152176,0,0,100.0
C003,MockCompany_003,Retail,2022Q1,211.5963335507504,45.120558982424605,42.56737532817,576.9866751694024,236.99139356456251,339.9952816048398,432.74000637705177,179.82882824750155,31.08450352761731,4.721253486974524,640.3597714700527,0.0777801582113426,0.2912853363923934,0.4766216859825485,2.160330530738734,1239.3915911483884,2.397846956694166,103.16845979391468,0.4274446358152176,0.0257070825853576,2022Q1,0.21323885071661422,0.20117255631822772,0.12519990020778823,0.07377531780192066,0.6970431837913245,2.406399522211521,0.14690473604078275,9.55690244070794,3.026327350390687,0.037150437297477135,0.12762524664688701,0.07778015821134265,0.026125402526760377,0.06543905176978769,0.19991718905841746,0.019012407408813346,0.827652060989827,0.11087305499484622,0.13007145018865754,0.011299425538440044,0.04233212002002245,0.05869535861161489,0.2355573804052305,0.09196019690430257,-0.10975429874330561,0.5484064963798128,0.3972940240548741,-0.3195138658435315,1.9671795979460311,1.2671364685874238,0.14897176938706402,0.26598471436314053,0.2938500285373,0.5663464765561512,2.268311034614645,17.331916750441064,0.23634917136150618,0.0741293879072163,0.2665712061726312,1,0,100.0
C003,MockCompany_003,Retail,2022Q2,243.11821375562104,64.66572864253179,57.46078836426691,679.7829452948434,245.79023967783183,433.9927056170116,509.83720897113255,224.76512311966889,71.4402940503205,3.7310200340971664,749.4545133279984,0.1703647648063533,0.0741293879072163,0.0805329370348629,2.155873906979631,1234.9766940213597,2.2654731212555554,102.15765490453332,0.2665712061726312,0.0030039760589994,2022Q2,0.26598471436314053,0.23634917136150618,0.13240035516827858,0.08452814058060815,0.5663464765561512,2.268311034614645,0.2938500285373,17.331916750441064,3.082675303291989,0.14897176938706402,0.43317658515091617,0.17036476480635332,0.04128724945862228,0.0878441781900445,0.21248059462912935,0.03902092019846217,0.7659457398657684,0.17293423805496647,0.17287968600248804,0.08128285183699918,0.05879817509322692,0.08520241901088677,0.20946722122918643,0.12308474246814329,-0.144878259150236,0.41570697075879226,0.7088065122875046,-0.5384417474811513,1.917964468088723,0.7564075648386397,0.1130311316447139,0.2039256816120203,0.21139557585834695,0.440560699159028,2.0895358579370478,8.232000738730273,0.18370563729249975,0.2367212630684377,0.3195629022806678,0,0,100.0
C003,MockCompany_003,Retail,2022Q3,270.59814057986034,55.18191026089723,49.71040386557239,764.6488900556061,233.8493961491341,530.799493906472,534.5356932007408,255.8155157607041,57.20324975428889,6.703341265877564,877.6868897977519,0.1711009463407322,0.2367212630684377,0.0709384257453058,2.303411124681854,1252.5733540295273,2.428641110628038,103.17333988006416,0.3195629022806678,0.0079393200652928,2022Q3,0.2039256816120203,0.18370563729249975,0.09365194284499039,0.06501075789424396,0.440560699159028,2.0895358579370478,0.21139557585834695,8.232000738730273,3.2435067288848605,0.1130311316447139,-0.14665911265085296,0.17110094634073225,0.08605875179156397,0.05402685015197525,0.21981972911995332,0.03156133436341222,0.6341875030048455,0.16881090661495785,0.194444803863544,0.0756404157294286,0.09944463991095433,0.09174845992514029,0.23396214374750618,0.11371048331484326,-0.09836444421363305,0.35071905829155503,0.5283523891150812,-0.357251442774349,2.0319902885673202,0.9070032236406604,0.06609721984056138,0.14096905739333865,0.12621230582639195,0.39078064682110064,1.8385435420636191,10.763035923971724,0.1293444013243565,0.3048166503117177,0.1633691181708695,0,0,100.0
C003,MockCompany_003,Retail,2022Q4,288.4839253662145,40.66730703214648,37.3137806183227,846.3686948417193,237.81212858817773,608.5565662535415,537.911703307943,292.57490562466705,36.41022141444491,3.7784234214816768,1067.7373615452912,0.216535616467204,0.3048166503117177,0.0427303016307283,2.071662887330422,1216.3548267810113,1.950066549684206,103.13686973211507,0.1633691181708695,0.0270223350747275,2022Q4,0.14096905739333865,0.1293444013243565,0.06131522143944041,0.044086910167745186,0.39078064682110064,1.8385435420636191,0.12621230582639195,10.763035923971724,3.7012022773406037,0.06609721984056138,-0.2630319095538095,0.2165356164672041,0.09131263954245411,0.049550074659889594,0.20602957602127842,0.051263663905494306,0.5236827515819011,0.1371693332264398,0.1945906615657054,0.07546384145793557,0.15894537145640802,0.058259730823184204,0.22673815941994127,0.10591142257586447,-0.06011508598583057,0.33569266739117093,0.333278583060292,-0.116742966593088,1.772511750989423,0.8038784358737582,0.021336099773369144,0.18152150736070588,0.10259214889627911,0.349435513606043,2.46891248387811,10.30718338286184,0.12701083667984153,0.0474859223667085,0.3543664919865003,0,0,100.0
C003,MockCompany_003,Retail,2023Q1,294.63904718084126,53.48332397176996,37.42235190111696,879.8275286757413,227.830808710766,651.9967199649753,584.7833436560276,236.8586766327961,30.227652999137263,5.188936877788708,997.2170872174228,-0.066046461300003,0.0474859223667085,-0.4423450268556268,2.002784959727947,1213.579542987581,1.967664490996852,102.4677489306709,0.3543664919865003,0.0357729319508174,2023Q1,0.18152150736070588,0.12701083667984153,0.05739653399340699,0.042533736080524895,0.349435513606043,2.46891248387811,0.10259214889627911,10.30718338286184,3.384538121323662,0.021336099773369144,0.3151429950720057,-0.06604646130000302,0.08735905516142711,0.05557660882241388,0.19810024018230132,0.05222088991803894,0.4367808340355807,0.09406870773859155,0.1835125147795795,0.08714595343086527,0.12298871657857162,0.12786007658468712,0.16578830591352003,0.12484280270242314,-0.08125604912290997,0.28600545245091163,0.3054497560303541,-0.3714962173303571,1.7537311706499539,0.6878578668041204,0.12460589693407842,0.164031493520005,0.139954451670514,0.3335095072374629,2.0254834426438535,9.470661910137117,0.10883282897626959,0.2093543863120717,0.4048211708964251,0,0,100.0
C003,MockCompany_003,Retail,2023Q2,331.3528099266122,54.352296294476574,36.06206369365818,989.6458735130266,247.50952717165535,742.1363463413712,742.23440513477,366.4480239660264,46.374300822903024,5.739017694933109,1306.6215558852334,0.3102679172206677,0.2093543863120717,0.1413582275387697,1.8799610207422768,1219.5094782292374,1.5792140670816008,101.9360576467466,0.4048211708964251,0.1144713419841883,2023Q2,0.164031493520005,0.10883282897626959,0.04859223493282675,0.03643936145119193,0.3335095072374629,2.0254834426438535,0.139954451670514,9.470661910137117,3.943294025998089,0.12460589693407842,0.01624753770287879,0.3102679172206677,0.08126758704818071,0.047290080275137925,0.17261193497151744,0.026675999736056374,0.37857159170590865,0.04785816883710699,0.14503862056288302,0.046851635947643466,0.15796450468215023,0.16018778936644104,0.19959455551473393,0.1090601855591626,-0.015348554736435593,0.27880344466218093,0.42859184212459744,-0.11832392490392973,1.5765641242071284,0.8929790018706778,0.022046477698839162,0.23530486788723914,0.1931172150739247,0.3309982474845206,2.276111416052639,25.642191020980068,0.20644456874317413,0.2235367585495073,0.4746547786501961,0,0,100.0
C003,MockCompany_003,Retail,2023Q3,338.657972261107,79.68786942209537,69.9140990350885,1031.353480998485,256.4813254961552,774.8721555023301,565.3866667661941,248.40025966059412,65.40068446584054,3.1076856627132106,1330.7709245800324,0.0184822977900726,0.2235367585495073,-0.1669077369165447,1.878902222160601,1184.8429469399405,2.064949415099952,100.5524221688756,0.4746547786501961,0.0014456208407273,2023Q3,0.23530486788723914,0.20644456874317413,0.09022662453224264,0.067788687703206,0.3309982474845206,2.276111416052639,0.1931172150739247,25.642191020980068,3.929542587440026,0.022046477698839162,0.46613620499771735,0.01848229779007271,0.05852142356171203,0.04877745480275711,0.18045673154032216,0.04016016542894254,0.3511809787872818,0.02763333679129388,0.14046903036677744,0.038340615925947875,0.11980984254448535,0.17362794567215595,0.19629842938500133,0.10775551200924645,-0.17107073737508555,0.2531127485892678,0.450468560660003,-0.4319862628699304,1.7358009571231758,0.9513042857889712,-0.0038606606372776353,0.2288537140019996,0.20773298941619797,0.33020232841090474,2.102472634770731,14.800148286298281,0.18622775396449281,0.1230605508522874,0.393337500075306,0,0,100.0
C003,MockCompany_003,Retail,2023Q4,337.3505287580983,77.20392142705802,62.82403126954091,1037.3041436518774,257.4948458507388,779.8092978011387,720.80446951077,342.83655234697943,70.07883382026255,5.216428911305701,1191.293643726858,-0.1048093840021272,0.1230605508522874,-0.2366476800711011,1.7295439816258162,1175.4368136802118,1.869506076927737,100.21929796092664,0.393337500075306,0.0661236844661611,2023Q4,0.2288537140019996,0.18622775396449281,0.08056332676028348,0.06056471638906736,0.33020232841090474,2.102472634770731,0.20773298941619797,14.800148286298281,3.5313228887142483,-0.0038606606372776353,-0.031170967589561616,-0.10480938400212725,0.04103195344225227,0.05700387639046531,0.20242789569248743,0.03507411175825693,0.3360363991847328,0.009043244339230509,0.16084920126422894,0.04854478694253218,0.03947359242715254,0.18772520681108185,0.15085940452014376,0.0819807167597375,-0.2115936500534756,0.2546342991819612,0.43272604278092,-0.5375354267830472,1.6122985645978072,0.7710323501095546,0.0186475424691388,0.18921021833724397,0.06017710606128162,0.3144982978779724,1.725557731424049,19.559577441253463,0.1665474446173001,0.343880366856292,0.6590447255786117,0,0,100.0
C003,MockCompany_003,Retail,2024Q1,343.6412870701013,65.02044295641461,57.23257822669196,1045.9832915896486,250.255147036026,795.7281445536227,775.5611791295136,449.45536449119066,20.67933817911299,3.324225338310184,1212.1777860958075,0.0175306419864841,0.343880366856292,-0.14941613662841,1.716451692731879,1143.4915145343068,1.5979036967982878,98.48440305951642,0.6590447255786117,0.0293642137692975,2024Q1,0.18921021833724397,0.1665474446173001,0.07192478815579112,0.05471653198174627,0.3144982978779724,1.725557731424049,0.06017710606128162,19.559577441253463,3.5274509545327164,0.0186475424691388,-0.15780906261548278,0.01753064198648402,0.04035981411619469,0.057328451018061985,0.20435007343662193,0.03373144329039781,0.3273020952527152,0.008651436960693372,0.1502454405554796,0.06673583908506507,0.060367868248774305,0.17637364514368367,0.22495801564253964,0.09086824191999993,-0.04152956359214282,0.2549920062697897,0.26803486686766437,-0.2505042248811803,1.5030718406958503,1.2579170987046933,0.06638565184467415,0.22294919339385602,0.18119416021440238,0.28631013514561915,1.6392686419128437,32.284040066595246,0.20068624474275626,0.171102340748612,0.6323262320306073,1,0,100.0
C003,MockCompany_003,Retail,2024Q2,366.4541379129928,81.70065446376556,73.54230480840332,1170.951836307744,260.63339574372094,910.3184405640228,878.2138772308078,535.7351777341332,66.39934977641872,2.5306824753949657,1383.0619003560644,0.140972814565957,0.171102340748612,0.0078010246106518,1.6769750204723437,1168.3235274274614,1.6906178333239938,97.77290318307098,0.6323262320306073,0.0307570050894905,2024Q2,0.22294919339385602,0.20068624474275626,0.08078744923892409,0.06280557622270337,0.28631013514561915,1.6392686419128437,0.18119416021440238,32.284040066595246,3.774174602663842,0.06638565184467415,0.25653795558624926,0.14097281456595723,0.02580475284384362,0.029394990577391707,0.2190794984050847,0.020542203196059847,0.31550225222975425,0.02089183040378738,0.16055536769145168,0.0677932077749755,0.01804409258509663,0.10034092394221826,0.2153950042516747,0.09497766034081458,-0.11480850836972822,0.22247752145441746,0.4705290054529325,-0.3295561908869755,1.5291545570569567,1.0259060942336369,0.06895019014255777,0.2442895840352375,0.12197404898716775,0.27449477582228865,2.325960408507808,16.36974480285574,0.18662930779012532,0.3128427789450968,0.2966452526643447,1,0,100.0
C003,MockCompany_003,Retail,2024Q3,391.7212204006207,95.69341398968751,73.10666021025759,1222.9704991208498,263.3977159907428,959.572783130107,917.2278743406372,394.3437175384889,47.77982332658042,5.845748673896481,1563.297470627651,0.1303163439215451,0.3128427789450968,0.1179505096118185,1.8752867259071369,1162.2493459424816,1.8835971526417463,97.73440585842508,0.2966452526643447,0.0433960314233256,2024Q3,0.2442895840352375,0.18662930779012532,0.07618667546166634,0.05977794252825526,0.27449477582228865,2.325960408507808,0.12197404898716775,16.36974480285574,3.9908419284123697,0.06895019014255777,0.1712686344774359,0.13031634392154512,0.03753068095477327,0.036007457470713836,0.22132567744208426,0.02322391625047204,0.3013763843141962,0.025512953623364178,0.14276957616976244,0.06570302831441148,0.04600260411796475,0.11501167474152786,0.23772150935057207,0.10723518887842547,-0.053023858844609986,0.207438561216816,0.435213823164963,-0.3048974792434179,1.6642841612748536,0.8169265928262576,0.06912241689094856,0.22021734709552201,0.10255473657919006,0.29538460454333093,2.2114772931243913,29.56849798546059,0.19314799372650027,0.2080400821488078,0.1452887521697651,0,0,100.0
C004,MockCompany_004,Bio,2021Q1,123.00348214554056,7.898776711776369,0.82570074583048,361.1557305453189,119.89037713029192,241.26535341502705,270.8667979089892,147.21382346210223,4.765895318560051,2.6794155178411585,396.55703598541766,0.0305919899677466,0.1757904192423642,-0.1099903431924498,1.9200230217064496,1187.500948408545,2.71570188231038,99.67013050223622,0.4805833414129589,0.1069818627668557,2021Q1,0.06421587888354362,0.0067128241527892605,0.0034223759613203936,0.0022862734161283992,0.4969233063628427,1.839954914131277,0.03874601950603469,2.947947661060265,3.2239496725221017,0.029321658588051358,0.016305366076255545,0.03901112242922311,0.028748223617539495,0.04103992952872891,0.14908296294256101,0.02851283501543619,0.6270378788260513,0.06156726049581937,0.09118377837234426,0.043601873648594996,0.043950407107197303,0.10004747440174336,0.2019274246561828,0.07374245419873522,-0.03874601950603469,0.46501293950703637,0.10296189838957831,-0.0723699084218317,1.9787540009284537,1.1213867001623594,0.09528462319132047,0.05292366228074536,-0.00490497449341237,0.4385201432295418,2.191770511450082,5.096774260644083,-0.004839695963753223,0.2604998530903845,0.3147780369632782,0,0,75.44787334259144
C004,MockCompany_004,Bio,2021Q2,134.72382259299872,7.130078088135839,-0.6520223404295807,391.2782908606733,119.2777264599569,272.0005644007164,293.458718145505,133.89116999715452,-0.6608169134785769,1.3989393523067335,442.88067486411967,0.1168145680824724,0.2604998530903845,0.1355957496934639,2.240904189945191,1227.2295088459362,2.522659220354198,101.12770468678772,0.3147780369632782,0.1060576197796561,2021Q2,0.05292366228074536,-0.004839695963753223,-0.0023971359833894015,-0.001666390279393464,0.4385201432295418,2.191770511450082,-0.00490497449341237,5.096774260644083,3.287322660067158,0.09528462319132047,-0.09731869271535032,0.11681456808247237,0.028748223617539495,0.04103992952872891,0.05856977058214449,0.007984802934465967,0.46772172479619223,0.041297272694301224,0.01692052250631116,0.030865913862542314,0.0737032790251095,0.06096856967630942,0.21814513616637432,0.05989861510440842,0.10018959768473285,0.41531205126595744,0.14330331097865345,-0.026488742896181056,2.035416046258567,1.090779539004353,0.05996118743443679,0.03909766636126493,-0.023607207017679138,0.41328587319410964,1.6640338532133603,1.7429627697237233,0.020772147117479003,0.1996293622220523,0.528145158908168,0,0,56.50032719926719
C004,MockCompany_004,Bio,2021Q3,142.80202297138132,5.583225849887855,2.966304629855921,422.36246482627854,123.51106268829416,298.8514021379844,316.7718486197089,190.3638246339384,-3.3711569188523773,3.20329610312324,483.50543497953936,0.0917284551372304,0.1996293622220523,0.2934880279954507,2.139279443224328,1201.7817989892185,2.3503973402236853,100.80566651153384,0.528145158908168,0.0750693762063091,2021Q3,0.03909766636126493,0.020772147117479003,0.00992568416485597,0.007023125577858736,0.41328587319410964,1.6640338532133603,-0.023607207017679138,1.7429627697237233,3.385844436342838,0.05996118743443679,-0.21694744701630742,0.09172845513723038,0.07762290531287863,0.024977440958499818,0.05207906917518464,0.01258038764164523,0.44957644092883137,0.04290088980283577,0.0034112793316477285,0.03199767605219968,0.07971167106248313,0.04434958363741223,0.21197321151826698,0.04368294870196811,0.08356839445211593,0.3971273600121423,0.07545164677802259,0.016276808359207806,1.9319214139035703,1.2084702755944785,0.10665933734959854,0.029160436945842683,0.010183032457242388,0.36601395428153755,2.000441324148353,2.510945287150515,-0.029566246878572556,0.1235499866078881,0.313736670668241,1,0,66.72640336728924
C004,MockCompany_004,Bio,2021Q4,158.033192113691,4.6083169340106895,-4.672448373071839,483.9750798284675,129.67776221237418,354.2973176160933,357.4130800468198,178.66711496623412,1.60925712462552,1.835291654932625,602.7375788849914,0.2465993870585913,0.1235499866078881,0.1956878476254744,2.1929808853000545,1235.2734178188252,2.3769034585071904,102.26681197428552,0.313736670668241,0.0648982853890287,2021Q4,0.029160436945842683,-0.029566246878572556,-0.013187930420973682,-0.009654316033623496,0.36601395428153755,2.000441324148353,0.010183032457242388,2.510945287150515,3.8139935719805034,0.10665933734959854,-0.17461391354905464,0.2465993870585914,0.08730171599178527,0.024351065826612672,0.04634941111784915,0.015389174592073847,0.42868581926700794,0.05452213487125965,0.0051042176130463935,0.026344480925983505,0.12143360006151017,0.09096226955982334,0.18986740529067225,0.05680492948756337,0.09647630489235615,0.3553408274464122,0.14600280675268362,0.10059658030590768,1.9700415456781832,0.8891037896148976,0.06425798998966115,0.06307345118584073,0.03145869199507249,0.3123779457338699,2.029930408603051,7.997980286330121,0.03759637848961152,0.3156100765541227,0.3204671451944135,0,0,85.14954158109222
C004,MockCompany_004,Bio,2022Q1,168.18808739056675,10.6082031201319,6.323262991017202,541.0258180409795,128.77733443961088,412.2484836013687,405.7693635307346,199.8932386100592,5.2909772384916325,1.3263602475071243,673.4345496402083,0.1172931193140464,0.3156100765541227,0.0217135468047027,2.258665221126297,1263.359388288423,2.1825084587257937,103.90708039201547,0.3204671451944135,0.0421345759233018,2022Q1,0.06307345118584073,0.03759637848961152,0.015338474833824398,0.011687543884507495,0.3123779457338699,2.029930408603051,0.03145869199507249,7.997980286330121,4.004056173564499,0.06425798998966115,1.3019690859021313,0.11729311931404651,0.08154078449125424,0.02297976497435498,0.04606380419342343,0.014951439667448555,0.3825494791097647,0.05560248447982119,0.003282385735305842,0.023320993586332738,0.1431088823980851,0.07001922938101526,0.2248223196186119,0.08247438741781324,0.03279929799458866,0.29267519062209146,0.15879013317057436,-0.04149701385652796,1.9334186044347588,0.9615517103652164,0.12321337194440773,0.14700481419791148,0.19062974108994235,0.2798219829672434,2.2186211200585544,9.600937954159116,0.08826996563333737,0.2522595906624981,0.260586665051575,1,0,100.0
C004,MockCompany_004,Bio,2022Q2,188.9111087588392,27.770842443161605,16.675177077986664,610.642825116968,133.51176060678966,477.1310645101783,449.0020349150015,202.37886985450348,36.01207575190208,2.8925134779701778,662.3836536856664,-0.0164097549798208,0.2522595906624981,-0.063431608278491,2.2089809444222355,1215.7257474046537,2.17343112883052,103.15113806600368,0.260586665051575,0.0702126406680788,2022Q2,0.14700481419791148,0.08826996563333737,0.03494883967588741,0.027307578820344354,0.2798219829672434,2.2186211200585544,0.19062974108994235,9.600937954159116,3.5063245249793553,0.12321337194440773,1.6178648851905004,-0.01640975497982089,0.08852297167952605,0.031288530837613085,0.06958409217271495,0.05354079661224327,0.34287493904419014,0.05887516608619049,0.052166064631144524,0.09505287768194626,0.10980280163251183,0.10805199688276279,0.2227622540116403,0.08138184831667884,-0.06741636914553462,0.23868680435265266,0.46084792723226153,-0.4772576822120823,1.8985619498598605,0.7515330600667258,0.1359871928969314,0.06599191699164937,0.01620441831750593,0.24423853574637724,1.9166877700228127,4.208448294298325,0.00483410932739453,0.304285205424647,0.5731097434528793,0,0,75.68223042275483
C004,MockCompany_004,Bio,2022Q3,214.60060014600063,14.161904991259004,1.0374027628350797,711.0387147108677,139.57376302931974,571.464951681548,533.2790360331508,278.2294771072113,3.4774778959698223,3.3651132191019992,776.5604508216987,0.1723726068732588,0.304285205424647,0.27038545307919,2.232460375371038,1233.9897772552158,2.126349780087551,103.95020351109862,0.5731097434528793,0.0632081404078176,2022Q3,0.06599191699164937,0.00483410932739453,0.001815339260580521,0.0014589961718968617,0.24423853574637724,1.9166877700228127,0.01620441831750593,4.208448294298325,3.6186313099299707,0.1359871928969314,-0.49004409858130593,0.17237260687325895,0.1075294730451497,0.031246359178816033,0.07630765483031106,0.05000835626890348,0.30061310468225705,0.05172377073825968,0.06211897096494079,0.08614050266496907,0.1299638395665189,0.11103772754546891,0.248926214812289,0.08801830349751863,0.11978277457942546,0.22812076656924032,0.2181835282060867,-0.04581092133282788,1.8957804875870707,1.2252984900261923,0.11403654543939523,0.03603796918038569,0.017542898063701406,0.20582565743377754,2.1449782520295666,3.2628072237333248,-0.0006540314831588505,0.180488311185813,0.3658688972030783,0,0,72.97511007255574
C004,MockCompany_004,Bio,2022Q4,239.07291123587152,8.615702207019458,-0.1563612107193553,799.2998095431298,136.43465601506222,662.8651535280676,568.6813368936085,265.1221924294013,4.194031711620771,2.640579603075204,925.1329374118504,0.1913212119326232,0.180488311185813,-0.4574003152261173,1.9915671302368347,1222.4227594959973,2.152918575108764,102.79108325354906,0.3658688972030783,0.0634231643885911,2022Q4,0.03603796918038569,-0.0006540314831588505,-0.00023588690684205448,-0.00019562272985969292,0.20582565743377754,2.1449782520295666,0.017542898063701406,3.2628072237333248,3.8696685986947146,0.11403654543939523,-0.3916283005473322,0.1913212119326233,0.10937377506759888,0.031395243487987064,0.07802703788894681,0.04792170491486333,0.260566030470317,0.04589248955977142,0.06395893736655554,0.08472839205230151,0.1161442957850269,0.09378181746118375,0.2631607959567702,0.06163256743079217,0.09649364737569383,0.19840811873464642,0.16761741268348232,0.023703799249140872,1.8172968247197585,0.8412589744992316,0.060437753204078515,0.049985408330215045,0.02031948496427025,0.1848876113919915,2.1946541591420896,9.646562072872376,0.014776478110813231,0.281523495459341,0.3776086746907348,0,0,84.6388502050207
C004,MockCompany_004,Bio,2023Q1,253.5219408429257,12.672397733752248,3.7461614094911546,799.9787599006023,124.827165598243,675.1515943023593,549.495060907304,250.37888480794263,5.151435265090759,1.313669847182389,941.517884800569,0.0177109112929835,0.281523495459341,0.263747669740727,1.9305382500489736,1232.585033052787,2.0296079408990675,103.29619647814958,0.3776086746907348,0.094066439312171,2023Q1,0.049985408330215045,0.014776478110813231,0.005548622622089119,0.004682826091472646,0.1848876113919915,2.1946541591420896,0.02031948496427025,9.646562072872376,3.713753064789728,0.060437753204078515,0.4708490880090639,0.017710911292983633,0.10841871587120322,0.03322968332361784,0.07475502717504039,0.04969697650902539,0.2286934468848474,0.04202247020839874,0.061174135608854985,0.08632075191352981,0.09124874377976118,0.10582020161172508,0.25463915068307474,0.05382535972783506,0.04011826823980827,0.1756459286413647,0.13074264649856382,-0.11303173520558032,1.7558266767476503,0.8748963670312487,0.057419513839284786,0.10023580908191822,0.05288619261847726,0.17374416785974242,1.9447326805814174,12.616693385472614,0.046592861143409395,0.167060046585228,0.1776194004217558,0,0,97.37103034537753
C004,MockCompany_004,Bio,2023Q2,268.0790474337184,26.871120217528933,12.490569832583295,845.1949149039713,125.11047227371418,720.0844426302571,515.3615529593853,265.0038013468066,14.17768013961042,2.1298068665005974,1193.7637876124434,0.2679140852064692,0.167060046585228,0.0028741072455644,1.9111815102508567,1198.2014039607006,2.084811757897042,101.70780104526489,0.1776194004217558,0.0222967396693683,2023Q2,0.10023580908191822,0.046592861143409395,0.01734597929506929,0.014778330551110405,0.17374416785974242,1.9447326805814174,0.05288619261847726,12.616693385472614,4.453029056301553,0.057419513839284786,1.1204448267875269,0.2679140852064692,0.09197025134492248,0.039210816449216916,0.06306277589604209,0.027639175001354842,0.20217399310797218,0.031036722100344083,0.02673824849098871,0.017516007487539117,0.16232970382633366,0.10488727947836364,0.23333926466375726,0.06962088920345393,0.004533321220807525,0.15632878062105654,0.21054151553968026,0.05737256966678894,1.7580580650399746,0.5055415488488478,0.019253798586047033,0.0538843823910589,0.026955044394733795,0.1584976685723496,2.1883625195047522,10.810002846227663,0.03034954431638968,0.2490372304379679,0.5797668335901579,0,0,84.77413211966555
C004,MockCompany_004,Bio,2023Q3,273.24058741814656,14.723400297250851,8.292727316913737,891.5913576990704,121.98138619377951,769.6099715052909,668.6935182743027,305.5679816813195,7.365212164326236,1.362016319133425,1273.805543248708,0.067049910934516,0.2490372304379679,-0.011779505534024,1.801448961260336,1181.3558975004298,1.906872154809272,99.56172351930827,0.5797668335901579,0.0951877692746639,2023Q3,0.0538843823910589,0.03034954431638968,0.010775233720897743,0.00930104048821814,0.1584976685723496,2.1883625195047522,0.026955044394733795,10.810002846227663,4.661846013728229,0.019253798586047033,-0.45207344621061674,0.06704991093451595,0.06278690276720139,0.03897000727588775,0.060035892245894465,0.027873445699654557,0.18073877631446528,0.019917796546691787,0.02942590501029568,0.016130953546805497,0.13599902984164797,0.1143214556285092,0.21952727091708749,0.0547455312465692,-0.007701245808686762,0.1499571195909058,0.10009322537183973,-0.03304331443732374,1.6523191598744917,0.9787611836190316,-0.004047472539564723,0.016253775165097024,-0.006329896345470761,0.16682611385753984,2.028381283558619,2.8453760477878407,-0.004450839301662908,0.3825306301820849,0.6330138581607108,0,0,62.34754639186521
C004,MockCompany_004,Bio,2023Q4,272.1346536438771,4.423215474975383,-1.211227611787042,883.8939851864025,126.37409881355424,757.5198863728482,638.3031513446288,314.68597966096047,-1.7225841495826586,1.554527555529565,1159.4021935028284,-0.089812256158115,0.3825306301820849,0.1058120574517289,1.7415671522156408,1191.4567650450513,2.166563190256866,101.56459421383528,0.6330138581607108,0.0577730632970269,2023Q4,0.016253775165097024,-0.004450839301662908,-0.001598938369242074,-0.0013703313203678362,0.16682611385753984,2.028381283558619,-0.006329896345470761,2.8453760477878407,4.26039895314396,-0.004047472539564723,-0.699579215013173,-0.08981225615811494,0.0332658982724614,0.031146607222149226,0.0550898437420723,0.0345152469058951,0.17098889042040583,0.011167293470716743,0.023457706408002633,0.024327055481926305,0.06571566281896343,0.1498659089368913,0.2700378506661555,0.08912911919014493,0.0022824238059060385,0.1641145597112325,0.005876406280061541,-0.09568866243817654,1.7252826493788926,1.1819414718599341,-0.033178412497459564,-0.03005999817253499,-0.09737280892512426,0.17067437451842532,1.9657979398345784,-4.515012152719559,-0.046158446382954944,0.2447632296492933,0.4175671068304876,0,1,23.84435189143153
C004,MockCompany_004,Bio,2024Q1,263.10565785042724,-7.9089555941975185,-12.144548400987192,897.6283722041853,130.86658793495357,766.7617842692317,673.221279153139,342.4671811426482,-25.619336949086144,1.751701949444067,1041.5653922333072,-0.1016358274375076,0.2447632296492933,0.1771194792468359,1.7360823136161558,1164.9492648877783,1.455746375951964,98.04842501627496,0.4175671068304876,0.0419307891932251,2024Q1,-0.03005999817253499,-0.046158446382954944,-0.0158387502482871,-0.01352959507190256,0.17067437451842532,1.9657979398345784,-0.09737280892512426,-4.515012152719559,3.9587342998966117,-0.033178412497459564,-2.7880556891118973,-0.10163582743750754,0.009861856847076883,0.03827912197466154,0.035078492116384793,0.0553670490110796,0.1674355812020143,0.00659660974501083,-0.005965367064345993,0.06558128004459905,0.03587897813634065,0.17274309064333213,0.2608477842136435,0.0894446883246058,0.0641943964276647,0.17580484590454773,-0.16061121959511881,0.05897539215761122,1.4666248208151753,0.9023295788119933,0.05868178856786521,0.06865123032025755,-0.025860961500126727,0.18243676378321666,2.452240391770692,8.25099025260364,0.048990814198071615,0.1862748391826921,0.4950948853764158,0,0,81.58753424718569
C004,MockCompany_004,Bio,2024Q2,278.54516843541506,19.122468512923263,13.646154592638972,932.3154663098125,143.84584589080703,788.4696204190054,641.3049492450197,261.51797816995406,-7.203445876980444,2.317596787687161,988.5368223913335,-0.0509123769255337,0.1862748391826921,-0.3720264769024654,1.6844060695180998,1168.522558958581,1.9011060936902064,97.74028719695544,0.4950948853764158,0.1079198164284812,2024Q2,0.06865123032025755,0.048990814198071615,0.01730714061674295,0.014636842448444012,0.18243676378321666,2.452240391770692,-0.025860961500126727,8.25099025260364,3.54892826876296,0.05868178856786521,-3.4178247412278613,-0.05091237692553385,0.01017742552922199,0.03880348007466331,0.027182347425969623,0.044078667331097825,0.16960873018288286,0.009948076658802277,-0.025652155593996986,0.052550810039020804,-0.04382763739666007,0.07702899076875606,0.26565148236300956,0.08301353131859392,0.08454275006799195,0.16991225549385264,0.10147205738799603,-0.15238443431352972,1.6054860248104814,0.9358247301209525,0.0960772566948287,0.04733359489098255,-0.025527353886030477,0.17198502625852868,2.178632479271957,8.164767136426724,0.03260160647856137,0.2520199204462691,0.5805448480876467,0,0,75.55543516527564
C004,MockCompany_004,Bio,2024Q3,305.30702408428874,14.45127899542451,9.953499454369242,1033.9375342959145,151.72700162681724,882.2105326690972,718.140046259579,329.62881674167653,-7.793680447715996,1.7699560496693214,1215.1230558566947,0.2292137514081006,0.2520199204462691,0.2286134867192268,1.7784304613881845,1168.6602268118036,1.7634314311470252,97.2268047299668,0.5805448480876467,0.1062336200309076,2024Q3,0.04733359489098255,0.03260160647856137,0.011282453661309158,0.009626789940591235,0.17198502625852868,2.178632479271957,-0.025527353886030477,8.164767136426724,3.9800036029215144,0.0960772566948287,-0.24427753740799152,0.22921375140810096,0.029383290056417405,0.05870283841853964,0.025544650550950537,0.04286075376518057,0.17298056960442762,0.0066734942425377,-0.03877275516418805,0.040119240852565796,-0.0032866772782639206,0.15650760124647192,0.26639715486508486,0.08282773518833994,0.12160461058085917,0.1638443566982925,0.11788349769978076,0.11133025370831984,1.5902497304308645,1.1180137358130675,0.027365049045616985,0.10538489487508283,0.0007217897682878563,0.1600925267261068,2.206139300689349,11.61856914475219,0.06725149418360775,0.3602807528321073,0.3754559817714218,0,0,91.612456595141
C005,MockCompany_005,Bio,2021Q1,446.9358635112909,47.232918134542174,29.17520896268704,977.7317758635766,581.7785772205564,395.9531986430202,733.2988318976825,291.7285410172344,28.807775565268877,7.900170240739859,1079.608404654197,0.1746692892233945,0.2209420877031873,0.1551453436338409,2.004278530145752,1174.9871741401382,2.64214056575356,100.60308405594697,0.1835590547949092,0.0997603390823436,2021Q1,0.10568164694450226,0.06527829011843153,0.07368347840755006,0.02983968577362472,1.4693114721964946,2.5136341797008055,0.06445617350749176,5.978721557795195,2.4155779224562215,0.029321658588051358,0.016305366076255545,0.03901112242922311,0.028748223617539495,0.04103992952872891,0.14908296294256101,0.02851283501543619,0.6270378788260513,0.06156726049581937,0.09118377837234426,0.043601873648594996,0.043950407107197303,0.10004747440174336,0.2019274246561828,0.07374245419873522,-0.06445617350749176,1.314032215940318,0.17013782045199402,0.004531468771400482,1.9787428358068007,1.7185333584384144,0.045455916178687605,0.22636776434608863,0.15214564897974098,1.034827661876262,2.901548568755014,12.522039522299597,0.18989008086973358,0.2746616654777131,0.7607911485081401,1,1,100.0
C005,MockCompany_005,Bio,2021Q2,467.2517426603095,105.77073237305456,88.72647120048,1053.7179443826735,535.8765742638731,517.8413701188005,790.2884582870051,272.3678199959264,71.09031962411986,8.446765574583361,1343.388861050101,0.2443297544357238,0.2746616654777131,0.2499874166607981,2.036513877731453,1204.7227644188124,2.535782178371344,99.59522108009476,0.7607911485081401,0.0646548860477377,2021Q2,0.22636776434608863,0.18989008086973358,0.17133909401628825,0.08420324591926419,1.034827661876262,2.901548568755014,0.15214564897974098,12.522039522299597,2.875085822898397,0.045455916178687605,1.2393435881257306,0.24432975443572413,0.028748223617539495,0.04103992952872891,0.16602470564529545,0.08533797200973751,1.2520695670363784,0.30722644859320625,0.10830091124361638,0.06200582274511885,0.20949952182955917,0.049257387332247625,0.2478018765904502,0.03798547772684533,-0.10668973280105337,0.8005760375738424,0.4239693295045172,-0.1796395750687934,1.9617204489616225,1.8360288515596959,-0.01760243624550173,0.27335099956675496,0.28054611357268633,1.0633936198706877,2.3594421006802437,20.298113869332894,0.26017595410832145,0.2744716561730018,0.2815414423204988,0,0,100.0
C005,MockCompany_005,Bio,2021Q3,459.02697364953184,125.47548207547536,119.42778083098246,1042.2568747474868,537.1390607204465,505.11781402704025,781.692656060615,331.3040213332161,128.7782334826886,6.18163258236274,1555.6472374710338,0.1580021857967576,0.2744716561730018,-0.0387522609170009,2.115508401635401,1226.7764998864063,2.573002551069965,101.20113032651952,0.2815414423204988,0.0597415006663722,2021Q3,0.27335099956675496,0.26017595410832145,0.23643549586701518,0.11458574534209937,1.0633936198706877,2.3594421006802437,0.28054611357268633,20.298113869332894,3.38901050868393,-0.01760243624550173,0.1862968068796378,0.15800218579675773,0.013926739966592938,0.04458898860959545,0.2018001369524486,0.08649236491740689,1.1891775846478148,0.24302314643648074,0.1657159786866397,0.1086822475642195,0.19233374315195864,0.045794508144805186,0.2566918031179674,0.030960307493019076,-0.29814854981818806,0.7727139109461254,0.5362946768939396,-0.378292491097182,2.0090117834128,1.3287270094396262,0.07699048968036748,0.17921741641384556,0.22929267270636325,0.9505139662271596,2.8896929355023,6.239649687156342,0.1527881237493994,0.2663402023198779,0.3765892050423283,0,0,100.0
C005,MockCompany_005,Bio,2021Q4,494.36768512730646,88.59929928718859,75.5335110530878,1171.8714586744484,571.070090950727,600.8013677237213,878.9035940058363,304.151206934439,113.3548878227272,14.199402806750708,1770.842873855186,0.1383318989040143,0.2663402023198779,0.1874349830721927,2.212692757247984,1224.9178060751772,2.5935378202670227,100.88135881287302,0.3765892050423283,0.0772807854211845,2021Q4,0.17921741641384556,0.1527881237493994,0.12572127014147577,0.06445545754520073,0.9505139662271596,2.8896929355023,0.22929267270636325,6.239649687156342,3.5820360576270023,0.07699048968036748,-0.2938915410271562,0.13833189890401432,0.03494798987118445,0.048163967810669235,0.19615445681779786,0.07151769671022047,1.129511680042651,0.23154606559387156,0.1816101521915706,0.09426055889232209,0.17883328208997254,0.04612094007094713,0.259103902918445,0.02573518982181244,-0.15230218302599577,0.7801653089346507,0.4855005788005763,-0.34716867989656197,2.0496560439528055,1.423094716296857,0.024107040233636745,0.13118299474849457,0.07537503884174356,0.8297998472882412,3.0517610762776486,10.571639933751552,0.09792982954293245,0.3861628481088073,0.3226250236024607,0,0,100.0
C005,MockCompany_005,Bio,2022Q1,506.2854268028803,66.41603848565276,49.5804455469748,1223.667085425767,554.9234043950746,668.7436810306924,917.7503140693252,300.72810129215264,38.16128371035119,6.282472624047469,1491.754449366231,-0.1576020259106162,0.3861628481088073,0.2058238206453404,2.367782312140624,1248.730233466644,1.959047563986437,102.47551789495324,0.3226250236024607,0.0843886627499973,2022Q1,0.13118299474849457,0.09792982954293245,0.07413968453576332,0.0405179203865593,0.8297998472882412,3.0517610762776486,0.07537503884174356,10.571639933751552,2.9464692649430964,0.024107040233636745,-0.25037738424578615,-0.15760202591061623,0.032237752461797525,0.03969752398793175,0.20252979376879593,0.061149338236548986,0.9696337738155876,0.10481769224550118,0.18433986852513354,0.08978900836585897,0.09576545330646986,0.17507307451149318,0.30040909301984997,0.057300600580346826,-0.05126799860810681,0.7209442182791262,0.23066507382387486,-0.38826709973449103,1.8890095266844644,1.4297320899903943,0.009434633983966378,0.17218364569776531,0.17741050264528482,0.862384715760047,3.239845628086453,6.313999597407258,0.13260977193875004,0.1690047387199694,0.4993235424417976,0,0,100.0
C005,MockCompany_005,Bio,2022Q2,511.06204449618167,87.9965259992783,67.77182116732259,1247.1257541877426,577.4865847758937,669.6391694118489,935.3443156408068,288.7002724848988,90.66777419717192,13.93673291159199,1689.3625282873436,0.1324668942700765,0.1690047387199694,0.6036818156335201,2.1145388023905958,1249.0296474223435,2.2617651105138794,102.80645361707762,0.4993235424417976,0.0942784751705727,2022Q2,0.17218364569776531,0.13260977193875004,0.10120647695496379,0.05434241169320432,0.862384715760047,3.239845628086453,0.17741050264528482,6.313999597407258,3.3055918483429068,0.009434633983966378,0.32492885763259394,0.1324668942700764,0.02323243191311722,0.03978508682009215,0.1889837641067151,0.06010098413887736,0.9265230372865338,0.1045278604329022,0.1906560819415195,0.08763212539102963,0.06779973826505804,0.15066415586151893,0.2739948613304141,0.08881329525388922,-0.16797586866131844,0.713896171406451,0.3590287823270165,-0.22656188805694003,1.9064152637432692,1.3822244525682181,0.10407672848393545,0.19885244241899494,0.1602396251322646,0.7537401626532235,2.4501653759569817,15.87114268264764,0.15349869698383212,0.2305015405390894,0.0,1,0,100.0
C005,MockCompany_005,Bio,2022Q3,564.2517101396558,112.20283070056418,86.61190227748959,1413.8870629780902,607.6746644216959,806.2123985563943,1060.4152972335676,432.7933565777951,90.4154825131779,7.069612625143084,1960.4562611977285,0.1604710228687365,0.2305015405390894,-0.0538320681283694,2.171107570099858,1229.2186960402748,2.193346696527755,103.28159362363508,0.0,0.0388170632576457,2022Q3,0.19885244241899494,0.15349869698383212,0.10743062551812602,0.061258006063791594,0.7537401626532235,2.4501653759569817,0.1602396251322646,15.87114268264764,3.4744356569323096,0.10407672848393545,0.27508250384207655,0.1604710228687365,0.053652223095476514,0.04440502392009285,0.1703591248197751,0.028451341629594572,0.8491096729821678,0.08150106403801013,0.16057945983141406,0.06393929013683783,0.06841694753305277,0.1511610898397878,0.263002332421936,0.09141754589881121,-0.05616289664832916,0.6038570903603395,0.463168796035195,-0.3026977731664585,1.896324602131747,0.8343586308994289,0.10595268885020226,0.18746547669198363,0.21276656646424372,0.6198002892115534,2.809887229857694,9.2813408882337,0.17318966069807035,0.2280406518549899,0.3636113845628259,0,0,100.0
C005,MockCompany_005,Bio,2022Q4,624.0356960172772,116.98514922688013,108.0765304568896,1564.8275946841666,598.7655405495577,966.0620541346088,1173.6206960131249,417.6753727122895,132.77393239293338,12.60433709162705,2565.839061196225,0.3087968918157048,0.2280406518549899,0.6829761853948265,2.1734142896512294,1217.3324938600838,2.191702632171204,101.61534393649684,0.3636113845628259,0.1146329598556182,2022Q4,0.18746547669198363,0.17318966069807035,0.11187327976937451,0.06906609445281026,0.6198002892115534,2.809887229857694,0.21276656646424372,9.2813408882337,4.111686362763893,0.10595268885020226,0.04262208445594862,0.3087968918157049,0.06089277288793521,0.05130425659344314,0.1724211398893096,0.029583705207394076,0.7664312537282664,0.10783374405913101,0.1564479332708842,0.058304970908248134,0.1110331957609754,0.1950887524356444,0.253427444805714,0.09294436855029685,-0.10681387761404146,0.5036091325406802,0.5061847320064297,-0.19738784019072486,1.8929906707958768,1.095261168958496,0.05700271248298994,0.22710580828013943,0.2219554595334058,0.529490722016641,2.963673648164987,14.089888377965357,0.19167777236345657,0.2241535234666083,0.1314293130620665,0,0,100.0
C005,MockCompany_005,Bio,2023Q1,659.6074233764726,149.80067703372106,126.43208154739332,1602.6786153906594,554.8274631607261,1047.8511522299332,1202.0089615429945,405.5807434412614,146.4034687673927,10.631785930532905,2761.1167667954483,0.0761067631062498,0.2241535234666083,0.5506370546435473,2.0139920179599557,1227.5600688112468,1.9456569494808416,101.58243370062505,0.1314293130620665,0.0602330599350201,2023Q1,0.22710580828013943,0.19167777236345657,0.12065843634204383,0.0788879818655945,0.529490722016641,2.963673648164987,0.2219554595334058,14.089888377965357,4.18600014029155,0.05700271248298994,0.28051020171114827,0.07610676310624975,0.06911669095027351,0.04578133303605284,0.19640184327222085,0.023202863650832697,0.6913539724103663,0.146586940426834,0.19309303844379974,0.029128312408005994,0.1694603930151919,0.09929566596818463,0.21292511364516425,0.029396636986896995,-0.16495274705041588,0.4092403036162172,0.5060639802965352,-0.4299572171902854,1.754145159247653,0.764823140144892,0.05051459166510375,0.21972277835362938,0.14544795126179677,0.49515100728494693,2.676741348908307,14.860834466406319,0.20070536892465812,0.148858352367484,0.1774871758771454,0,0,100.0
C005,MockCompany_005,Bio,2023Q2,692.9272230276064,152.2518946407104,139.0742139358953,1715.4521072125078,568.1083948692899,1147.343712343218,1286.5890804093808,480.65498780128,100.78484496303692,10.245178019445866,2891.282562705905,0.0471424452148497,0.148858352367484,0.0971992218485094,2.025838103619852,1210.338940378254,2.064636193074505,101.71097809682104,0.1774871758771454,0.0877994255747763,2023Q2,0.21972277835362938,0.20070536892465812,0.12121408122047671,0.08107146410621763,0.49515100728494693,2.676741348908307,0.14544795126179677,14.860834466406319,4.172563101315105,0.05051459166510375,0.0163631944496323,0.04714244521484945,0.07938668037055785,0.029720872614986276,0.20828662643618684,0.018325494815469027,0.5995455452915912,0.11545869752754162,0.1851024005979277,0.03792135274480867,0.1481292807513852,0.11740525803562318,0.20788851705704292,0.03944011555381099,-0.09493335959669302,0.3863550522597002,0.41568532128052993,-0.36854287606568026,1.7947676859565012,0.7127005805043296,0.05053191201307028,0.18509576170488962,0.07733588270176517,0.4325771190849742,2.819444762650323,19.53647355401277,0.15549276058415815,0.2540007464841086,0.5468037893329871,0,0,100.0
C005,MockCompany_005,Bio,2023Q3,727.9421604930985,134.73900867375818,113.18973608082368,1922.0909003939923,580.3893788582783,1341.7015215357142,1441.5681752954945,511.29505865459055,56.29604953764112,6.896792723707625,2613.038726805644,-0.0962354352664369,0.2540007464841086,-0.1450367381311244,1.7162810507387125,1186.534582312386,1.8259092233262968,101.90200558164294,0.5468037893329871,0.0621206402528694,2023Q3,0.18509576170488962,0.15549276058415815,0.08436282903755087,0.058888856951335146,0.4325771190849742,2.819444762650323,0.07733588270176517,19.53647355401277,3.589624105618523,0.05053191201307028,-0.11502573421683693,-0.09623543526643663,0.06600047625284156,0.02680937737302273,0.2048474562576605,0.021671579649723847,0.5192547843995289,0.0781199562475942,0.16437646499030287,0.06730847923392447,0.08395266621759184,0.16776891673483207,0.2137633185432977,0.04525300670090713,-0.02680397068869489,0.3525089277318342,0.31296355641972506,-0.409198991686162,1.5957269706164692,1.15331346354893,0.02459820836902149,0.17765024995159312,0.10797681580606913,0.48233029512355263,2.7597605602790805,15.229343414545017,0.1446036803979819,0.1604232229458674,0.0968978458379972,0,1,100.0
C005,MockCompany_005,Bio,2023Q4,745.8482334375035,132.50012509630432,107.85239957354077,1865.4995436684453,607.0084031952804,1258.4911404731652,1399.124657751334,506.9732055331235,80.53431732127135,8.70031763513381,3179.4759160687245,0.2167733617769731,0.1604232229458674,0.2631764084221543,1.6073370226705714,1167.23913629728,1.4640427645340517,99.80890610338253,0.0968978458379972,0.0467433828182487,2023Q4,0.17765024995159312,0.1446036803979819,0.08569976863953521,0.05781421922054972,0.48233029512355263,2.7597605602790805,0.10797681580606913,15.229343414545017,4.262899305145137,0.02459820836902149,-0.016616446858940814,0.21677336177697293,0.04566185613254636,0.01437078942734897,0.2023936495725629,0.024647124523189578,0.48488728587752866,0.04015678541303752,0.1381790273257592,0.06241097573623482,0.06094678370790892,0.1283336239793277,0.19685896131601707,0.05047044754176063,-0.08337860743704764,0.39664419763562786,0.31022527412668377,-0.09345191234971068,1.425154666410802,0.6539652664194925,0.028769506932232014,0.24024120616652872,0.1538100746570151,0.46855058313070264,2.5013270378890002,12.960586811616114,0.18330093845625106,0.1869077545476586,0.4657299889642878,1,0,100.0
C005,MockCompany_005,Bio,2024Q1,767.3059193597768,184.33849956595023,140.64789510186688,1968.67147870978,628.1173967983245,1340.5540819114551,1476.503609032335,590.2881097371145,118.01938074165068,14.223005658028816,2896.3850698179217,-0.0890369525430567,0.1869077545476586,-0.150989687924812,1.872268339529067,1170.3811147882125,1.979491016959764,99.34039674872864,0.4657299889642878,0.0902280327747561,2024Q1,0.24024120616652872,0.18330093845625106,0.1049177328983374,0.07144305010908812,0.46855058313070264,2.5013270378890002,0.1538100746570151,12.960586811616114,3.774746156305984,0.028769506932232014,0.3912326454934931,-0.08903695254305666,0.03860355474485688,0.013868630443339173,0.20567749904416022,0.029445171219977615,0.4696522511560441,0.026998138537617494,0.12114268110666154,0.0353566606374168,0.019660854795582303,0.14703258322656326,0.18754751908627965,0.04707801961552768,-0.12504056772478309,0.3559854258893523,0.4228207877557758,-0.5118577402988325,1.6992301092075546,1.0086231694012986,-0.023324189376131454,0.15959870248158464,0.1897602481346471,0.4204299678185405,2.627428718924068,10.78659620094576,0.1357883343087881,0.1361862992886436,0.5043171379618263,0,0,100.0
C005,MockCompany_005,Bio,2024Q2,749.4091307872027,119.60472490164932,101.76101758552676,1985.5376401444264,587.6949550922776,1397.842685052149,1489.1532301083198,566.7720762051732,142.20806261273952,11.088273136652308,2403.2308997757737,-0.1702654026155263,0.1361862992886436,0.0669487848116773,1.7674714994228564,1162.7800149050747,1.873043260177676,97.72104777535732,0.5043171379618263,0.0146453157239249,2024Q2,0.15959870248158464,0.1357883343087881,0.07279861938230738,0.0512511148255409,0.4204299678185405,2.627428718924068,0.1897602481346471,10.78659620094576,3.2068342925687845,-0.023324189376131454,-0.3511679590358242,-0.17026540261552647,0.020143859484548082,0.03112955736973568,0.19064648007614904,0.03475300380988083,0.4509719912894425,0.029232040820478377,0.13222075532487412,0.049588337971333045,-0.0346911071620117,0.1716157956584884,0.18437950581656953,0.050826495184297035,-0.21308443751077855,0.35332989047032703,0.3260347612401003,-0.4963001638556266,1.6230141703317087,0.9938333277207969,-0.001136039312649606,0.1883286278192554,0.14445160975434654,0.42834612414786555,2.3299202419705964,13.414903937585557,0.14097483778782438,0.2733805167155843,0.3857901186392665,1,0,100.0
C005,MockCompany_005,Bio,2024Q3,748.5577725533699,140.97485814860278,105.52781056066743,1944.4650325994749,583.124808598033,1361.3402240014418,1458.348774449606,625.9221874538658,108.13037523960674,10.508823528747596,2462.9439771685597,0.0248469996779573,0.2733805167155843,0.0889088614684368,1.869841466916046,1179.312041965024,1.8492862780172892,98.16975451089736,0.3857901186392665,0.1094442051232971,2024Q3,0.1883286278192554,0.14097483778782438,0.07751758796225663,0.05427087080066305,0.42834612414786555,2.3299202419705964,0.14445160975434654,13.414903937585557,3.2902523592321247,-0.001136039312649606,0.17867298523972241,0.02484699967795745,0.007226871653118111,0.024284110606872876,0.1914546966047405,0.034618217411492895,0.4499142425551653,0.030180677276145054,0.14899968708801947,0.0336061707679227,-0.004420498425913153,0.16777741881208236,0.18922444837443847,0.05980570416930996,-0.14558764906699614,0.3476762863554016,0.33164419826095237,-0.3067971985829951,1.6554883233161743,1.0068469217102525,-0.037070767734987964,0.18157400433599036,0.07822319534764045,0.44721232371526426,2.619319136494299,18.688185360378537,0.1483825988128926,0.2797477931077319,0.0834520041010887,0,0,100.0
C006,MockCompany_006,Retail,2021Q1,103.6222263153769,10.861534692584218,5.887839408679011,292.0870190451602,156.61927146423324,135.46774758092698,145.82660880686151,115.1754198118848,0.6156367284199433,2.4752115050227084,594.1296302678568,0.0070687528356662,0.04,0.1645725663021613,1.8124561684969056,1219.0854275749923,2.6062593227838518,100.86227468459614,0.1449205612945671,0.0363364478154368,2021Q1,0.10481858071087992,0.056820236526306626,0.04346303466157667,0.020157826348826964,1.156136971787432,1.2661261321536572,0.00594116484759067,4.388123869881756,5.733611903433482,0.029321658588051358,0.016305366076255545,0.03901112242922311,0.028748223617539495,0.04103992952872891,0.14908296294256101,0.02851283501543619,0.6270378788260513,0.06156726049581937,0.09118377837234426,0.043601873648594996,0.043950407107197303,0.10004747440174336,0.2019274246561828,0.07374245419873522,-0.00594116484759067,1.0349523352972987,0.1107597455584706,-0.1036909927228044,1.9122760502207627,1.2198728965918657,0.019878955414613708,0.17844642347280296,0.1530836148096074,1.295349498993516,1.452004771107857,4.707768792194988,0.13074205180225063,0.214962191465058,0.5641503859241769,1,1,91.04739124313619
C006,MockCompany_006,Retail,2021Q2,105.68212793226328,18.858597754686038,13.817098244822787,287.0817115232488,162.01068785219766,125.07102367105117,80.54554784180579,55.47195811133512,16.178202164795326,4.005846204946162,556.2601339432939,-0.0637394507785949,0.214962191465058,0.4718807330032739,2.087821078590929,1225.486272155392,2.512321072246642,100.2902177074501,0.5641503859241769,0.0175946987105025,2021Q2,0.17844642347280296,0.13074205180225063,0.11047401579643748,0.04812949655156178,1.295349498993516,1.452004771107857,0.1530836148096074,4.707768792194988,5.2635213240082,0.019878955414613708,0.7362737668703361,-0.063739450778595,0.028748223617539495,0.04103992952872891,0.14163250209184144,0.05206274690109263,1.2257432353904738,0.09843812201353883,0.07951238982859903,0.10404542416854426,-0.02833534897146435,0.05006896093928183,0.127481095732529,0.12371695203620159,-0.13320465939499368,1.064199013750836,0.35140899369702405,-0.41514844447561894,1.9776956344397671,1.8433115911400706,0.04074307007813682,0.07796369343268439,5.822069737616885e-05,1.4957659670382957,1.0825518802408838,4.819540589209047,0.02181463744206196,0.1801502510397374,0.313566407413031,0,1,60.609781583874565
C006,MockCompany_006,Retail,2021Q3,109.98794227661412,8.575066213023694,2.399347083784591,287.7395717132377,172.44848452319962,115.29108719003813,129.63067316417383,119.74546026768392,0.0064035747023725,1.7792289637322962,521.1686059887154,-0.0630847436536874,0.1801502510397374,0.3291848633488284,2.1972564169947564,1221.6669353844218,2.549447276770754,101.06355829128864,0.313566407413031,0.0510053414832189,2021Q3,0.07796369343268439,0.02181463744206196,0.0208112104954727,0.00833860657222167,1.4957659670382957,1.0825518802408838,5.822069737616885e-05,4.819540589209047,4.738415822647761,0.04074307007813682,-0.5452967222394391,-0.06308474365368744,0.030311012746375265,0.014753156962030877,0.12040956587212241,0.05202407012914695,1.3157508126064146,0.1707311447909453,0.053027666784858075,0.08670090431660524,-0.03991848053220536,0.040693454449456226,0.14503748083493181,0.09261545272877261,0.040684849380760654,1.3791505277370792,0.11876498420819738,-0.18184972786188477,2.0278463734332552,1.9135520355706084,0.01846852330224591,0.07885703781728882,0.019581125796325902,1.6755272791968099,1.8577072921502664,3.559492378557946,0.023627151457469447,0.1837030515176943,0.0822575672743607,0,1,68.84782773860466
C006,MockCompany_006,Retail,2021Q4,112.01925715151584,8.833506797540544,2.6466959548957094,285.1489729853228,178.5722338129049,106.57673917241786,109.52299213362154,58.9560005467776,2.193463165914393,2.481675996047437,468.94470742854753,-0.1002053806773209,0.1837030515176943,0.0704267515721983,2.1899444752628803,1232.426855198499,2.434881778784267,102.9663713755144,0.0822575672743607,0.0409206529197006,2021Q4,0.07885703781728882,0.023627151457469447,0.02483371114018698,0.009281800762518118,1.6755272791968099,1.8577072921502664,0.019581125796325902,3.559492378557946,4.1862865309852255,0.01846852330224591,0.030138610956068623,-0.10020538067732088,0.026363516264998815,0.01247301108732765,0.11002143385841402,0.04728624601444413,1.4056949292540133,0.22757971280224423,0.04466603153772503,0.07273948250825785,-0.054990205568484246,0.04486200031537562,0.15470387350562242,0.07805236262808621,-0.001112602494079993,1.543400161177288,0.11690668691586063,-0.21711206759318152,1.9884172454760511,1.809360779969343,0.034990155234400744,0.11356191996849681,0.10374325811289106,1.7193208629782954,1.131949121884466,5.119343713580336,0.08206247941874369,0.1113602656988363,0.7247604326693212,1,1,72.91088348750623
C006,MockCompany_006,Retail,2022Q1,115.93882834848964,13.166235946266031,9.514227715263251,289.31489673939774,182.9225615514087,106.39233518798903,108.39398329574377,95.75870611053418,12.027871794767275,2.571860120706481,525.4741505298687,0.1205460733554273,0.1113602656988363,-0.1234842264144163,2.402125997742309,1228.5765669672928,2.428076985574675,103.5494060933237,0.7247604326693212,0.0631838690410605,2022Q1,0.11356191996849681,0.08206247941874369,0.08942587544828996,0.03288537100044443,1.7193208629782954,1.131949121884466,0.10374325811289106,5.119343713580336,4.532339665757729,0.034990155234400744,0.49048800754099386,0.12054607335542733,0.028520176007349296,0.01105993047145867,0.11220726867281824,0.04716750665480435,1.5464909020517292,0.19336115206418888,0.06911655485405013,0.07181524439974112,-0.02662087543854397,0.09963298073270273,0.17254393993033149,0.04368497756987461,-0.06875310287849032,1.5240714847365873,0.2522953333157886,-0.13174925996036127,2.059144014251132,2.3601921831047448,0.04673392506909324,0.13071504403009243,0.06947298232255789,1.8122862707976317,1.2166667767745933,3.3625347161158525,0.08644034088115966,0.3413666519462821,0.2507038776311643,1,0,72.7618315245918
C006,MockCompany_006,Retail,2022Q2,121.3571048651264,15.863199305940256,10.490149512978606,301.2458388513916,194.12806710188235,107.11777174950927,93.95410095222876,77.22254173824503,8.431040001081204,4.71763138282233,529.7565356009883,0.0081495637165051,0.3413666519462821,0.1294981358483402,2.2351326761060557,1223.5529159352973,2.23097198083336,103.02832948078492,0.2507038776311643,0.0517807002903424,2022Q2,0.13071504403009243,0.08644034088115966,0.09793099073617288,0.03482255407391273,1.8122862707976317,1.2166667767745933,0.06947298232255789,3.3625347161158525,4.365270053083276,0.04673392506909324,0.20483936112652512,0.008149563716505215,0.03523391842096918,0.012161946100667259,0.1002744238121406,0.02620217564933634,1.6757250950027582,0.1328343236123835,0.04821389673228775,0.04716730294502287,-0.008648621814768973,0.09715859843839537,0.20414505505063751,0.09735229823962599,-0.022739057253464645,1.5753931911151873,0.24692195142174356,-0.23877238770523845,1.9302025047093847,2.1674637206926337,0.0898518810293214,0.10678767441430198,0.038430048662220065,1.4708139594834608,1.8309667056323813,3.477898948619052,0.0502289068116997,0.1609666845284472,0.247924444018552,0,0,74.45308763709046
C006,MockCompany_006,Retail,2022Q3,132.2612690135306,14.1238733331461,6.643338956128002,341.25960897923994,203.1433385623804,138.11627041685955,190.47316389062107,104.02874246858806,5.08280700435539,4.061036142316982,513.5005877260128,-0.03068569575368,0.1609666845284472,-0.1467806340501293,2.1068936466368227,1224.9014534823684,2.2718308735997645,102.57577121079537,0.247924444018552,0.0087028181775396,2022Q3,0.10678767441430198,0.0502289068116997,0.0480996115521301,0.01946711178618467,1.4708139594834608,1.8309667056323813,0.038430048662220065,3.477898948619052,3.8824713504722093,0.0898518810293214,-0.10964534576217766,-0.030685695753680076,0.047511121158765324,0.03051552095853572,0.107480419057545,0.021576301040034825,1.6694870931140495,0.14420183498659347,0.057806853723498725,0.03689136599377784,-0.0005488598397671253,0.0923386817505008,0.19934916342281497,0.099379791160004,0.051421832367101336,1.3137491572541307,0.23506960410584343,-0.26575529985952345,1.900024018127516,1.7740621181682312,0.18568753871799348,0.11809707078357132,0.0696638328281074,1.0444376572739473,1.3167223740928233,4.585707673621276,0.06935394365207773,0.2308102818273275,0.2078201220746447,1,0,80.98898659906057
C006,MockCompany_006,Retail,2022Q4,156.82053852437153,18.520046238548574,10.8761227923771,409.5115307750879,209.20631270349065,200.3052180715973,128.42596150477723,97.53457830618365,10.924719779845256,4.03864518894154,706.3568050478953,0.3755715610296132,0.2308102818273275,-0.477643869451466,2.072204287257356,1210.7073848402044,2.263932924393323,101.99368945054304,0.2078201220746447,0.0521940282899968,2022Q4,0.11809707078357132,0.06935394365207773,0.05429775068782896,0.02655877057177159,1.0444376572739473,1.3167223740928233,0.0696638328281074,4.585707673621276,4.504236573155346,0.18568753871799348,0.31125830724391124,0.3755715610296133,0.08931587501270222,0.06844046356312461,0.11729042729911562,0.01008432105066369,1.5117146876333338,0.3432512652620198,0.0703275304814441,0.026678524113836557,0.1183953755869664,0.18305146883392656,0.21112597100022323,0.09969830663836442,0.11602370588988609,0.9210926293338385,0.3734484423296722,0.0021231186999409735,1.8808602395297989,1.4757467391256969,0.09598485103732024,0.0758537817722583,0.006391942996845939,0.9444715359686732,1.2270375535293727,2.4910415535601262,0.06500100371456465,0.2585715271458855,0.2885526607447997,0,0,61.68389781526207
C006,MockCompany_006,Retail,2023Q1,171.87293455422568,13.03721207030972,11.17191325745735,430.1591002628934,208.93750236089195,221.22159790200143,169.98487494792488,138.53274046728578,1.0986020003776351,5.23363893676774,761.5406136010114,0.0781245514430548,0.2585715271458855,-0.0487630977090976,2.082437159480957,1229.314579670159,1.8155466568722824,102.5066829241453,0.2885526607447997,0.0373088509563614,2023Q1,0.0758537817722583,0.06500100371456465,0.05050100606522097,0.025971584119930557,0.9444715359686732,1.2270375535293727,0.006391942996845939,2.4910415535601262,4.430834997794929,0.09598485103732024,-0.2960486219967746,0.07812455144305486,0.10456454896343209,0.0583535041534779,0.10786339275005599,0.023471248349174422,1.3180023558809282,0.40084531201333784,0.04598970170243283,0.030205186099042967,0.10778999510887328,0.1841111422689857,0.24792878636198556,0.07460865233369862,0.0895929080404743,0.8728297981891958,0.17823057580642448,-0.10010602436336968,1.7330887096246814,1.5095468941203554,0.09324580559289686,0.0655469830160407,0.031060139447797702,0.7689264672667593,1.4972153654130396,3.9291252838911412,0.04434969973645559,0.2847140553912788,0.4466837617975969,0,0,69.3768347077598
C006,MockCompany_006,Retail,2023Q2,187.8993647963497,12.316236473096714,8.333280409433192,476.76731792571945,207.2437810533116,269.5235368724078,226.2261776164907,151.09795346815991,5.836180472758292,3.134600090168267,716.6178496519916,-0.058989321313539,0.2847140553912788,0.3260784290141368,1.7356966151046724,1210.6636218088129,1.980054767478597,101.65106536848,0.4466837617975969,0.0130089393158123,2023Q2,0.0655469830160407,0.04434969973645559,0.03091856283166557,0.017478715709104125,0.7689264672667593,1.4972153654130396,0.031060139447797702,3.9291252838911412,3.8138385961275985,0.09324580559289686,-0.05530136300037014,-0.05898932131353907,0.116192519094383,0.04639787522069052,0.09157137749654307,0.02489618457833617,1.0571624049982102,0.2983558923474176,0.036386490983742775,0.02607425638335436,0.09100527385136226,0.19870493658544117,0.23376563722323473,0.05329007139438068,0.062185666145099155,0.7185256571762408,0.18985292805673526,-0.24884224937027427,1.6637120704467883,1.5121091405102158,0.03388636098596676,0.16005004835727532,0.0853265551962478,0.7168692134159831,1.1993791792472586,7.521474368065941,0.13659352332125577,0.2240539998305106,0.1253940244858194,0,0,94.04925971085311
C006,MockCompany_006,Retail,2023Q3,194.26659050087264,31.092377204027716,26.53555806025838,505.967509200736,211.26392593051315,294.7035832702228,222.07859078876112,185.16128563023776,16.576098957244902,4.133814153314901,703.6227224987643,-0.0181339707900634,0.2240539998305106,0.2260853967017453,1.8647029276664384,1203.6564777948954,2.1534221717284363,100.1410002591607,0.1253940244858194,0.002242581255864,2023Q3,0.16005004835727532,0.13659352332125577,0.09004151821200311,0.05244518190925635,0.7168692134159831,1.1993791792472586,0.0853265551962478,7.521474368065941,3.6219440547188775,0.03388636098596676,1.5245031038454924,-0.018133970790063403,0.10220113908354433,0.06259853050843542,0.10488697098228639,0.043235913201598856,0.8686762184813407,0.15235090326144757,0.048110617617249704,0.03596634405338557,0.0941432050922664,0.19622627385908992,0.2495374660487506,0.02780360394528568,-0.05144019421028104,0.602134261142913,0.27926296453948984,-0.29739693532955325,1.7674407281266746,0.9515822854592431,0.07827799970775917,0.11144153134014659,0.08061700416743749,0.5905651376245352,1.5249915040950706,12.272219118205394,0.06864788829120885,0.1364063089534095,0.5036148259761537,0,0,90.91138675118988
C006,MockCompany_006,Retail,2023Q4,209.4733906153273,23.344035425296205,14.379905919010392,557.8452897737171,207.12385336259788,350.72143641111927,227.5226374244033,149.1960032642216,16.88711720428372,1.902185349542362,821.6882160313778,0.1677965900722043,0.1364063089534095,0.411857074015523,1.5990812009088435,1182.8476460024472,1.7087482948976565,99.68856644519452,0.5036148259761537,0.04224713689796,2023Q4,0.11144153134014659,0.06864788829120885,0.04100093243833867,0.025777587769572532,0.5905651376245352,1.5249915040950706,0.08061700416743749,12.272219118205394,3.922637684976355,0.07827799970775917,-0.2492039038342745,0.16779659007220427,0.07534875433098576,0.02871621766829729,0.10322308612143022,0.04268260396825522,0.7552080885689878,0.14672652234617034,0.05084891045208223,0.038483177293145515,0.04219946235291418,0.10156203951638729,0.22593647283027113,0.06465045741088946,-0.002339004459678315,0.5247516543315526,0.27033653521534323,-0.10253994514313894,1.5125946173330092,1.1647727892611157,0.056987583745168324,0.16441322939551647,0.13780871105399933,0.49545048489881777,1.7162842901852269,14.626716256423311,0.12141391718385498,0.3369436667421931,0.3652171145975074,0,0,100.0
C006,MockCompany_006,Retail,2024Q1,221.41077300540263,36.402860212940304,26.88234925741268,577.3996646137124,191.2954970442433,386.1041675694691,277.0006688610762,161.39556275345566,30.512333241481976,2.488792396060004,920.8351425630666,0.1206624661243805,0.3369436667421931,-0.0719706320411328,1.7635374752659354,1171.0035255918935,1.9552812188998483,98.85420990218358,0.3652171145975074,0.0,2024Q1,0.16441322939551647,0.12141391718385498,0.06962460267281705,0.04655761148623242,0.49545048489881777,1.7162842901852269,0.13780871105399933,14.626716256423311,4.158944617100625,0.056987583745168324,0.5594073410929292,0.12066246612438047,0.06559943750794778,0.025851826856552462,0.12536294802724476,0.046547018941582786,0.6429528258015238,0.12360474794857154,0.08370310246637058,0.04363048642669228,0.0528339410232456,0.1085633547758056,0.245529507729348,0.08614144800675584,-0.08082112730883101,0.41399187067102855,0.3592095241946841,-0.2385470580703036,1.6528876006355924,1.116152652010729,0.07235200143705378,0.16975347020729742,0.15566332969116298,0.43684921288593176,1.3773103437429244,20.071901723965052,0.13600234800722152,0.3088795218626778,0.3304960907752265,1,0,100.0
C006,MockCompany_006,Retail,2024Q2,237.4302855720687,40.30461490833803,32.29107632596248,620.3348700670282,188.6021144630911,431.7327556039371,184.40715271637475,133.88932534541186,36.95918882182757,2.008011769016586,989.5023914182372,0.0745706214730697,0.3088795218626778,0.1768339534543799,1.800475229508093,1154.7217757023068,1.881999866058536,97.12534552357069,0.3304960907752265,0.0504776254616213,2024Q2,0.16975347020729742,0.13600234800722152,0.07479413110713996,0.05205426598446952,0.43684921288593176,1.3773103437429244,0.15566332969116298,20.071901723965052,4.167549177772099,0.07235200143705378,0.10718264094014107,0.0745706214730697,0.06037598646898701,0.0198081510475359,0.15141456982505894,0.026942504913580762,0.5599335122063169,0.12230415138751549,0.11485390002721191,0.03757819416298139,0.08622392671989777,0.07930212838374971,0.25157087434719777,0.09054069115942609,-0.0833113282541092,0.36269254304121845,0.3977688013355142,-0.3231981798624445,1.635282816159012,1.0020681556791229,0.06698200701104473,0.10658035565510171,-0.00270001286533693,0.30839125508419807,1.5203926632306064,16.56101091781649,0.06906418037036785,0.3053276184539582,0.5193486651443026,0,0,83.39657311303093
C006,MockCompany_006,Retail,2024Q3,253.33384262489136,27.000411046541068,17.496294201032942,690.2411374015334,162.6916488834323,527.549488518101,256.81661386634545,168.914662689261,-0.6840046343151478,1.630360076686669,992.7838735706111,0.0033162953226124,0.3053276184539582,-0.4792154292742452,1.7493103840209805,1165.4250191102967,1.894338509021192,97.35372330727724,0.5193486651443026,0.0336224475239427,2024Q3,0.10658035565510171,0.06906418037036785,0.03316521877435097,0.025348089606588443,0.30839125508419807,1.5203926632306064,-0.00270001286533693,16.56101091781649,3.9188758330907114,0.06698200701104473,-0.3300913280539657,0.0033162953226122394,0.0686498979752565,0.009040600025866466,0.13804714664951553,0.03365748542001702,0.45781402262337073,0.11804808135255102,0.09284725801181572,0.07128873497278346,0.09158649324806672,0.0700822345313242,0.27188927900305965,0.0914222969696761,0.06968201987638166,0.27552280543640106,0.1708623498008095,-0.1675460544781971,1.6249046182978493,1.1698811089110435,0.08183048070131571,0.07372488688214758,0.037409579078011096,0.3254534221555586,0.973572053077027,9.606639653793271,0.040528772576766216,0.2307613075267386,0.0229450686892716,0,0,81.67670385315928
C007,MockCompany_007,Bio,2021Q1,527.5636938872084,11.433862325316047,3.101023711185999,882.8496949172858,470.4952337847674,412.3544611325184,662.1372711879643,256.6852372836232,-6.264834732295967,6.224710089736672,1283.616653818596,-0.1161686652496585,0.2637235224415998,-0.0182995281161648,1.9476829493090464,1202.583631559298,2.396320663063049,100.72645027481438,0.3209150557589912,0.0726172507472031,2021Q1,0.02167295145169505,0.005878008185762516,0.007520286557981247,0.0035125160364619275,1.140997074437915,2.579568962330931,-0.011875030076697234,1.8368505775604547,2.4331027109886687,0.029321658588051358,0.016305366076255545,0.03901112242922311,0.028748223617539495,0.04103992952872891,0.14908296294256101,0.02851283501543619,0.6270378788260513,0.06156726049581937,0.09118377837234426,0.043601873648594996,0.043950407107197303,0.10004747440174336,0.2019274246561828,0.07374245419873522,0.011875030076697234,1.1162683002370961,0.009797921374997815,-0.12596658662465632,1.8811763537980228,1.7127819085143843,0.0037142416081654694,0.08682366517315888,0.010300629934945476,1.1130705315467448,2.385826591339513,5.061131710034915,0.05166548382137437,0.091180524992626,0.4453669530809835,1,0,76.44046593016665
C007,MockCompany_007,Bio,2021Q2,529.5231929100017,45.97514440272683,27.35807195638586,895.7796092814572,471.8564150922679,423.9231941891893,671.8347069610929,281.5941063769887,5.454422452146972,9.08396521404667,1188.4037265093996,-0.0741755157398044,0.091180524992626,0.1236426870311555,2.23308152021483,1195.367539891611,2.654597881557029,99.33099162737616,0.4453669530809835,0.0757915111059129,2021Q2,0.08682366517315888,0.05166548382137437,0.06453544493749004,0.030541074693919847,1.1130705315467448,2.385826591339513,0.010300629934945476,5.061131710034915,2.24429022641344,0.0037142416081654694,3.0209636161992197,-0.07417551573980441,0.028748223617539495,0.04103992952872891,0.05424830831242697,0.04606851147159052,1.12703380299233,0.019747047853443375,-0.000787200070875879,0.015680559571519915,-0.09517209049473145,0.029693640781798387,0.17745202371711288,0.12200632354242254,-0.006586388326780006,1.0164296684016203,0.10083853671626983,-0.1750140524560742,2.069298052587634,1.55297714647523,-0.011961128693459444,0.013117002222454547,-0.0279363064025958,1.1542942343421656,2.738965058845922,1.3536069043115302,-0.048498764966548064,0.2500540457276923,0.785092734160048,0,1,48.64390525339058
C007,MockCompany_007,Bio,2021Q3,523.1894978534336,6.862677806121484,-25.37404448940848,905.6861846889128,485.2764884413069,420.4096962476059,640.3640655371779,233.79782208841317,-14.615982118681696,5.0699193265849685,1280.4307462832571,0.0774375052190059,0.2500540457276923,-0.2890323711603265,2.256552662143174,1222.6973547524094,2.565955537266494,101.86557258058654,0.785092734160048,0.0864699342091548,2021Q3,0.013117002222454547,-0.048498764966548064,-0.0603555168109247,-0.028016375780421116,1.1542942343421656,2.738965058845922,-0.0279363064025958,1.3536069043115302,2.447355597798161,-0.011961128693459444,-0.8507306960037639,0.07743750521900572,-0.004123443542646987,0.011084160637889194,0.04053787294910283,0.04031230566662866,1.136120613442275,0.021040040920178645,-0.009836902181449185,0.019199773412942593,-0.037635558590152336,0.1018440654248405,0.20165269772063935,0.09591553241703885,0.015975177709136357,1.1391533543049328,-0.0267804328736007,0.1042179380926066,2.0546870762191065,2.1902753119018095,-0.04015554772463492,0.05206053158266135,-0.028132809755597447,1.2566161556919906,2.090342407378705,3.540578354370957,-0.006766685202145731,0.161753355379694,0.4567737073103434,0,1,59.78117258566652
C007,MockCompany_007,Bio,2021Q4,502.1805370033523,26.14378570691292,-3.3980976085529475,881.9049919398896,491.0963957530041,390.80859618688544,628.5812102997576,300.70729468953834,-14.127749510507208,7.384043816202232,1197.9008496930826,-0.0644547913502832,0.161753355379694,0.3496208286925766,2.232194082241803,1248.5341101357378,2.479985771680284,102.24545963535698,0.4567737073103434,0.0864871053562974,2021Q4,0.05206053158266135,-0.006766685202145731,-0.008695043153347824,-0.0038531334322923394,1.2566161556919906,2.090342407378705,-0.028132809755597447,3.540578354370957,2.3853987986848257,-0.04015554772463492,2.8095604143899564,-0.06445479135028298,-0.016134144936642964,0.022230612957147105,0.04341853760749246,0.0334152795529657,1.166244499004704,0.0626491511524971,-0.014410879074986251,0.018150461644156658,-0.04434036678018505,0.08422960833123536,0.19167786213540303,0.0808157304347737,-0.012022737969037474,1.1911960506313053,-0.01622782589757102,-0.048226965452712184,2.0238231819134516,1.8097231133213425,0.04282774018918922,-0.0030836594917037488,-0.0304811615607438,0.9609550424452237,2.2097117180858907,-0.16717389032889488,-0.02843883383573475,0.1101634360714296,0.3162942833524189,0,1,43.6066847598725
C007,MockCompany_007,Bio,2022Q1,523.6877945701993,-1.6148748384188818,-14.893070171612733,979.1977088327568,479.8503563249808,499.3473525077759,694.3489892186449,314.2260519928356,-15.962612273714337,9.659850800113777,1245.032904274147,0.039345538984416,0.1101634360714296,0.2054877619768108,2.218140293461353,1235.3828043895496,2.4996312866918564,102.35942416576373,0.3162942833524189,0.0989737395594225,2022Q1,-0.0030836594917037488,-0.02843883383573475,-0.02982507085856832,-0.015209461824977781,0.9609550424452237,2.2097117180858907,-0.0304811615607438,-0.16717389032889488,2.377433496027136,0.04282774018918922,-1.061768974720133,0.03934553898441617,-0.0013936736551849183,0.03462069818328734,0.03722938487164276,0.040357172407768795,1.1212339910065312,0.12271551603417562,-0.019062411945997892,0.01960947212035994,-0.005461815721666425,0.07545802407493964,0.15328784054286046,0.07106897192914682,0.07330890174993301,0.9639183005829604,0.009262919136741675,0.030082619847674325,2.021834894370488,1.463684921756742,-0.09988846146103436,0.010600588500937003,-0.013073258408172653,1.2412914796390586,2.4150777245971957,0.4344126005104012,-0.039637936299903385,0.1843196561723987,0.3179178527167789,0,1,49.186165589210994
C007,MockCompany_007,Bio,2022Q2,471.3774264846599,4.996878126805163,-18.684428404250976,899.1947238939256,497.9998181614984,401.1949057324272,674.3960429204442,279.24403262446134,-6.162438904226439,11.502608627143424,1185.791513327996,-0.0475821889869559,0.1843196561723987,-0.0688844565375772,2.4559194305576093,1239.2366922801705,2.3978290471870056,102.57542141399992,0.3179178527167789,0.0205562734408218,2022Q2,0.010600588500937003,-0.039637936299903385,-0.0465719482905543,-0.02077906810142085,1.2412914796390586,2.4150777245971957,-0.013073258408172653,0.4344126005104012,2.515588245641351,-0.09988846146103436,-4.09428198887388,-0.04758218898695599,-0.027294349422484876,0.05940687567912593,0.01817361570358729,0.023686247046429236,1.1532892280296096,0.13590965044295292,-0.024905884031777424,0.007972687920770374,0.0011865159665456985,0.06820921787354263,0.17657262333780366,0.05799231791187551,-0.08681520305286171,1.2281330594536857,-0.10236113136827,0.0547789423813141,2.0705829748946663,1.7303705683428634,-0.004130972951592371,-0.043764514004967774,-0.029228515081933464,1.3997398740943665,2.6525637349536852,-2.200182792232276,-0.07164011661196834,0.2374255826327725,0.6423793858071155,0,1,26.25958494166848
C007,MockCompany_007,Bio,2022Q3,469.4301790858606,-20.54438364700144,-33.63003277095987,873.3507701127816,509.4151704507665,363.9355996620151,655.0130775845862,246.93584887353157,-13.720747069355031,9.337580367109952,1088.8418763759005,-0.0817594289235554,0.2374255826327725,0.0773917934089664,2.147940843052476,1232.5033702428177,2.0318385150773777,102.94158925455176,0.6423793858071155,0.0732968453280288,2022Q3,-0.043764514004967774,-0.07164011661196834,-0.0924065488567194,-0.03850690229147963,1.3997398740943665,2.6525637349536852,-0.029228515081933464,-2.200182792232276,2.3194969665008003,-0.004130972951592371,-5.111443810645194,-0.08175942892355537,-0.025336810487018108,0.06020420016005854,0.003953236646731709,0.039517931572249684,1.2146506379676598,0.18356680858321758,-0.025228936201611842,0.008160381663428725,-0.03861271756909462,0.05381261518887047,0.1734155075640737,0.052766847258656255,0.025097542130341093,1.4609988094174813,-0.07712400203849361,-0.004635426885061786,1.832673786418294,2.3659013199877106,-0.04704493261235809,-0.03158927543338822,-0.04429706015798605,1.8794014685102929,2.330280140378116,-1.3145255518325982,-0.09279521592708326,0.2169109180038614,0.6799796313731346,0,1,23.686825281671794
C007,MockCompany_007,Bio,2022Q4,447.3458679445591,-14.13133183652038,-41.511556410096624,822.2951054584781,536.716621718235,285.5784837402431,616.7213290938586,264.6554456716341,-19.816106823810912,10.750138569391192,897.420579581103,-0.1758026587220578,0.2169109180038614,0.1591446635661908,2.149248153566772,1226.4431162563335,2.2553171879424307,103.42455049677037,0.6799796313731346,0.0927809511142236,2022Q4,-0.03158927543338822,-0.09279521592708326,-0.14535953782746955,-0.0504825532032092,1.8794014685102929,2.330280140378116,-0.04429706015798605,-1.3145255518325982,2.0061000757702696,-0.04704493261235809,-0.31215596051318284,-0.1758026587220578,-0.0270591567089489,0.06086438158615575,-0.016959215107280684,0.02506416121812438,1.3703469661722354,0.38481921954946785,-0.029269998802208992,0.012775179170417483,-0.06644968441203827,0.08895892862172762,0.18720489822011555,0.0558219677962876,-0.0027478724543720454,1.9387703991489789,-0.12293126820373235,-0.052871390518325456,1.909530804405121,2.835660948525975,-0.0014418920984358152,0.03922420096059573,-0.008341256688045437,2.0799340965297626,2.506590890159652,2.1895930352197728,0.007912725182047097,0.2854769653795438,0.8302688594603461,1,1,50.12769838026973
C007,MockCompany_007,Bio,2023Q1,446.7008434723019,17.52148365366441,3.5346210129928743,809.3721855844313,546.5833854947506,262.7888000896808,607.0291391883235,242.173200887662,-3.7260463981772176,8.002164497986795,919.851689877533,0.024995092386783,0.2854769653795438,0.0332487608602197,2.0012927537976264,1221.8771491995144,2.015467218311238,102.31559972128434,0.8302688594603461,0.060549017706713,2023Q1,0.03922420096059573,0.007912725182047097,0.01345042487264746,0.004367114506704018,2.0799340965297626,2.506590890159652,-0.008341256688045437,2.1895930352197728,2.059211893860035,-0.0014418920984358152,-2.2399032063193562,0.02499509238678299,-0.03812656478085516,0.046171905743461215,-0.006382249994205816,0.038302275676982626,1.6500917296933701,0.394605757978825,-0.0237350225840344,0.016366806783031672,-0.07003729606144653,0.08338486478466298,0.23103328054714412,0.04237365600666032,0.006899364589609621,1.998350343542684,0.029441052174114475,-0.004445959787331474,1.7724291349979568,3.120995532972184,0.03549660201426885,0.04286408539774972,-0.041758659664792176,1.6331612607111154,2.2847295546470527,1.9718131703876,0.003655977938669682,0.2101889980525188,0.53570321247704,0,1,50.215570272407675
C007,MockCompany_007,Bio,2023Q2,462.5572055324765,19.827091559331404,1.6910989388030877,911.8517798753794,565.5563237332477,346.2954561421317,683.8888349065346,299.3303227129207,-19.315768921369767,10.055258710672964,938.104254573222,0.019842943048916,0.2101889980525188,-0.0089321385424465,1.9152970269618907,1195.3535313433797,1.9274105217755475,101.81845767551926,0.53570321247704,0.0488313976778995,2023Q2,0.04286408539774972,0.003655977938669682,0.004883399157579817,0.0018545765618095866,1.6331612607111154,2.2847295546470527,-0.041758659664792176,1.9718131703876,2.028082674641913,0.03549660201426885,0.1315874814736251,0.019842943048915984,-0.004280298912029357,0.03375941643603925,0.001683624229997363,0.04574474251863606,1.7480591749613843,0.2954768054609674,-0.03090637289818928,0.016422365945899665,-0.05318101305247855,0.09538832120472086,0.23750061601717412,0.03401762223845971,0.07725526167906102,1.5631572969636975,0.036602027747226394,-0.016759084698310393,1.7035537014611173,2.3863047691723174,-0.04729128755598355,0.055407735680090324,0.02906993372488334,1.8412741864011393,2.7700983504911147,4.418885384926952,0.02327493492215034,0.1507059932660381,0.289315415228267,0,1,71.21417408003066
C007,MockCompany_007,Bio,2023Q3,440.6822797145479,24.417207273378708,10.25685138172423,913.4415596271529,591.9514464950902,321.4901131320627,685.0811697203646,247.31294092721853,12.81060466506148,5.525648470595818,782.0945075010678,-0.1663032081046565,0.1507059932660381,-0.1544987827590434,1.7247535932815767,1196.0216889855371,2.009743627263558,101.1079140490212,0.289315415228267,0.0625086733986158,2023Q3,0.055407735680090324,0.02327493492215034,0.03190409584222264,0.011228798682971714,1.8412741864011393,2.7700983504911147,0.02906993372488334,4.418885384926952,1.7747355487175365,-0.04729128755598355,0.23150726370086372,-0.16630320810465649,-0.015070377563127152,0.04001380699627793,0.026476686651261884,0.03932644364575216,1.8584427530380776,0.18307029019971818,-0.01633176069648508,0.03441776273842781,-0.07431695784775383,0.1117881746532731,0.21582071867549052,0.055150778120213705,-0.07636122128086689,1.7392533529664516,0.03718638184899011,-0.20348958995364663,1.6658805338864582,2.1792747614607566,0.018567821480794944,0.052801006076833336,-0.009075895390530083,1.7998698049578963,2.462629152494495,4.45753111248779,0.010114482448082395,0.2439186299261528,0.3063233534043126,1,0,64.50797583885758
C007,MockCompany_007,Bio,2023Q4,448.8647896140374,23.700512484140106,4.540035036123493,888.498465719139,571.1628295606212,317.3356361585178,604.349186434974,245.4081183195375,-4.073849875038373,5.316959518978005,933.3910672213808,0.1934504823512091,0.2439186299261528,0.2492322591845068,1.6647711843044686,1186.4758117098568,1.88424891569293,100.3810294650198,0.3063233534043126,0.0450213777167246,2023Q4,0.052801006076833336,0.010114482448082395,0.014306729275880366,0.005109783765854609,1.7998698049578963,2.462629152494495,-0.009075895390530083,4.45753111248779,2.0794481741860182,0.018567821480794944,-0.02935203773365147,0.19345048235120932,0.0013328109601611071,0.03575943763729243,0.04757425702881728,0.007758682158877334,1.8385598371499783,0.18434966284855936,-0.007526469504621089,0.028949405124738998,0.017996327420562896,0.14697264141960809,0.22257264665606338,0.0569525385388286,0.027643716871325025,1.7048348684488055,0.06229293216709819,0.1311575501841109,1.5980997785120463,2.282720568650596,-0.00611499695744222,0.024165545404973593,-0.03813609664702125,2.007616393359054,2.3847085643264125,0.8741405539904857,-0.0031036242534398855,0.1652639653392891,0.7678517683772926,0,1,40.05971943037426
C007,MockCompany_007,Bio,2024Q1,446.11998279124464,10.780732700232026,-1.3845887985381948,894.3705554117095,597.0019955832319,297.3685598284776,670.7779165587821,281.282973773303,-17.013274779932498,12.33295109138161,963.1436327495018,0.0318757770166922,0.1652639653392891,0.2087548911973853,1.753903287718796,1175.5879983400494,1.5750558911226755,99.0065868194736,0.7678517683772926,0.1022921616414668,2024Q1,0.024165545404973593,-0.0031036242534398855,-0.004656137149576843,-0.0015481153646647872,2.007616393359054,2.3847085643264125,-0.03813609664702125,0.8741405539904857,2.1589340758090003,-0.00611499695744222,-0.5451265997962589,0.031875777016691975,0.00016453474540950586,0.035956100682473575,0.04380959313991174,0.014167392294603334,1.8204804113573012,0.1538023820093973,-0.014975179494365042,0.03280526606520177,0.019716498578040195,0.14712204959643216,0.1925193966459997,0.042604050017117215,0.03202109968957903,1.9591012482495662,-0.020085548199489878,0.051961325216182075,1.5178121120965298,2.924238081655727,-0.011722279527742852,0.00897156402064216,-0.03954666820748477,1.860935891747339,2.5168700853012527,0.39506422686759307,-0.04449652732316276,0.2221831624968677,0.4416781076802956,0,1,40.595837092274294
C007,MockCompany_007,Bio,2024Q2,440.89043965005385,3.9554768054184977,-19.61809349445436,895.137500428049,582.2547465682707,312.8827538597783,654.7565277920216,260.14712941019155,-17.435747932732315,10.012237342737496,1127.2671728446128,0.1704040129784017,0.2221831624968677,0.180911846308473,1.9214020086075476,1157.0874987916102,1.8541393447716856,98.3833300186167,0.4416781076802956,0.0378273139865906,2024Q2,0.00897156402064216,-0.04449652732316276,-0.06270110209776444,-0.02191629049732717,1.860935891747339,2.5168700853012527,-0.03954666820748477,0.39506422686759307,2.556796590410981,-0.011722279527742852,-0.6330975903582725,0.1704040129784017,-0.01164018564009342,0.027166518679053654,0.03533646279563485,0.022566668266772876,1.877424069116357,0.0904495793138404,-0.014422181630038191,0.03221664407214353,0.05735676606041162,0.1653019908084818,0.19551793775708692,0.04463583922139031,0.02782438867974192,1.8442403862562171,-0.04229738371458547,0.21270139669298715,1.6685657233202145,2.5359260451131225,-0.011328221769986713,0.00010803848150181379,-0.05651132098709308,2.597434372085408,2.30316584004628,0.00374504325980633,-0.024507538689941294,0.2932537671907055,0.6790141424248372,0,1,28.37713834001355
C007,MockCompany_007,Bio,2024Q3,435.8959349734311,0.0470935349074509,-10.682736491174005,856.5227041907223,618.4300482594886,238.0926559312337,642.3920281430417,278.9169659306124,-24.63305509830913,12.574897440875285,1094.167286898616,-0.0293629467293636,0.2932537671907055,-0.2488684623621369,1.9688096962737864,1153.9548205423728,1.7156485487279252,97.69831337710298,0.6790141424248372,0.0868786164973724,2024Q3,0.00010803848150181379,-0.024507538689941294,-0.044867979859969064,-0.012472216368455778,2.597434372085408,2.30316584004628,-0.05651132098709308,0.00374504325980633,2.5101571249174373,-0.011328221769986713,-0.9880940940311067,-0.02936294672936357,-0.00264941919359421,0.014373818094892722,0.021511538495987723,0.023104366880730212,2.0664641155374244,0.36455765202589274,-0.0358174953080323,0.019686122269814695,0.09159183140423484,0.10767638280542452,0.23115488123825376,0.05304491635171851,0.045183099217106365,2.5971537492200474,-0.06773150427557798,0.03836855754621438,1.6357468319133106,3.6146047580526965,0.005515556379419584,0.06965628990809293,0.08745842780634407,2.4700519044303846,2.6556371341233627,4.787700004390065,0.01475028588316347,0.1635615000916146,0.3628391406502521,1,0,76.30722720854709
C008,MockCompany_008,IT,2021Q1,145.01600532072572,32.3623991091408,24.473525530279403,279.1618681185308,104.03494111922868,175.1269269993021,140.49420424323085,91.43577881284078,20.78092266396652,1.4857621910284884,645.345101496817,0.1845811519142814,0.4058013949575784,-0.1228970308921293,2.098819791064822,1200.1602670985242,2.715741073343659,100.22156694017548,0.2738899135399362,0.0623470237885011,2021Q1,0.22316432615381385,0.16876430622939576,0.13974735895546883,0.08766786701613702,0.5940545117830408,1.5365342327238318,0.14330089025596132,21.781681673402197,4.450164656412129,0.029321658588051358,0.016305366076255545,0.03901112242922311,0.028748223617539495,0.04103992952872891,0.14908296294256101,0.02851283501543619,0.6270378788260513,0.06156726049581937,0.09118377837234426,0.043601873648594996,0.043950407107197303,0.10004747440174336,0.2019274246561828,0.07374245419873522,-0.14330089025596132,0.4614827369623456,0.36646521640977514,-0.18188406449549374,2.0451443826725253,1.1411740454598602,0.047908247155349803,0.1931962378913665,0.10451120838100901,0.585719018858536,1.578055189063217,11.199016342844281,0.1581699546823228,0.1769371633498145,0.6851579369296523,0,1,100.0
C008,MockCompany_008,IT,2021Q2,151.96346794511257,29.35877030411421,24.03605483840524,297.5170008973482,109.89422702727938,187.62277387006884,129.20935292775764,81.87885558228308,15.881885664816954,2.621549017711208,722.9484673911904,0.1202509567584532,0.1769371633498145,0.1433334145966278,2.0581368135740603,1200.771565390702,2.124718021747664,100.49776897738812,0.6851579369296523,0.0632400764476139,2021Q2,0.1931962378913665,0.1581699546823228,0.128108407857366,0.08078884489232119,0.585719018858536,1.578055189063217,0.10451120838100901,11.199016342844281,4.757383318256159,0.047908247155349803,-0.09281230340485525,0.12025095675845332,0.028748223617539495,0.04103992952872891,0.20818028202259017,0.021190638429573496,0.5898867653207884,0.005894083571449913,0.12390604931848517,0.0274284470938477,0.1524160543363673,0.04548831722974011,0.2913692791536964,0.16183145014089842,-0.05660296122565921,0.47256030795364445,0.3456156934277253,-0.2253647366692721,1.824230661979814,1.3346554082331112,-0.08985805311904504,0.22854360113638858,0.22508449387651366,0.6054693646389322,1.3010476271210816,29.32615437727169,0.17280942389508144,0.4213948713625808,0.5074247908794978,0,0,100.0
C008,MockCompany_008,IT,2021Q3,138.30832657034634,31.60948302176315,23.900982234687145,282.68047292388815,106.60705841382234,176.0734145100658,81.34198805186418,62.52037692928598,31.131059685219054,1.0778598034297646,683.1025364362446,-0.0551158661401311,0.4213948713625808,0.2279219399913103,2.2128962141531408,1236.736290517874,2.6781918888032723,101.63187577425198,0.5074247908794978,0.0910984222888339,2021Q3,0.22854360113638858,0.17280942389508144,0.13574441264206316,0.08455123195240283,0.6054693646389322,1.3010476271210816,0.22508449387651366,29.32615437727169,4.93898345363803,-0.08985805311904504,0.07666236338698207,-0.0551158661401312,-0.02097490298184762,0.09741548514300673,0.21496805506052297,0.01904581757158041,0.5950809650935031,0.009915101835595155,0.15763219750449467,0.06155094694140795,0.08323874751086784,0.12406084330313341,0.33471114322332457,0.1368585425556016,-0.3149425469955587,0.46709321566658946,0.3637700418938572,-0.4188859080339883,2.0829017231901066,1.395912877908668,0.06851346224017973,0.17651598865512266,0.11392831444748198,0.5615452388711948,1.226546717958098,8.515584159288569,0.15012145008337668,0.2120064904276019,0.5313896852638066,0,0,96.85518602037584
C008,MockCompany_008,IT,2021Q4,147.78430888032622,26.08629338990132,22.185594748834333,311.2304014673716,111.92115718842174,199.30924427894985,143.68919890161743,117.14938925408276,16.836817212635538,3.0633592356587203,637.5544974345718,-0.0666781874933412,0.2120064904276019,0.1043349296907055,2.351366742999982,1227.1706243934675,2.147876907954544,102.1170571890354,0.5313896852638066,0.1092833954020592,2021Q4,0.17651598865512266,0.15012145008337668,0.11131242220592859,0.07128350779410897,0.5615452388711948,1.226546717958098,0.11392831444748198,8.515584159288569,4.314087891066574,0.06851346224017973,-0.17473204569840983,-0.06667818749334109,0.008854552092161497,0.08610619921272025,0.2053550384591729,0.02472790186593428,0.5866970335379259,0.0186199014387264,0.1467062267402415,0.05480133874418219,0.04575951375981557,0.12601388975421376,0.3040349800243939,0.1274792077218555,-0.04541485220730225,0.4624235258572688,0.3589577653427844,-0.4256359528361256,1.9428864651521245,1.2058197015486773,0.15428064526186058,0.26226247461379426,0.24955779072965617,0.41121845411932484,1.2071645438460867,33.136196586994465,0.23667244209201121,0.2403555718129975,0.356394653665662,1,0,100.0
C008,MockCompany_008,IT,2022Q1,170.58456741396105,44.73793078117129,40.37266615330815,369.7254961635235,107.73523159187673,261.9902645716468,145.25705130111731,120.32912334975802,42.57070777665177,1.3501226862468023,693.7769657970168,0.0881845686740131,0.2403555718129975,-0.143890864240077,2.375493279560292,1222.0415434281897,2.336266051811384,103.11373617552847,0.356394653665662,0.0678323824789469,2022Q1,0.26226247461379426,0.23667244209201121,0.1540998716847866,0.10919632692937896,0.41121845411932484,1.2071645438460867,0.24955779072965617,33.136196586994465,4.067055867424086,0.15428064526186058,0.714997608609681,0.08818456867401325,0.04521107538458627,0.10114365446675805,0.215129575574168,0.038181700024688875,0.540988019121997,0.08835806988593671,0.1732704518586652,0.07473012747745969,0.0216603679497485,0.09633944152914933,0.26267352423824863,0.10894712620805187,-0.09527714546779559,0.3033712847351317,0.6661009106053111,-0.5779163419312979,2.0157282290085434,0.9001215102137912,0.06358795945581308,0.18896603534725026,0.16939196877824553,0.3319400581927344,0.8208870607480491,17.848895082536732,0.1475356659506249,0.1646471986336248,0.2533687624420327,0,0,100.0
C008,MockCompany_008,IT,2022Q2,181.43169197046743,34.284427518191734,26.76764549955909,396.4337647208616,98.79742419481904,297.6363405260426,185.7017023456495,226.2207692439498,30.73307150181507,1.9208151172274268,689.2707037441968,-0.0064952604006435,0.1646471986336248,-0.0435510479665897,2.2054280370409987,1244.3233655027282,2.080433095085438,102.55609784915288,0.2533687624420327,0.0847175819553787,2022Q2,0.18896603534725026,0.1475356659506249,0.08993406333433615,0.06752110410761633,0.3319400581927344,0.8208870607480491,0.16939196877824553,17.848895082536732,3.7990645198447135,0.06358795945581308,-0.23366085736310116,-0.006495260400643632,0.04913100345970209,0.10158590503415128,0.21407202493813893,0.0390406306823744,0.47754327895554655,0.12782891294487184,0.18949064195797433,0.060521639816809115,-0.010026186340025675,0.07047540539689062,0.25960103305920124,0.11229292802302107,-0.10580400932243245,0.2692146614231179,0.42194596358130887,-0.4284412239819524,1.8733484058950711,0.6872306224987754,-0.013856650021259576,0.1527966320178303,0.07866709854726435,0.3273887623553058,0.8101643781301322,12.893688285752845,0.12780700253308316,0.1404013649019486,0.4424353094829969,0,0,91.7664854959311
C008,MockCompany_008,IT,2022Q3,178.91765651206768,27.33801532371976,22.86692937917894,388.5335945188549,95.82839349762789,292.705201021227,209.0338781865893,258.01415592750635,14.074932916759089,2.120263395930999,760.9107756698371,0.1039360465147921,0.1404013649019486,-0.1216438394220505,2.133180244861081,1243.5877003989608,2.266933995430218,102.41112338130242,0.4424353094829969,0.0118225050763672,2022Q3,0.1527966320178303,0.12780700253308316,0.0781227299662588,0.058854445797505914,0.3273887623553058,0.8101643781301322,0.07866709854726435,12.893688285752845,4.252854584054214,-0.013856650021259576,-0.20261129315302473,0.10393604651479205,0.06813135423414846,0.06871322441617364,0.1951352826584994,0.04719943135055467,0.40802312838464,0.10934621327016907,0.15288629312566202,0.07448496207133115,0.029736791823705123,0.0806851532409579,0.1893526564440432,0.04517035222189001,-0.09252374856852393,0.27736486210692923,0.2176070805438351,-0.113671034029043,1.913116294221643,0.8602015364918747,0.03448718375711213,0.25014162702373366,0.2861013256935968,0.26691371761340255,0.9812801480117221,35.147849134959735,0.22147244986095485,0.121351845787338,0.4993308992244023,1,0,100.0
C008,MockCompany_008,IT,2022Q4,185.08802260959123,46.29821911841889,40.99189780748744,427.056249870832,89.97232384384989,337.0839260269821,211.0339012054457,215.059788615986,52.95392863889657,1.3172418859969617,753.1071900713874,-0.0102555856060523,0.121351845787338,0.0726930460255569,1.934851542778532,1221.9392050506328,2.3700974654420466,102.37930820994366,0.4993308992244023,0.0667565949202874,2022Q4,0.25014162702373366,0.22147244986095485,0.12160739401167592,0.09598711602930508,0.26691371761340255,0.9812801480117221,0.2861013256935968,35.147849134959735,4.068913695489946,0.03448718375711213,0.6935471931734694,-0.010255585606052331,0.059624784613381554,0.0707268429068486,0.21354169225065214,0.051662994862194354,0.3343652480701919,0.05919086962211202,0.1959295459371907,0.09212611477986869,0.04384244229552735,0.060657361123487186,0.1666889952839772,0.052209290573773354,-0.2516141419364847,0.20014748601463264,0.5707301364744426,-0.5809857220804949,1.8733139143923923,0.820830231026373,0.07040749902334187,0.3015859229400868,0.2546227128512584,0.232169097786478,1.371141740650617,28.134254435270297,0.289892033183018,0.2796750947857807,0.0736423306953992,1,0,100.0
C008,MockCompany_008,IT,2023Q1,198.11960738070832,59.75008464474013,57.43329579730468,471.8888815041085,88.91475696909298,382.97412453501545,179.17620652075698,130.67664794039848,50.44575190055677,2.123748640792152,851.7061425728344,0.1309228670252115,0.2796750947857807,-0.1053266505860611,1.9910155168417625,1222.858630727746,1.9086057912565564,102.85719508542532,0.0736423306953992,0.0220850633120447,2023Q1,0.3015859229400868,0.289892033183018,0.14996651762540572,0.1217093643192416,0.232169097786478,1.371141740650617,0.2546227128512584,28.134254435270297,4.29894927528243,0.07040749902334187,0.2905482280412306,0.1309228670252116,0.038656498053751875,0.03831761010582304,0.22337255433222525,0.06582472595447053,0.2896029089869802,0.048420543132864854,0.19719577646759126,0.09313815708784122,0.05452701688332695,0.07348034212913224,0.17651887602717303,0.07101647233347516,-0.18421521382791656,0.1621501661523758,0.626616134814687,-0.49569326778947553,1.7317250470527354,0.5154675916335556,-0.005697403820705715,0.18336599651004207,0.15403827160833425,0.22852487479837208,1.3177956485848796,19.53708782301434,0.16520566227424488,0.04,0.4643223862938028,0,0,100.0
C008,MockCompany_008,IT,2023Q2,196.99083997266075,36.12142167512053,32.544002179808416,474.1475675547367,88.19887633891886,385.94869121581786,178.8932209874027,135.75186803674012,30.34412851221666,1.8488641696657089,854.0783635860447,0.0027852576077991,0.04,0.0539032862053789,1.7886168438397962,1189.181187663696,1.956947618254055,100.66820642432386,0.4643223862938028,0.0629982843279781,2023Q2,0.18336599651004207,0.16520566227424488,0.08432209493236986,0.06863686414669379,0.22852487479837208,1.3177956485848796,0.15403827160833425,19.53708782301434,4.335624761538363,-0.005697403820705715,-0.39545823424535775,0.00278525760779913,0.021335157234622176,0.03894565951605889,0.2219725446229232,0.06685197492050408,0.2637491131383896,0.045818715281701866,0.19335735217511346,0.09496443793444032,0.0568471463854376,0.07101652709668271,0.14535707636876682,0.09956949630594247,-0.15973567542903996,0.18662118340363598,0.3317068642976706,-0.3289216066898715,1.6677019180319568,0.6909435696974388,0.024425460798183973,0.20645772660415543,0.15855023731157417,0.23436306980797125,1.427347894276483,33.38364459907894,0.17109822063853425,0.1902332889622886,0.2677890600132765,1,0,100.0
C008,MockCompany_008,IT,2023Q3,201.80243201201432,41.66367133659657,34.52803703795553,490.4383076154052,93.1173575553326,397.32095006007256,174.5036657449774,122.25727619965087,31.99582348571623,1.2480264453918382,1064.574689405392,0.2464602017729734,0.1902332889622886,-0.4618748020813115,1.9561215358642263,1182.7552599301257,1.9522157968540623,100.81322840121032,0.2677890600132765,0.1007968783572325,2023Q3,0.20645772660415543,0.17109822063853425,0.08690213046316383,0.07040240638168405,0.23436306980797125,1.427347894276483,0.15855023731157417,33.38364459907894,5.2753313168036415,0.024425460798183973,0.15343387398545816,0.24646020177297312,0.030905684939483064,0.0313847089169453,0.2353878182695045,0.052099533195837495,0.24049269000155596,0.01777783012522689,0.2133281368661909,0.06712447496953271,0.09247818519998292,0.12081322211387772,0.15781505738385182,0.10183444734889567,-0.1341247765133902,0.18597700321544652,0.38943342471391357,-0.14297322294094017,1.7227446444304384,0.6439993521910117,0.09032660354291155,0.24263883116688637,0.18540861119629426,0.20683758779225503,1.2899102001816027,25.854428061722945,0.1953022454251992,0.2008786314065921,0.4332860111419135,1,0,100.0
C008,MockCompany_008,IT,2023Q4,220.0305602823589,53.38795796814933,42.97246248550464,535.1235108073804,91.71379584638956,443.40971496099087,293.5122605461314,227.54472404630863,40.79556060288007,2.06494445805726,1103.7972298676962,0.0368433899966301,0.2008786314065921,0.3718936909407491,1.8063456244896403,1185.4422664835083,2.027794420871864,100.3837692846076,0.4332860111419135,0.0272131710067385,2023Q4,0.24263883116688637,0.1953022454251992,0.09691366931188743,0.08030382073960572,0.20683758779225503,1.2899102001816027,0.18540861119629426,25.854428061722945,5.0165632830558105,0.09032660354291155,0.2814031086419013,0.03684338999663006,0.04486553988593292,0.04356415994367798,0.23351211930529267,0.051523177330002876,0.22547365754626908,0.012655217540142275,0.1881549582418653,0.04642518222229608,0.10425292910065352,0.10920001268345161,0.17769675378866537,0.10009086238765294,-0.0950820076533827,0.15665075724896402,0.5183740459060922,-0.48153065590946204,1.6975816958215788,0.7908153997974696,0.12409278844148153,0.23434274032784494,0.18561391026276275,0.19677943744003293,1.2970295124722604,29.188725793378644,0.22414803300882954,0.1307725734318532,0.4421660184338711,1,0,100.0
C008,MockCompany_008,IT,2024Q1,247.3347660501383,57.96110685477018,55.43960130506168,598.1788727342865,98.35505054895364,499.8238221853329,272.3679685472548,209.99365544643527,45.908773070677405,1.9857361104378772,1440.877557208744,0.3053824726317271,0.1307725734318532,-0.2985974162864478,1.7337392912649474,1194.899438176679,1.821433096912351,97.7104494843659,0.4421660184338711,0.0857809582016787,2024Q1,0.23434274032784494,0.22414803300882954,0.11091828529212029,0.09268064091189575,0.19677943744003293,1.2970295124722604,0.18561391026276275,29.188725793378644,5.8256167550292215,0.12409278844148153,0.08565880885253452,0.30538247263172713,0.058286862240467835,0.05943496657951256,0.21670132365223221,0.027081046228900472,0.2166262424596578,0.017756556775838338,0.17090275759474136,0.01696892695942883,0.14786783050228242,0.15045120748958332,0.14047112345018348,0.07374245419873522,-0.06152112182128122,0.1506656048301639,0.5440494390320892,-0.23866696640036217,1.602780167315058,0.7236041966958882,0.027162437832627395,0.1934100278560521,0.18280510048747398,0.1702717395255758,1.1274521598130447,34.96769417392807,0.17620217041005193,0.04,0.5652509266983402,0,0,100.0
C008,MockCompany_008,IT,2024Q2,254.05298125682265,49.13639418198856,44.76468669677259,629.3775384500756,91.57292675787764,537.8046116921979,253.8244010588999,225.1309723863245,46.44218076797861,1.405194002859273,1474.6685483659744,0.023451674285697,0.04,0.218100108693557,1.8175556282709031,1172.37723289094,1.8039735566211768,99.0042940248302,0.5652509266983402,0.1072531085574143,2024Q2,0.1934100278560521,0.17620217041005193,0.08323596660102565,0.07112533251018198,0.1702717395255758,1.1274521598130447,0.18280510048747398,34.96769417392807,5.804570924792355,0.027162437832627395,-0.15225231455453736,0.023451674285697166,0.06650182265380111,0.04899777869075673,0.2192123314887347,0.02313848869541789,0.20206295864145876,0.02648705013182206,0.1780944648145263,0.013092055024241836,0.1530344346717569,0.14402586490010694,0.14047112345018348,0.07374245419873522,-0.15564266265484658,0.13733947764083573,0.4033775661761535,-0.3799258918904565,1.61924838457951,0.742590404339176,0.08611877931413581,0.17750518640665833,0.14979508228070132,0.1735926339460351,1.6042123014590863,21.832302626232572,0.14638043221086353,0.1347338681612453,0.5399456835754048,0,0,100.0
C008,MockCompany_008,IT,2024Q3,275.93171388377726,48.9793103086261,40.391003539138026,698.7346908715551,103.3537463593291,595.380944512226,323.617507272764,201.72985020549868,41.33321378522514,2.243433096605338,1736.3826332035324,0.1774731583768798,0.1347338681612453,-0.1788281913766892,1.8708998557840373,1165.5892755644977,2.071463652582591,99.0754993823483,0.5399456835754048,0.1043085585716629,2024Q3,0.17750518640665833,0.14638043221086353,0.06784060509723076,0.05780592271538597,0.1735926339460351,1.6042123014590863,0.14979508228070132,21.832302626232572,6.292798347668749,0.08611877931413581,-0.003196894602820466,0.17747315837687982,0.08192515228278907,0.04027089653879945,0.21197419643936044,0.031482336775233474,0.1868703496759747,0.017782877647129484,0.17590567605680807,0.017453946568787623,0.1357876738227335,0.13280238890851137,0.12659626824992265,0.06608188155170613,-0.06367630296656551,0.14277904109862133,0.4134190480014955,-0.23594588962461568,1.7295040105976691,0.8174585928352714,0.05245127614210765,0.24526126886885127,0.21411061953517724,0.15361811842329004,1.3533152619036948,34.74006116043281,0.19118040780689433,0.2990306950334984,0.062933039775661,0,0,100.0
C009,MockCompany_009,Retail,2021Q1,679.6658980154306,56.80159548198979,33.51911417842319,1968.98558627416,722.5555639520175,1246.4300223221426,1476.73918970562,863.3863247103029,30.447564459762933,16.279779526499503,3483.1853147816323,0.002917453767419,0.1558380216790738,-0.0377621739765516,2.066173823969698,1184.0294729686382,2.299794810016636,100.65897674163504,0.5529610366313089,0.071655070490642,2021Q1,0.08357281959822066,0.049317045737099614,0.02689209468490579,0.017023544718696073,0.5797000641923656,1.7104037294074683,0.04479784045164332,3.4890887426357087,5.124849319271611,0.029321658588051358,0.016305366076255545,0.03901112242922311,0.028748223617539495,0.04103992952872891,0.14908296294256101,0.02851283501543619,0.6270378788260513,0.06156726049581937,0.09118377837234426,0.043601873648594996,0.043950407107197303,0.10004747440174336,0.2019274246561828,0.07374245419873522,-0.04479784045164332,0.5312528953065402,0.12837066004986397,-0.12545320628244497,1.8832978637858082,1.240051953616923,0.01914149861637071,0.0974870301662223,0.10857787308430533,0.5242750621778545,2.0476158109650324,4.601287459612103,0.03781968979375829,0.1224481137809103,0.5670588044046653,1,0,89.88264965914831
C009,MockCompany_009,Retail,2021Q2,692.6757218618873,67.5268989926571,26.196780928521992,2097.686851329765,721.5002932868179,1376.1865580429471,1279.7246163917114,624.9827773045644,75.20925661700815,14.675653190715549,3552.564094975113,0.019918199556899,0.1224481137809103,-0.2322378083749969,2.0320111312355422,1210.9426086669162,2.5526428717488616,100.05653646795336,0.5670588044046653,0.0310894630214175,2021Q2,0.0974870301662223,0.03781968979375829,0.019035777362741414,0.012488413564638043,0.5242750621778545,2.0476158109650324,0.10857787308430533,4.601287459612103,5.128755033337708,0.01914149861637071,0.1888204621658558,0.019918199556899108,0.028748223617539495,0.04103992952872891,0.09052992488222147,0.00983883264749149,0.5519875631851101,0.03919139477173895,0.07668785676797432,0.0450992935788546,0.011417826662159,0.012021342632969953,0.13914306772999205,0.02361023029798566,-0.08943637446793462,0.4731650433759239,0.22520640186689833,-0.20528820230999933,1.967911683644616,1.1626719615614993,-0.03204925948666093,0.03087722255401528,-0.017679387940452644,0.584561592760079,1.8365577134805349,1.100036531771088,-0.02525662871195006,0.1722093733121174,0.436615852580188,0,1,54.585121955844784
C009,MockCompany_009,Retail,2021Q3,670.4759779118255,20.702435987135345,-16.933962834425863,2014.5622218424696,743.1933895758699,1271.3688322665998,1110.3018245303383,604.5559126069193,-11.8536049182752,18.81977133314276,3166.4283756895184,-0.1086921189773213,0.1722093733121174,-0.3191616169145071,2.3105673502367456,1215.4793079788617,2.5508346768313546,103.53664401849107,0.436615852580188,0.0379699134975725,2021Q3,0.03087722255401528,-0.02525662871195006,-0.013319472999996885,-0.008405778015101497,0.584561592760079,1.8365577134805349,-0.017679387940452644,1.100036531771088,4.722657455299933,-0.03204925948666093,-0.693419418099052,-0.10869211897732134,-0.0064538804351451096,0.03619733218873388,0.07064569077281942,0.035136158189039354,0.5628455730434331,0.03349136972904303,0.045232108531831995,0.06312975076730916,-0.02861882188433443,0.06986455481756063,0.1501651695907005,0.025361026707242308,-0.014369871546208286,0.5665119543638965,-0.018851424873098294,-0.089840694104223,2.0661345018674933,1.1753371802562018,0.056468420980567036,0.14755996441840735,0.12094262370413039,0.5983250147413604,1.4381891007505527,5.192545117777197,0.1219472463979127,0.2796507844894266,0.1271691260716589,1,0,96.63403392771554
C009,MockCompany_009,Retail,2021Q4,708.3366976899077,104.5221379075225,86.37970980599692,2170.5559016317234,812.5367993765024,1358.019102255221,1449.6571473791528,1007.9739490593948,85.66809868465782,20.129269083187737,3300.605416759625,0.0423748858809693,0.2796507844894266,-0.1576976752296472,2.201045856164732,1226.1949665530958,2.4531058534698498,101.74333132549437,0.1271691260716589,0.038529225470816,2021Q4,0.14755996441840735,0.1219472463979127,0.0636071390030414,0.039796123076591056,0.5983250147413604,1.4381891007505527,0.12094262370413039,5.192545117777197,4.65965610354398,0.056468420980567036,4.0487844991996775,0.04237488588096938,0.014520220036758938,0.04443942057011265,0.0898742591842164,0.04797900006736171,0.5717154334679149,0.032595688774500975,0.0641597373249066,0.06395256691388877,-0.0108703949430085,0.06718678428185829,0.18253657331538203,0.06797366328357578,-0.06447420272356336,0.5100361968554822,0.3249710091031048,-0.28259612322213545,1.9968115883380322,0.9168561074165676,-0.04204908854682432,0.061179601469808144,0.003107464919371113,0.6408655576418391,1.9798501796977699,1.9653248008272075,0.005981963366977562,0.2668301595121785,0.381629690313213,0,0,66.09432689511046
C009,MockCompany_009,Retail,2022Q1,678.5517851677797,41.51352779325281,4.0590719214768685,2163.135555282167,844.8462260879675,1318.2893291941996,1381.8787788188274,697.971388434955,2.108575868388627,21.12298576490481,2831.435636579985,-0.1421465825018999,0.2668301595121785,0.3462869294053727,2.109375263100671,1231.140574392993,2.5821321464506743,101.20165841422634,0.381629690313213,0.0305946735259506,2022Q1,0.061179601469808144,0.005981963366977562,0.003079044813292151,0.001876475984855934,0.6408655576418391,1.9798501796977699,0.003107464919371113,1.9653248008272075,4.17276278460561,-0.04204908854682432,-0.6028255006610894,-0.14214658250189993,0.00037789289086312405,0.046006482175280486,0.08427595465211327,0.05021375816893916,0.5870068068302833,0.04820137525108002,0.053737143441838546,0.07115187396681744,-0.04713640401033822,0.09187787354174727,0.2102846077736582,0.07566161300998066,-0.04515655346619543,0.601657658229585,0.022237977842354935,-0.16438456034425483,2.0113697656608687,1.2501175080549765,0.018800854102309028,0.12202936800180096,0.049857934491311734,0.6315432653251039,2.1413849966808254,8.121390056430709,0.07173134849888312,0.0612310802450243,0.2621932247040435,1,0,94.16316556079892
C009,MockCompany_009,Retail,2022Q2,691.3091382815804,84.36001723849292,49.58853671861036,2229.819656900452,863.1261071247411,1366.6935497757106,1427.3844046452325,666.5706572407837,34.46724572973806,10.387386475000454,3251.217010881883,0.1482574312757259,0.0612310802450243,0.0968017711415174,2.259349149371194,1200.5010580801038,2.355701559611163,102.87902603084451,0.2621932247040435,0.0257322403881723,2022Q2,0.12202936800180096,0.07173134849888312,0.036283581441290985,0.02223881046394504,0.6315432653251039,2.1413849966808254,0.049857934491311734,8.121390056430709,4.702985727859584,0.018800854102309028,1.0321090912491404,0.14825743127572588,0.00029273176234770326,0.045960464157570984,0.09041153911100794,0.05374157498327863,0.6138238576170956,0.026719064509570453,0.039057158793590147,0.061463545684256604,-0.015051596080631495,0.13526433669960639,0.19498034938968667,0.1012239466774438,-0.031057080389002706,0.5544764397916877,0.19068815659542174,-0.04243072531969583,1.975418065567856,0.8779007447407555,-0.03655474887507071,0.05173302009475319,0.002302121163846105,0.6384502400399363,2.4961036368837624,2.331302535946974,-0.0015617026683639801,0.1334781781866899,0.6529266376496944,0,0,66.44778436568379
C009,MockCompany_009,Retail,2022Q3,666.0385063366557,34.45618343224534,-1.0401541125806766,2143.663356288477,835.315196605832,1308.348159682645,1304.1380324797344,522.4695053549049,1.5333013413763652,14.779799231813538,3322.9159950533294,0.0220529678368033,0.1334781781866899,-0.436373370968674,2.096481194880634,1229.7908013504937,2.500946362747732,101.95762485763768,0.6529266376496944,0.0640023211660887,2022Q3,0.05173302009475319,-0.0015617026683639801,-0.0007950132423713448,-0.00048522269577864433,0.6384502400399363,2.4961036368837624,0.002302121163846105,2.331302535946974,4.989074900976881,-0.03655474887507071,-0.5915578900981635,0.022052967836803328,-0.0008336405847547412,0.04705936098678918,0.0956254884961924,0.046574036249351025,0.6272960194370599,0.01971384636121155,0.04405253606966483,0.055873023376165114,0.01763467562289965,0.12003326490600111,0.18529755060832984,0.1058738801358649,-0.038856870038916816,0.6054212809424503,0.017480392383528585,0.004572575453274715,1.9780368855750763,1.3918260967788347,0.041500553116275984,0.08352341855503656,0.017078363414677927,0.6714069879230634,2.069079801259475,6.197108801694097,0.04391539155511277,0.1573184379453696,0.2686994144711043,1,0,81.98555371322662
C009,MockCompany_009,Retail,2022Q4,693.6794727463651,57.938480945315256,30.46320565944472,2177.046420898744,874.5231954793439,1302.5232254193998,1423.144492191238,687.8151781883342,11.846910128881674,9.349276056486142,3104.1347696593893,-0.0658401312942094,0.1573184379453696,0.2453258753347251,2.1674312176228083,1219.6696228702065,2.11259752042238,103.32770472340354,0.2686994144711043,0.0176489169035589,2022Q4,0.08352341855503656,0.04391539155511277,0.02338784066565299,0.013992905877888762,0.6714069879230634,2.069079801259475,0.017078363414677927,6.197108801694097,4.474883417502973,0.041500553116275984,0.6815118557528439,-0.06584013129420951,-0.004575607550827504,0.041216496693413714,0.07961635203034972,0.03125978814006472,0.6455665127324857,0.017674104802625105,0.01808647099730172,0.022240792073702064,-0.009419078670895024,0.12470270907597504,0.15471446397231556,0.08517987386292672,0.024422189701598058,0.615328781049989,0.14210233508599046,-0.20794246638019986,1.8639109451768778,1.065768823168061,0.07031202058784425,0.11748552270441434,0.10405568266286601,0.565718459572067,1.9979169289932892,6.494203649786731,0.07532714552746837,0.2400868346097972,0.4077152816307489,1,0,95.89712143815099
C009,MockCompany_009,Retail,2023Q1,742.4534781154725,87.22753496022423,55.92690119345458,2523.968005756513,911.9489417124042,1612.0190640441087,1489.3351572480233,745.443984999152,77.2565035108288,13.431598338711565,3165.393891991857,0.0197346851468017,0.2400868346097972,0.2734015472371642,1.839698436789134,1237.0363125868648,2.178205653422297,102.88135786371478,0.4077152816307489,0.0373617497954909,2023Q1,0.11748552270441434,0.07532714552746837,0.03469369714097227,0.022158324141145113,0.565718459572067,1.9979169289932892,0.10405568266286601,6.494203649786731,4.263423884850177,0.07031202058784425,0.5055198813816537,0.019734685146801656,0.023514669732839638,0.04525497820800114,0.09369283233900126,0.0328283119094661,0.6267797382150426,0.04426798304791063,0.04332352543317544,0.04510231908714468,0.031051238241280376,0.08819346616067578,0.14802863274672023,0.07372594265042223,-0.03374366207502176,0.49925473064570663,0.2918532259551246,-0.2721185408083229,1.77737732535006,1.1470568468862528,0.09590526993141735,0.09350194790645813,0.0663255557571489,0.5029365431954896,2.024883352995258,7.9329094820577355,0.036524705867550994,0.2699422143135251,0.2216710320637136,0,0,92.87000330641621
C009,MockCompany_009,Retail,2023Q2,813.6586793456565,76.0786714499086,29.718643939716618,2842.425804501938,951.1777558930648,1891.248048608873,1724.1564157639189,851.4843154848791,53.9663641042948,9.590260876422034,3835.291102061259,0.2116315482140083,0.2699422143135251,-0.1714064196127979,1.890234055964768,1204.26190711945,1.893634458707916,101.25972380338617,0.2216710320637136,0.0377175538203352,2023Q2,0.09350194790645813,0.036524705867550994,0.01571377374932958,0.010455380714823475,0.5029365431954896,2.024883352995258,0.0663255557571489,7.9329094820577355,4.713636318782813,0.09590526993141735,-0.12781357991372244,0.2116315482140083,0.04279077369011672,0.05737579443762165,0.08656097731516557,0.02724406937083743,0.594628057682639,0.0754066453465964,0.047440430749634735,0.04662351631549263,0.046894767475850974,0.11719236239348081,0.20020641626384544,0.06518068665435961,0.029579714174268454,0.4559109967333708,0.2557327735950244,-0.044101225381016074,1.6856325522712743,0.977103957284878,-0.009790798427406822,0.08454573541820012,0.08220337463607272,0.4711541288657263,2.069760777239399,4.38988961036004,0.054480418649127636,0.2540783084645538,0.3513759872273193,0,0,87.79953817358438
C009,MockCompany_009,Retail,2023Q3,805.6923112274732,68.11784897360064,43.894454418110456,2797.377717412397,895.89257556072,1901.485141851677,1928.989097631096,931.9864975902524,66.23062690131748,15.516984483722364,3894.5437307509865,0.0154493171738339,0.2540783084645538,-0.2523932560990544,1.9488899661465784,1170.34333932573,1.961349675494149,99.74105353328456,0.3513759872273193,0.0320933338672408,2023Q3,0.08454573541820012,0.054480418649127636,0.023084300503838123,0.015691286215969998,0.4711541288657263,2.069760777239399,0.08220337463607272,4.38988961036004,4.833785399804562,-0.009790798427406822,-0.10463934667352182,0.01544931717383391,0.04948176130203269,0.04533570291488837,0.09476415614602729,0.015796877029770007,0.5528040298890866,0.08829291537208506,0.06741574411769138,0.03695131716030301,0.045243854810108626,0.11770435944201502,0.23035644883331144,0.05019625117092972,-0.09199417306347954,0.431320056545452,0.15695831162686602,-0.1415089944530321,1.7196868763719735,1.0367743522373252,-0.023835534808795633,0.13162429535184605,0.10439575530746927,0.5145513996201498,2.180627606794283,7.704153105771282,0.1114236380241697,0.2464316771886882,0.2503119991612104,0,1,100.0
C009,MockCompany_009,Retail,2023Q4,786.4882040980317,103.52095566707392,87.63337696380981,2749.6501256273946,934.1619709721656,1815.4881546552288,1775.2695229894057,814.1094414543479,82.10603010733345,13.437032498980434,4146.575419998303,0.0647140478247286,0.2464316771886882,0.205603265318877,1.909471534213082,1205.549255743559,1.626840708479108,101.99134813779123,0.2503119991612104,0.0088684304650381,2023Q4,0.13162429535184605,0.1114236380241697,0.048269869863405195,0.03187073735200489,0.5145513996201498,2.180627606794283,0.10439575530746927,7.704153105771282,5.272266511293005,-0.023835534808795633,0.5197331863370187,0.06471404782472856,0.033147739320764785,0.058908129051151545,0.10678937534522967,0.021621872145340774,0.5135901328133582,0.039296309781479334,0.08924509209088921,0.018473288098044653,0.07788239958984312,0.09190808219957683,0.2526347586441411,0.012878411844974744,-0.12823129011626488,0.44682393422284145,0.21218451585051967,-0.14747046802579106,1.599374061665334,0.94356761057274,0.01416923677225057,0.14738289570922108,0.02841597415820921,0.47248862639007094,1.7966414790510377,14.641438022724476,0.09466325615961224,0.1373279156882703,0.1870889626081281,1,0,96.21146063686979
C009,MockCompany_009,Retail,2024Q1,797.6321416804789,117.55733475176405,75.50645574913396,2946.059108615458,945.3243960917384,2000.73471252372,1877.447248102418,1044.976012182611,22.66549432577797,8.029083929779704,4493.191881185719,0.0835910181485515,0.1373279156882703,0.7941396636011989,1.7055410763308236,1166.0620560360555,1.9714325164877813,99.93161967798848,0.1870889626081281,0.0035654381254657,2024Q1,0.14738289570922108,0.09466325615961224,0.03773936408283367,0.025629647255989256,0.47248862639007094,1.7966414790510377,0.02841597415820921,14.641438022724476,5.6331630163670114,0.01416923677225057,0.1355897363412244,0.08359101814855152,0.019112043366866366,0.053545929562590217,0.11426371859643135,0.030069248767213133,0.4902826745178592,0.021845066705788785,0.07033516496472501,0.03201184020103539,0.09384648284028058,0.08361281906423254,0.22694502891375934,0.06054180168925794,-0.014246737385958639,0.40285188444302994,0.18996810663968086,-0.10637708849112937,1.6367593742973283,0.7272687627394284,-0.07025161962406501,0.07358782595124246,0.05397962712097272,0.5360654170354815,1.673721276464765,4.9386256168006435,0.05929351547938309,0.2601906986170142,0.3497122399986418,0,1,80.16627698241174
C009,MockCompany_009,Retail,2024Q2,741.5971918632135,54.5725250808339,43.97190457526777,2570.329193502155,897.0090568752869,1673.320136626868,1501.6002159477785,897.1626501144716,40.03113989079071,11.050144171739955,4434.190540287151,-0.0131312755962244,0.2601906986170142,0.2897991437990238,1.819947433319037,1185.836254203131,1.861743061913292,98.8321017974716,0.3497122399986418,0.0425866725204167,2024Q2,0.07358782595124246,0.05929351547938309,0.026278237865398225,0.01710749918197737,0.5360654170354815,1.673721276464765,0.05397962712097272,4.9386256168006435,5.979243973592407,-0.07025161962406501,-0.5357794969061682,-0.013131275596224401,-0.022427179022004223,0.035534660771513994,0.10928518810762744,0.035762239029744514,0.4985648929778571,0.03211011973188899,0.06724868280568097,0.033103851250564094,0.03765577688772239,0.044402131963914813,0.22450714998963162,0.05839141729873656,-0.12423124674503773,0.4966175284281943,0.057315833448150166,-0.07044710904437457,1.6443425495922543,1.1065204670438504,-0.018952168667627722,0.11205731909724355,0.010737340572075788,0.5452219040178607,2.1262530707602845,7.496295966353516,0.10146686468830786,0.1551640952164501,0.5031833433828699,1,0,85.89638483682135
C009,MockCompany_009,Retail,2024Q3,727.5423167995829,81.52644155047076,73.82143781382275,2496.1819274818163,880.7622126882713,1615.419714793545,1323.8476229949204,622.619969935858,7.811869636084914,10.875563332731115,4642.581215219738,0.0469963284255014,0.1551640952164501,-0.3351764418041326,1.883104436685455,1166.7364582702646,1.8126610129606604,97.4636384866044,0.5031833433828699,0.0215725752608471,2024Q3,0.11205731909724355,0.10146686468830786,0.045697992377919966,0.029573741000627023,0.5452219040178607,2.1262530707602845,0.010737340572075788,7.496295966353516,6.381183757991984,-0.018952168667627722,0.4939100111221204,0.0469963284255015,-0.02471752158205945,0.03473495479917231,0.11616308402738829,0.0318498330868503,0.5170818367658907,0.03238928438320344,0.04938217428968175,0.040745696664191804,0.04554252970063927,0.04187267820070689,0.1997785966776057,0.06249446183081675,-0.02968950923970351,0.4841257991405246,0.10384249100169161,-0.05684616257619021,1.64353884485722,1.1424732377398445,-0.038030105058390995,0.1163364251943136,0.06062673300897208,0.6742944330951327,2.275522807587691,9.376184422030196,0.07083637813325135,0.142240436821063,0.1590571356890401,0,1,97.10045540059082
C010,MockCompany_010,Manufacturing,2021Q1,617.6596263530355,36.43308211139068,27.21773304262425,933.7377010956784,544.0561067371254,389.681594358553,574.628248681836,325.1997251755759,13.45693384810858,13.077417667987945,2903.874499554414,-0.0050000998190288,0.2399307278456709,0.1832572931964454,2.0695740605355595,1214.138218233806,2.708457837904633,99.3958244644664,0.5729291780618109,0.0057580999743895,2021Q1,0.05898569463970056,0.04406590925051552,0.06984608315246955,0.029149227894147277,1.3961555141737938,1.7670010279677395,0.021786973397537917,2.7859538506435286,4.701415432793637,0.029321658588051358,0.016305366076255545,0.03901112242922311,0.028748223617539495,0.04103992952872891,0.14908296294256101,0.02851283501543619,0.6270378788260513,0.06156726049581937,0.09118377837234426,0.043601873648594996,0.043950407107197303,0.10004747440174336,0.2019274246561828,0.07374245419873522,-0.021786973397537917,1.3138023113452042,0.08077266803723848,-0.08577276785626728,2.036552629924209,2.1266622172526857,0.00554355422905739,0.13942217407486385,0.03768094737683454,1.5266439461115766,1.6562835215998701,11.142212944633444,0.12078027535078796,0.1516041697042581,0.408326124946278,1,1,83.43082101040059
C010,MockCompany_010,Manufacturing,2021Q2,621.0836559868229,86.59283360018709,75.01465498608331,912.7013991044664,551.4706841445854,361.23071495988097,582.1259193350954,351.4651397190383,23.403020557889164,7.771601029286701,3281.2600762219904,0.1299593273488521,0.1516041697042581,0.5533358057667239,2.1577435369750857,1207.916989331926,2.161705068232811,99.14299292277798,0.408326124946278,0.0607013391349795,2021Q2,0.13942217407486385,0.12078027535078796,0.20766411016351954,0.0821897008809286,1.5266439461115766,1.6562835215998701,0.03768094737683454,11.142212944633444,5.28312095252805,0.00554355422905739,1.3767638800208486,0.12995932734885218,0.028748223617539495,0.04103992952872891,0.0992039343572822,0.05687718006337624,1.461399730142685,0.09226925508960557,0.02973396038718623,0.011238736780763177,0.06247961376491165,0.09543072613546055,0.1957674487749645,0.06245630822066084,-0.03213739314777715,1.3137959281064715,0.18264667568075577,-0.052687348331903666,1.8741821086223416,1.8737262227570075,0.07234936952569404,0.09338031326217647,0.10009335096117346,1.5724918763700666,1.9051737111167322,5.040954669676894,0.04950327093575979,0.2229761075698325,0.4519964418163413,0,0,80.55567783488696
C010,MockCompany_010,Manufacturing,2021Q3,666.0186669201826,62.19303175555719,32.970102516872856,985.4048619087064,602.3502559996698,383.0546059090366,589.0758283535412,309.1979617996853,66.66404017483481,12.337550290747323,4007.749899391878,0.2214057423958788,0.2229761075698325,0.4739929675785242,2.1750747932055883,1221.2740171203145,2.419549496678329,101.71780178356951,0.4519964418163413,0.0695930090298249,2021Q3,0.09338031326217647,0.04950327093575979,0.08607154700188137,0.03345843296630085,1.5724918763700666,1.9051737111167322,0.10009335096117346,5.040954669676894,6.01747383135458,0.07234936952569404,-0.2817762259321328,0.22140574239587885,0.038946461877375715,0.04723884501894776,0.09726272732558028,0.04035853887593862,1.4984304455518123,0.09149114366172639,0.053187090578515304,0.04139205901532242,0.11545498997523403,0.11389768741834141,0.20483700170658717,0.04687393294162128,-0.027743981435479417,1.425652092352402,0.265823033749044,-0.04441729135316519,1.9745007065954654,2.100624641738576,0.031336943656204985,0.09400319687729271,0.070845319998842,1.7729058795253332,2.3318836685750597,3.7985463886690694,0.0720633681104066,0.0482387197940047,0.4021892221731167,0,1,77.41433901364663
C010,MockCompany_010,Manufacturing,2021Q4,686.8896563594411,64.56982359982648,49.49958215753316,1016.2611613098534,649.7643505771197,366.4968107327337,679.3360081063423,291.32499929515404,48.66291750875007,16.99856128877021,4048.23952036483,0.010102831261775,0.0482387197940047,0.2686177921365448,2.28426810030804,1248.9803005418528,2.4472347715100797,104.18010426396164,0.4021892221731167,0.053490780124664,2021Q4,0.09400319687729271,0.0720633681104066,0.13506142675139257,0.04870754097665675,1.7729058795253332,2.3318836685750597,0.070845319998842,3.7985463886690694,5.893580552391578,0.031336943656204985,0.03821636889500746,0.010102831261775025,0.03640995580365214,0.033690589614136957,0.0964478447135084,0.032992886730621104,1.5670493040451925,0.15625175372698574,0.05760164793359698,0.0349307166581293,0.08911695029686928,0.10687948728619821,0.16568743122844154,0.08715235243011842,-0.039508376342637014,1.6062470590874034,0.19618546053233968,-0.18608262927056468,2.0307200952988977,2.0566750010545247,0.1034250508990946,0.10099440518835946,0.02620003274899347,1.391044036630969,1.9408338715040674,9.763381339258682,0.0639269447106098,0.2649920027291059,0.2707829135955208,1,0,81.5103921884664
C010,MockCompany_010,Manufacturing,2022Q1,757.9312540304779,76.54681617457649,48.45222937091345,1069.1912976844658,622.0262596077988,447.165038076667,784.304709052821,404.1070802433368,19.85782367711041,7.840195266881298,4556.811663384656,0.1256279774112756,0.2649920027291059,-0.2955960566207509,2.438675155506745,1229.7789022457846,2.325932859655276,102.82440007460256,0.2707829135955208,0.0418238938715847,2022Q1,0.10099440518835946,0.0639269447106098,0.10835424338898764,0.045316707567486306,1.391044036630969,1.9408338715040674,0.02620003274899347,9.763381339258682,6.012170152829461,0.1034250508990946,0.18548900875086494,0.12562797741127563,0.05316372957751275,0.043352734958265256,0.10695002235067312,0.021921582272329317,1.5657714346594864,0.15812491535549839,0.05870491277146087,0.0334612544575551,0.12177396960444538,0.08656170582478658,0.1719527499493003,0.09483127394826313,0.07722501815010113,1.2505563715606098,0.2306194888364475,-0.10499151142517191,2.0365464759804426,1.8635563060353377,0.11083523987119737,0.13786801022440914,0.04708002711677392,1.276672498097643,1.6179008033984403,7.887385694895487,0.11058496732374402,0.2449575965517441,0.5165481768327059,1,0,83.06419805718006
C010,MockCompany_010,Manufacturing,2022Q2,841.9367463768234,116.07614395792352,93.10554758685096,1196.0778765539003,670.7155868297305,525.3622897241701,722.3453022395238,446.4706987725093,39.638404850076334,14.716681602772086,4957.768139887489,0.087990574577536,0.2449575965517441,0.1615076412893952,2.219337590266784,1241.7015887129523,2.1259367172344046,103.25541217013344,0.5165481768327059,0.0705889868066258,2022Q2,0.13786801022440914,0.11058496732374402,0.1772216038489492,0.07784237917268876,1.276672498097643,1.6179008033984403,0.04708002711677392,7.887385694895487,5.8885280411109004,0.11083523987119737,0.5164072101077917,0.08799057457753601,0.07948665098804775,0.03617142573026814,0.10656148138805945,0.021154548669341532,1.503278572656003,0.2171299688543913,0.06105468270644571,0.031780559152834405,0.11128178141161635,0.08777387688778478,0.1952911066611718,0.09952527131231007,0.06375521275442345,1.100660201076695,0.2957832772123804,-0.2077927026348444,1.8933564842393018,1.9259211872155686,0.03340532201214508,0.08098792563062189,0.09506095187622614,1.397200604651435,2.45830406974527,8.775295448069249,0.047162799616566095,0.226652692182176,0.7091707714373507,0,1,85.15124743104437
C010,MockCompany_010,Manufacturing,2022Q3,870.061914503399,70.46450962591877,41.03455572777683,1236.6627573961755,720.7848809284297,515.8778764677458,778.342732064598,316.6177616680233,82.70891378403985,8.029873185938959,5203.169759400346,0.0494984058529259,0.226652692182176,0.1261379313412899,2.248534493087577,1220.6145411691234,2.0892278535972557,102.9085519654116,0.7091707714373507,0.0138669883755607,2022Q3,0.08098792563062189,0.047162799616566095,0.07954315856431748,0.033181686342801275,1.397200604651435,2.45830406974527,0.09506095187622614,8.775295448069249,5.980229306283512,0.03340532201214508,-0.3929458093347633,0.049498405852925975,0.0697506391096605,0.04327626178560648,0.1034633844801708,0.024388628028406436,1.4594557547263451,0.21619171008151217,0.059796582935208877,0.029755051581245525,0.06830494727587812,0.049714605549998465,0.19621025281425766,0.09988251322068772,-0.06165562986408106,1.2840442259908647,0.2094541995189931,-0.15995579366606721,1.8844011836904282,2.2198676896103917,0.11983061284518715,0.0908281869420447,0.06513741766665601,0.9909519223926365,1.8977168918489953,11.607497004185621,0.07926224887839035,0.1131946651919451,0.3731119988223302,1,0,87.20032403398096
C010,MockCompany_010,Manufacturing,2022Q4,974.321966931598,88.4958977542947,77.2269502306944,1436.1012154904065,714.787355855075,721.3138596353315,753.5888886533268,397.1029039622384,63.46481690188644,7.624029341620843,6693.192305568856,0.2863682361077203,0.1131946651919451,-0.1261124205327559,2.152470722193195,1227.801013032211,1.9019492191370853,103.34445130615286,0.3731119988223302,0.0592352447687051,2022Q4,0.0908281869420447,0.07926224887839035,0.10706428165629635,0.053775422928159566,0.9909519223926365,1.8977168918489953,0.06513741766665601,11.607497004185621,6.869589861183823,0.11983061284518715,0.2558931896936596,0.28636823610772044,0.09187405640690605,0.03955213395733529,0.1026696319963588,0.024846518378822582,1.2639672654431708,0.19026159967257802,0.05836960735216238,0.02917986846827012,0.13737129848736443,0.10408024814847211,0.21244923916374278,0.06799692109481029,0.054693195178531134,0.9009455559349796,0.2757962174538878,0.010572018653832449,1.7873872833752615,1.441945415127786,0.1477599021503313,0.0811473751845849,0.031393958666273224,0.68992944984152,2.0356471020408087,8.516041009470936,0.020973228509561237,0.266801576518218,0.1559742710992436,1,0,86.38250226636546
C010,MockCompany_010,Manufacturing,2023Q1,1118.2876854283293,90.74611037383484,23.454103165937656,1688.136295247637,689.1973777648635,998.9389174827736,965.0594450501264,474.079934621568,35.10747737337071,10.655903402108729,7458.061048227904,0.1142756262990776,0.266801576518218,0.0729460759573821,2.084459288262293,1208.023801287914,2.194955152246448,101.63812724391865,0.1559742710992436,0.0146756493839954,2023Q1,0.0811473751845849,0.020973228509561237,0.023479016339673878,0.013893489069544128,0.68992944984152,2.0356471020408087,0.031393958666273224,8.516041009470936,6.66917926880741,0.1477599021503313,0.025427309927831487,0.11427562629907762,0.10295776921971522,0.04896094165614403,0.09770787449541515,0.027165992405140973,1.0886886187458087,0.3157419415402757,0.05966808883148232,0.027327971303798788,0.13453321070931493,0.10466037084928824,0.2129016326110208,0.06846741261019981,0.11636594348405807,0.6339434859243359,0.26030123600118943,-0.1460256097021118,1.8602021945644336,1.1730852770258555,0.07081397285680979,0.14703784708361187,0.03975535880188059,0.6769835712439705,2.0122649218627604,24.705834250765363,0.12728637370138698,0.2027186862084947,0.241078339597046,0,0,97.13109688647404
C010,MockCompany_010,Manufacturing,2023Q2,1197.4780792303557,176.07459869999732,152.42264229226143,1761.3198642536358,711.0293936401232,1050.2904706135128,1106.6225897099678,549.9388165468547,47.60617069722934,7.126842869911866,8336.044086483716,0.1177226939519928,0.2027186862084947,0.1444257916887976,1.90817948462842,1219.5249892800675,2.2225365956713485,102.2429340838191,0.241078339597046,0.0442426481409782,2023Q2,0.14703784708361187,0.12728637370138698,0.14512427424299176,0.08653887654685846,0.6769835712439705,2.0122649218627604,0.03975535880188059,24.705834250765363,6.9613333480263,0.07081397285680979,0.9402991265922684,0.11772269395199286,0.09295245246611833,0.0508667051254707,0.10000033371021584,0.03169417216063258,0.9387663870323906,0.33829736718724596,0.05783692175275899,0.028665303503024025,0.14196624055292914,0.10125340561163104,0.20234190502520844,0.06504725450298304,0.031058614054929205,0.577441364417282,0.25760717874230227,-0.13988448479030946,1.8116081248889393,1.0522970042777517,0.03012409997918586,0.08145683364570652,0.027247993557388092,0.5854460614875399,1.7834694468961712,11.177020547164027,0.053871714103215715,0.2729825281375924,0.616507977067643,0,0,81.50191255641595
C010,MockCompany_010,Manufacturing,2023Q3,1233.5510286119743,100.4811609312172,66.45350834516582,1936.2012757730524,714.9668719007238,1221.2344038723286,1452.1509568297893,814.2281099097215,33.61179048035578,8.989977292788955,8843.418381429221,0.0608651165566859,0.2729825281375924,-0.0071763074684308,1.8642727909958987,1185.2939441624917,1.9273745494075003,100.3430061908396,0.616507977067643,0.0409787321158365,2023Q3,0.08145683364570652,0.053871714103215715,0.054415031327645635,0.03432159103324581,0.5854460614875399,1.7834694468961712,0.027247993557388092,11.177020547164027,7.169073817216066,0.03012409997918586,-0.42932619654910664,0.06086511655668603,0.09213214695787852,0.05215718102485055,0.100117560713987,0.031601141391935234,0.7358277512414166,0.17632572785406234,0.04088368217304948,0.016985323618564512,0.14480791822886915,0.09789713610920323,0.21392436401406256,0.07428751755112943,0.0028761064217977667,0.5377574790484152,0.13882892718228046,-0.07796381062559456,1.6826647523899372,1.4301240906754482,0.026037448338127156,0.09365275678908122,0.08234697094698641,0.5830091151800527,1.9790509311674624,12.504596068204313,0.07804659861547412,0.1360485767778465,0.212343653824961,0,0,95.65339731474079
C010,MockCompany_010,Manufacturing,2023Q4,1265.6695497919022,118.5334425221006,98.78120333251448,1965.4201107877495,723.8479101351854,1241.5722006525643,1291.6425770837975,652.657572748704,104.22405364528149,9.479190040451876,9321.478215185476,0.0540582626691234,0.1360485767778465,-0.1359903538193097,1.783738312416437,1171.5473309652432,1.9392690286611955,99.88898475656136,0.212343653824961,0.0052902786350432,2023Q4,0.09365275678908122,0.07804659861547412,0.07956138457394261,0.05025958714387646,0.5830091151800527,1.9790509311674624,0.08234697094698641,12.504596068204313,7.364859347932264,0.026037448338127156,0.17965837002262353,0.0540582626691235,0.06868385583111353,0.05645980677567701,0.10082370317574613,0.03135497349080194,0.6338420494382707,0.0575417131095124,0.04518607049313208,0.025314173268559902,0.08673042486921992,0.033939864572713085,0.2196378419105379,0.06414435928928836,-0.056309522608859255,0.5284087043102778,0.2020371760741948,-0.1479789134050714,1.6545167686667441,0.8768009349130853,0.0952898197482488,0.0591842319118162,0.0062606586374379545,0.4673011708369673,1.662338259190875,7.0854237460186775,0.02153358159462307,0.1276453845092356,0.2964042409599776,0,0,76.2102356277143
C010,MockCompany_010,Manufacturing,2024Q1,1386.27497305242,82.04561949874036,29.851465244829715,2194.766003017717,698.9817382472288,1495.7842647704883,1083.3527803358609,651.7041729289854,8.678994383910961,11.579493680636482,8828.461356749238,-0.0528904157747288,0.1276453845092356,-0.1622972759640547,1.8360956068996803,1181.7752530759692,2.000002431686564,99.18228289057268,0.2964042409599776,0.0009487292286836,2024Q1,0.0591842319118162,0.02153358159462307,0.019957065967257076,0.013601206326219525,0.4673011708369673,1.662338259190875,0.0062606586374379545,7.0854237460186775,6.3684777755913755,0.0952898197482488,-0.30782724475885415,-0.05289041577472897,0.0555663352305929,0.03331520259131381,0.09533291735755396,0.037307264065440514,0.5781849796871326,0.08589213458538107,0.03890274548592326,0.032090843718616424,0.04493891435076832,0.07119190692838245,0.18484879390829229,0.06767712414811096,0.08902916111081084,0.439644309969489,0.16073471029750297,-0.21362512607223177,1.6971668894279763,0.9527230965495129,0.05065925930640369,0.15787870963920309,0.11108279351044939,0.42795916792465166,1.7638012809943653,28.24603101496408,0.11814058446547522,0.2445085763544952,0.5031324231503711,0,0,100.0
C010,MockCompany_010,Manufacturing,2024Q2,1456.50263638226,229.95075681828652,172.07207273782387,2300.358845812424,689.4172324361389,1610.9416133762852,1625.273145826172,921.4604634531958,161.79238160478684,8.140993567139327,8961.04706192256,0.015017985560073,0.2445085763544952,0.085368673407535,1.665372194778751,1157.6224688986329,1.86499268880556,97.429832389519,0.5031324231503711,0.0212913615533745,2024Q2,0.15787870963920309,0.11814058446547522,0.10681459297403122,0.07480227402389382,0.42795916792465166,1.7638012809943653,0.11108279351044939,28.24603101496408,6.152441360610469,0.05065925930640369,1.8027182709226413,0.015017985560072944,0.050527656842991375,0.03172666592669038,0.09804313299645176,0.042366225365145276,0.5159288788573029,0.08048958693488519,0.05673460416306546,0.04839696409055721,0.019262737252788376,0.052171454396343804,0.19529626644479242,0.0742606608732156,-0.0604235342040457,0.3603935267144406,0.3196207624560562,-0.3046027768959832,1.5829144499240986,1.1080345262193068,0.10729828721688439,0.1371508681002275,0.0996389176422938,0.39618981103829665,1.424975570803299,19.2031062354759,0.09112791045745856,0.1329672316405047,0.4423377931791932,0,0,98.11927600040667
C010,MockCompany_010,Manufacturing,2024Q3,1612.782874592953,221.194571307741,146.96953338332037,2639.324327427081,748.9478853701709,1890.37644205691,1637.1209140514209,1148.876477318909,160.69594001656873,11.518687059070793,9255.372817342391,0.0328450183763106,0.1329672316405047,-0.0041909145604601,1.8454798258744487,1164.2983897463168,1.977862380694189,96.90944915852089,0.4423377931791932,0.0,2024Q3,0.1371508681002275,0.09112791045745856,0.07774617272701818,0.055684529504767794,0.39618981103829665,1.424975570803299,0.0996389176422938,19.2031062354759,5.738759360073561,0.10729828721688439,-0.038078524427144655,0.03284501837631071,0.06982120365241601,0.03802358714831383,0.11196664161008199,0.044209894840446656,0.4686148162449921,0.08162116639826016,0.07483233518429189,0.04721584069354427,0.01225771270769455,0.046271016424081664,0.1602924423205205,0.05625128078696005,0.0076593695745905965,0.3418520345219292,0.3440880729594057,-0.3112430545830951,1.687459289222918,0.9248164289162176,0.032212896727541906,0.13993214266901224,0.10452120230611171,0.4316622920728064,1.9052372421295478,33.34142883475096,0.09910019609923924,0.1386285356247149,0.4808523019942652,0,1,100.0
C011,MockCompany_011,IT,2021Q1,441.257004778302,113.70755344587596,91.16432745876696,771.6713974013047,310.7343582343936,460.9370391669111,170.077363889884,150.7770185513628,73.22156991488868,6.411040820044568,1022.0508932489502,-0.0280525734998801,0.0466547302587938,-0.2731782092942822,1.9298748140653443,1195.950842950726,2.566117305404598,99.12625413833044,0.4941640229180324,0.0172512338280007,2021Q1,0.2576900813228963,0.20660142835435208,0.19778043357795214,0.11813879297024038,0.6741362308295616,1.1280058826127966,0.16593860068354266,17.736207991785847,2.316225877842181,0.029321658588051358,0.016305366076255545,0.03901112242922311,0.028748223617539495,0.04103992952872891,0.14908296294256101,0.02851283501543619,0.6270378788260513,0.06156726049581937,0.09118377837234426,0.043601873648594996,0.043950407107197303,0.10004747440174336,0.2019274246561828,0.07374245419873522,-0.16593860068354266,0.5004180106843811,0.42362868200643894,-0.45168125550631905,1.9323824946996975,1.0412367638612072,-0.05203927897634886,0.24693119401057215,0.2036905594911193,0.679321135469717,0.8033573619399178,29.412050430391528,0.21925997766650465,0.1533604893068746,0.4163333093054899,0,0,100.0
C011,MockCompany_011,IT,2021Q2,418.2943084063759,103.28991302285984,91.71520071942724,764.0769593727415,309.08538972376846,454.991569648973,155.56664132055982,193.64562857070217,85.2026017114492,3.511822925705245,1017.1784058846004,-0.0047673627571136,0.1533604893068746,0.1567616754478292,2.036049357607906,1206.6551737123882,2.8006626276924607,101.46041156876372,0.4163333093054899,0.0684769236323016,2021Q2,0.24693119401057215,0.21925997766650465,0.20157560455457263,0.12003398295716121,0.679321135469717,0.8033573619399178,0.2036905594911193,29.412050430391528,2.431729013376803,-0.05203927897634886,-0.09161783986474437,-0.004767362757113647,0.028748223617539495,0.04103992952872891,0.2523106376667342,0.007607682176566313,0.6767286831496393,0.003666281230859414,0.18481458008733098,0.026694666075912653,-0.01640996812849685,0.016465130417568037,0.1000076097828342,0.07545236581455574,-0.25572983846746816,0.511575556371562,0.39858247452534257,-0.40334983728245616,2.054845746968845,1.0812693549839265,0.022790268466215347,0.2354328628551223,0.2586701357195653,0.5878629232576643,0.7311009485374104,19.66265658060633,0.18067878980709565,0.2869963696118772,0.3257418495438129,0,0,100.0
C011,MockCompany_011,IT,2021Q3,427.8273479928471,100.72461734590608,77.29932748190745,805.2688989196313,298.12883844958054,507.14006047005074,201.61433472233784,275.7681208387738,110.66615817011012,5.122635230561373,1069.4775839468807,0.051415934274379,0.2869963696118772,0.2337832616720674,2.1440284377356047,1223.461432656624,2.5896919581166853,103.27194196226178,0.3257418495438129,0.0532501225780444,2021Q3,0.2354328628551223,0.18067878980709565,0.1524220496604211,0.09599194453618928,0.5878629232576643,0.7311009485374104,0.2586701357195653,19.66265658060633,2.49978779748849,0.022790268466215347,-0.024835877985355692,0.05141593427437918,-0.014624505255066755,0.05291248042975762,0.24668471272953027,0.011130656236133744,0.6471067631856476,0.051372125088332284,0.2094330986314091,0.046631716292321844,0.006198666005795102,0.040853412000573165,0.1623371963925152,0.12042201565456354,-0.23587986725334997,0.4494606722687313,0.516893267040903,-0.465477332766524,2.0238405683452885,1.0621988914244214,-0.017143297023096138,0.2285322547108108,0.14881233591811088,0.5770375188066509,0.8623910618696684,16.505043107150463,0.173572799603143,0.2044964522471321,0.3129764306732621,0,0,100.0
C011,MockCompany_011,IT,2021Q4,420.49297669160217,96.09620805362078,72.98614317799412,801.0660451581252,293.10980720906406,507.9562379490612,212.2664302758333,246.13709448098427,62.57454209878588,5.822233084352508,1027.926377342898,-0.0388518723792594,0.2044964522471321,-0.0567443426436844,2.3238317500240617,1238.7381786391948,2.2151525813615303,102.01740294431356,0.3129764306732621,0.0821997842701146,2021Q4,0.2285322547108108,0.173572799603143,0.143685888124027,0.09111126806466503,0.5770375188066509,0.8623910618696684,0.14881233591811088,16.505043107150463,2.4445744264935843,-0.017143297023096138,-0.0459511231141293,-0.038851872379259356,-0.01546410251107655,0.0374430242271059,0.24214659822485038,0.012844153216995858,0.6295894520908984,0.05465182134221816,0.19427790795308453,0.048666181216842616,-0.005063968590468523,0.0402499101479933,0.17287701035616942,0.10055840069213043,-0.16595563294120702,0.44516583358103506,0.36020129360582553,-0.39905316598508495,1.9602659695767155,0.9626387165014292,0.06019689935063832,0.2286477029799212,0.21409100685358706,0.5491448561366216,0.8738790370966599,12.969304109321909,0.19989848100761967,0.1723874506205681,0.2567807048633339,1,0,100.0
C011,MockCompany_011,IT,2022Q1,445.80535008715685,101.93236927381668,89.11581230769266,861.56626411398,305.4102269942028,556.1560371197772,183.09762653245284,209.52285014170275,95.44291626108937,7.859509531246302,1076.9737384139803,0.047714857943295,0.1723874506205681,-0.6592542197381818,2.1635768257964854,1214.4813199803014,2.336880338428348,103.3407602632248,0.2567807048633339,0.0568896276757239,2022Q1,0.2286477029799212,0.19989848100761967,0.16023526916842565,0.10343465850445573,0.5491448561366216,0.8738790370966599,0.21409100685358706,12.969304109321909,2.4157936601725654,0.06019689935063832,0.060732481940800165,0.04771485794329511,0.0034511479543521684,0.04863949194013062,0.2348860036391066,0.008653942967326151,0.5983416084176635,0.05639642811801977,0.20631600949559564,0.045147796473449464,0.013877889270325251,0.04352056394583531,0.20431019044661297,0.059025339989529114,-0.15389410750294874,0.42358414617774376,0.5029356091841466,-0.4552207512408516,1.939504403472782,0.8527523016616458,-0.013405354158605776,0.16878187003411846,0.07171062132491497,0.586218946058106,0.7938522214552792,9.930537111361625,0.1553026975039687,0.199337609285633,0.4437817895869198,0,0,89.01603966421237
C011,MockCompany_011,IT,2022Q2,439.8291714834373,74.2351900587003,68.30665677246873,851.3134067114802,314.6199011733684,536.6935055381118,251.8669204235212,317.27179645729063,31.54042316397157,7.475445609466234,1004.0961490788952,-0.0676688639060124,0.199337609285633,-0.1283778844326749,2.145757596053025,1236.8266243241037,2.301971012031554,101.16233812705428,0.4437817895869198,0.0630194770197079,2022Q2,0.16878187003411846,0.1553026975039687,0.127273119699584,0.08023679203672919,0.586218946058106,0.7938522214552792,0.07171062132491497,9.930537111361625,2.2829230396202216,-0.013405354158605776,-0.2717211364008876,-0.06766886390601246,0.013109629158787939,0.03619028264792003,0.2153486726449932,0.03121171172136243,0.5750660610647607,0.017925233947460907,0.17332102495404456,0.08138798456874921,-0.0018474860168994495,0.0605397838263683,0.21580447044130258,0.049505396707251695,-0.08511597548352075,0.4872758160929888,0.22708713720042767,-0.29475600110644007,1.9277530001268337,1.1303952149655416,0.06973820397596286,0.17786138771162044,0.07872548329745613,0.4824132274900653,0.5892176620321313,11.086743916624355,0.16660895073192086,0.2467029236234358,0.2144181065628687,1,0,92.31928824260297
C011,MockCompany_011,IT,2022Q3,470.502067958928,83.68415072853995,78.38985586000253,906.4101206036164,294.96784270529105,611.4422778983255,222.0834626765296,376.9124331915048,37.04050269259788,7.548126965571059,1010.0717426682298,0.0059512165192708,0.2467029236234358,0.1523558851353182,2.091664777155427,1228.488254423044,2.258636996031179,103.22907692163912,0.2144181065628687,0.0634942842359219,2022Q3,0.17786138771162044,0.16660895073192086,0.12820483419844494,0.08648387090792076,0.4824132274900653,0.5892176620321313,0.07872548329745613,11.086743916624355,2.146795543424171,0.06973820397596286,0.12728411771247616,0.0059512165192709965,0.02484661303622482,0.04651617360544624,0.2009558038591177,0.032123802148675856,0.5487036371228609,0.04692128280173037,0.12833486184851725,0.06693488976983199,-0.0132136654556765,0.05066972783695934,0.20573110894419222,0.030729412422826324,-0.008987279321493263,0.3966105413982407,0.32632507498503943,-0.32037385846576866,1.8911520969422253,0.8577315715845453,-0.059833106708259476,0.23808813473004312,0.1821815058756465,0.5111052142891933,0.3088473285822206,18.91998722973196,0.18617195516536514,0.1115331854278305,0.3672697051261714,0,0,100.0
C011,MockCompany_011,IT,2022Q4,442.3504675202847,105.3183977091052,82.35325140675093,906.6825241718884,306.66968879968675,600.0128353722018,256.27716789918946,829.7859303991199,80.58807429782391,5.566515263006193,933.6109900137958,-0.0756983384689621,0.1115331854278305,0.0428775636716494,1.9350876245699733,1219.375926458649,2.1974611656280296,103.38784259216833,0.3672697051261714,0.0936103967135068,2022Q4,0.23808813473004312,0.18617195516536514,0.13725248286651742,0.09082920339936718,0.5111052142891933,0.3088473285822206,0.1821815058756465,18.91998722973196,2.110568561722777,-0.059833106708259476,0.25852263292655997,-0.07569833846896212,0.014174160614933984,0.06176072281299746,0.2033447738639258,0.03507770724671326,0.5322205609934966,0.0451991360272976,0.13667715433790117,0.07220941110939867,-0.022425281978102174,0.05946950240448309,0.18249029223936683,0.056403523934715406,-0.24201461258390597,0.3894171271682803,0.36043653389743013,-0.43613487236639226,1.8122048545068958,0.8682200177222822,0.029034856688665567,0.16702778381030103,0.1455809791075234,0.5517606882667323,0.4563792704615406,9.127626451713205,0.13219984295819676,0.0976596822259786,0.2522938564898671,0,0,94.37698572522814
C011,MockCompany_011,IT,2023Q1,455.1940499509004,76.03005336710139,60.1765819191468,956.3576068584748,340.05277706790685,616.304829790568,334.038192884096,731.931125061451,66.26759547591658,8.329663112331174,1000.3156672444072,0.0714480420047601,0.0976596822259786,0.1565573192326399,1.9963346467841208,1230.745274352266,2.0555477116408225,102.1731730828491,0.2522938564898671,0.0725042409498368,2023Q1,0.16702778381030103,0.13219984295819676,0.0976409383965047,0.06292267817762966,0.5517606882667323,0.4563792704615406,0.1455809791075234,9.127626451713205,2.1975587496148266,0.029034856688665567,-0.2780933339196796,0.07144804200476029,0.006383649949440795,0.055687042863057416,0.18793979407152075,0.03376767967621663,0.5328745190260242,0.04554323900123877,0.11954964740138524,0.0534027612178266,-0.0164919859627359,0.0691896207767342,0.16380835014071943,0.07127921080960944,-0.11654612241885784,0.45960132331189363,0.34164361960649003,-0.27019557760172996,1.7873824077544098,0.8095548620277393,-0.020981867055250847,0.18820271078946282,0.05961766040358093,0.5267048170346391,0.46231556983462085,22.99638459235561,0.1727733833984198,0.3169439334037844,0.3854486423042301,0,0,88.67347064297665
C011,MockCompany_011,IT,2023Q2,445.6432289104894,83.87126372611142,76.99528844763452,973.9315566381796,336.001063611147,637.9304930270325,275.4869478853856,595.8850747411994,26.568206682400454,3.647149984219488,1039.3761510113577,0.0390481575426596,0.3169439334037844,-0.1978586789044018,1.8666419687474245,1228.0393539029255,2.27747827706888,101.65652108337372,0.3854486423042301,0.0464210018907652,2023Q2,0.18820271078946282,0.1727733833984198,0.12069541946829485,0.07905615946291758,0.5267048170346391,0.46231556983462085,0.05961766040358093,22.99638459235561,2.3323054936795447,-0.020981867055250847,0.10313303768379267,0.03904815754265978,0.004489521725279527,0.05670407445361549,0.19279500426035684,0.031408700387065294,0.5179959867701576,0.0290374143425216,0.11652640717105174,0.05721968029930252,0.0101872693994321,0.06319312965701437,0.1932099311702573,0.10641513742369077,-0.08059952745883178,0.427577542682852,0.2268385041377929,-0.18779034659513333,1.8188538922065842,1.1299701183908664,-0.08993220790058121,0.152932477009564,0.19701545668156004,0.7669975821855682,0.4713182788302231,10.956791508099812,0.1189284732499207,0.0952723958089611,0.0293749105879118,0,1,97.505006548162
C011,MockCompany_011,IT,2023Q3,405.56554939862497,62.02414405942934,48.23329159286269,840.6862624810216,364.915230898497,475.7710315825246,303.3138210659432,643.5435133521115,79.9026819292749,5.660794403418298,988.6345399009198,-0.0488192951714968,0.0952723958089611,0.1697722922590724,1.7925781325265104,1202.5966590275882,1.934872826524068,99.7117753804621,0.0293749105879118,0.0644294456060697,2023Q3,0.152932477009564,0.1189284732499207,0.10137921056758378,0.05737371210332366,0.7669975821855682,0.4713182788302231,0.19701545668156004,10.956791508099812,2.437668932591625,-0.08993220790058121,-0.26048396907462446,-0.04881929517149697,-0.03542808124385649,0.051414876452267236,0.18656277658484274,0.037283440955340294,0.5891420754440333,0.11974711175663584,0.14609890051707772,0.061573054808273214,-0.0035053585232598,0.0699856966060143,0.15535229921663862,0.10796604994351347,-0.28694766458214127,0.6496987420815826,0.26001572579054283,-0.30883502096203963,1.665386833375979,0.7743460484784555,0.02455683813063536,0.24712460386186666,0.16441313359837506,0.7375356471907482,0.5545511919468988,18.466572204554634,0.19408793576875086,0.315265007840341,0.5005214436316496,1,0,99.81115484760214
C011,MockCompany_011,IT,2023Q4,415.5249569465692,102.68644038038724,80.64838115435278,876.4345102004479,372.0221192277897,504.4123909726582,233.920643235471,421.8197465479717,68.31776026007974,5.560666009070913,1053.33447794024,0.0654437362119722,0.315265007840341,0.0124560007053121,1.8531360230796248,1182.6760338862637,1.801653534984346,100.70768353622674,0.5005214436316496,0.096982891410803,2023Q4,0.24712460386186666,0.19408793576875086,0.15988580494360705,0.09201871927180937,0.7375356471907482,0.5545511919468988,0.16441313359837506,18.466572204554634,2.5349487686082584,0.02455683813063536,0.6555881896894333,0.06544373621197219,-0.014330595034132781,0.055234766071059246,0.18882189386779863,0.04148342181305423,0.645749683669422,0.12400447239652272,0.14165680744775985,0.058674955463172404,0.031780160146973775,0.05554539641393952,0.20628525481976626,0.12681390512803614,-0.1398562954677397,0.5552724425447291,0.43609457559087705,-0.37065083937890486,1.6339791554882688,1.3710588940167197,0.007611414289602658,0.15960628319764453,0.08726166760663748,0.7516331940333196,0.9853202525112299,19.150782892360514,0.13008395767786707,0.2285405032246686,0.4169691531867781,0,0,91.78551902240059
C011,MockCompany_011,IT,2024Q1,418.6876895415589,66.82518594849712,54.46455168669817,903.6415485506158,387.7564011190725,515.8851474315433,183.39518767794064,186.1274922641105,36.5353859958538,3.489423189900176,1168.281989146709,0.1091272654733992,0.2285405032246686,-0.037924909020942,1.7324431039759365,1180.6481952006648,1.816973419931115,100.208541153016,0.4169691531867781,0.0684976938061217,2024Q1,0.15960628319764453,0.13008395767786707,0.10557495589426698,0.060272296879216786,0.7516331940333196,0.9853202525112299,0.08726166760663748,19.150782892360514,2.790342344249783,0.007611414289602658,-0.34923067056416823,0.10912726547339924,-0.01968645563389851,0.05046050121219553,0.18696651871463452,0.04292404866643383,0.6957178101110688,0.11331587031073953,0.12707697957253838,0.06434645234315932,0.041199966014133546,0.06660824791104827,0.23900546006943876,0.10433700739331904,-0.07965025331703482,0.6316678136056875,0.2544793650938847,-0.1453520996204855,1.5964902419276674,1.277177470017134,-0.03979416235402611,0.1457770965007466,0.05402425462030141,0.7622870352085557,1.2479398985005772,9.00116718054963,0.12582926092113647,0.2377000366276715,0.4906284382624636,0,0,86.64590959455656
C011,MockCompany_011,IT,2024Q2,402.02636364831,58.60623600954971,50.58668020880472,840.8368240736002,363.70863367450886,477.1281903990913,232.83442343306905,186.5750295439516,21.71917463386421,6.510959615014054,1152.8830969875685,-0.0131808007845671,0.2377000366276715,-0.3293168470515438,1.7801426162581084,1175.3663147761652,1.7429494522729392,98.40657698576554,0.4906284382624636,0.0616266990681598,2024Q2,0.1457770965007466,0.12582926092113647,0.10602324747650259,0.060162303505771064,0.7622870352085557,1.2479398985005772,0.05402425462030141,9.00116718054963,2.8676803344997426,-0.03979416235402611,-0.12299180050590275,-0.013180800784567182,-0.024389529458592324,0.05148770957859093,0.17636011514245545,0.047513082430980555,0.754613364654548,0.013073942459868681,0.12567862812671848,0.0663312825158568,0.028142726432326872,0.07206628329824556,0.21919448587541057,0.09131636042898436,-0.09381841697432752,0.6511630445156901,0.1600071887670219,-0.173187989551589,1.5856921184187163,1.3794915194058253,-0.03188241845248696,0.2154322963695801,0.142682416823973,0.7199138618103526,0.6719735515362513,24.720641349271755,0.17329580983013362,0.2741484730861233,0.3182680095379206,1,0,99.59441840916872
C011,MockCompany_011,IT,2024Q3,389.20879089354287,83.8481435896391,67.44825261107694,848.8972267415892,355.32760933799767,493.5696174035915,281.2877266904519,418.5994017870288,55.53325093396971,3.3918271933259745,923.5418711798856,-0.1989284311713313,0.2741484730861233,0.0064443727667013,1.9112307368207924,1155.266538117739,1.8987975615747084,98.01119487722632,0.3182680095379206,0.0802437804905822,2024Q3,0.2154322963695801,0.17329580983013362,0.13665397997095088,0.07945396743713153,0.7199138618103526,0.6719735515362513,0.142682416823973,24.720641349271755,2.372870019346818,-0.03188241845248696,0.4307034421384148,-0.1989284311713314,-0.009877082096568762,0.030934386946841908,0.19198506998245948,0.04751737671150897,0.742842434560744,0.018341677377107603,0.11209536816232174,0.05053606975006966,-0.009384557567631749,0.1361195763948408,0.2639135051947011,0.03949736950899466,-0.17456483527645997,0.5648211653722558,0.3262322947410662,-0.5251607259123975,1.680089865873747,1.1572376479962998,-0.08698349226709556,0.19532760768627763,0.2179008435945174,0.9622670036805641,1.039070261038776,18.41142607427745,0.1729742283223046,0.1513306003276785,0.4009462650070026,0,1,100.0
C012,MockCompany_012,Finance,2021Q1,541.2200740057513,54.71715211427489,39.71043262635219,1162.922997985606,510.9007782397012,652.022219745905,379.9973563192484,404.2048873080599,43.06804634328557,9.27686848358489,1787.3266106869862,0.0383764745920195,0.3934244428893156,-0.3339490719473246,2.162586961976827,1187.7162268596014,2.580481040009086,99.36027406216188,0.5687256211218664,0.0367533879591531,2021Q1,0.10109963532799845,0.07337206163172882,0.06090349596025509,0.034147086862246025,0.7835634473285545,0.9401107414831872,0.07957584799921581,5.89823518628046,3.302402657490289,0.029321658588051358,0.016305366076255545,0.03901112242922311,0.028748223617539495,0.04103992952872891,0.14908296294256101,0.02851283501543619,0.6270378788260513,0.06156726049581937,0.09118377837234426,0.043601873648594996,0.043950407107197303,0.10004747440174336,0.2019274246561828,0.07374245419873522,-0.07957584799921581,0.7043454685472883,0.18067548332721428,-0.1422990087351948,2.01638866875295,1.6664955325584705,-0.023759531004562295,0.12541424017195504,0.07174972822594279,0.9979168800070436,0.9075586826328191,9.90454692874424,0.09882523940196741,0.1497938207031176,0.5078112329035613,0,1,81.16037924786843
C012,MockCompany_012,Finance,2021Q2,528.3609388771201,66.26398568594021,52.21539627527849,1082.2843277578552,540.5779441804555,541.7063835773997,493.8381088780193,544.1390384195236,37.90975376970909,6.690259145900884,1796.2138959868705,0.0049723901869665,0.1497938207031176,-0.2191159524564706,2.161842602921173,1191.6784886946118,2.75933162099852,101.4747419574321,0.5078112329035613,0.0334032353718876,2021Q2,0.12541424017195504,0.09882523940196741,0.09639058696401996,0.04824554411076408,0.9979168800070436,0.9075586826328191,0.07174972822594279,9.90454692874424,3.399596305890457,-0.023759531004562295,0.21102767825982904,0.004972390186966713,0.028748223617539495,0.04103992952872891,0.11325693774997675,0.01719302196703298,0.8907401636677991,0.1515707658175737,0.0756627881125793,0.00553390236205948,0.021674432389492997,0.02362025460214077,0.2716091317962166,0.17227286505255834,-0.09550925923050509,0.8727638927461923,0.17340443739333555,-0.16843204720636906,2.0799145249802757,1.5303689463528711,0.008314901554118181,0.1282758463331872,0.06825485650173366,0.8853967250615695,1.416989584539266,5.20319615285591,0.068130607551998,0.3331820846998617,0.2528884691447574,1,0,85.0988179233376
C012,MockCompany_012,Finance,2021Q3,532.7542080689249,68.33949692773652,36.29686787168754,1096.5395347058263,514.9433538441393,581.596180861687,372.689329180371,263.01486845447346,36.36306202250748,13.134138117207709,1581.369931269523,-0.1196093434069044,0.3331820846998617,0.019283517628634,2.3411077387931587,1222.1986626849705,2.3682421906090565,102.60405534122523,0.2528884691447574,0.0281502058775749,2021Q3,0.1282758463331872,0.068130607551998,0.062409054711893154,0.03310128520025679,0.8853967250615695,1.416989584539266,0.06825485650173366,5.20319615285591,2.968291770042604,0.008314901554118181,0.031321859382760886,-0.11960934340690454,-0.007722314725222057,0.02268004876495355,0.11826324061104691,0.014932823148678779,0.8889590174657226,0.1072211078596113,0.07319347757563076,0.00579694068108853,-0.02542015954263947,0.08326259653348077,0.29213344943076497,0.1268964651194035,-0.059939954947615476,0.7718217108136645,0.20484560438903904,-0.3244549477959434,2.0149320740962664,1.3578922646582834,-0.01923144354288553,0.152868915213656,0.12114091421752864,0.9240926291736825,1.5617533929622258,6.940570626866276,0.10193091346202364,0.2321952602674817,0.3972119458384381,0,0,95.11440640394497
C012,MockCompany_012,Finance,2021Q4,522.5085755942126,79.87531914107272,53.25977640216085,1106.9207907718746,531.6258314817251,575.2949592901496,378.9397760510438,242.63739573552985,63.29716653410273,11.508465719654597,1560.507228918824,-0.0131928032386136,0.2321952602674817,-0.1027506803401104,2.11482515114642,1246.528626262416,2.397133163467933,103.36184731763096,0.3972119458384381,0.0307789353699258,2021Q4,0.152868915213656,0.10193091346202364,0.09257820799922349,0.04811525526137583,0.9240926291736825,1.5617533929622258,0.12114091421752864,6.940570626866276,2.98656768865694,-0.01923144354288553,0.16880168470561618,-0.013192803238613826,-0.011558690997776547,0.017359310317642023,0.12691465926169918,0.02116713608722794,0.8977424203927126,0.08929074223199004,0.08518033673610523,0.024436492880640127,-0.022363320466633002,0.06825796936288493,0.27714890213994414,0.10785772358332393,-0.14037235776041418,0.7828275913949664,0.2547783858882991,-0.2679711891269127,1.9531439979937484,1.412234797500886,-0.014970363230782158,0.11991121307450499,0.002732873569753803,1.2755386291588708,1.235604977854405,4.537135660446882,0.062285445989572814,0.2449232923695716,0.3158211694527592,0,1,69.3379748127861
C012,MockCompany_012,Finance,2022Q1,514.6864324263687,61.71667446535502,32.05747398852079,1056.2228543512367,592.0589676936048,464.1638866576319,292.77251801304254,236.946696767278,1.4065729478916325,13.602563176332078,1443.7084756566196,-0.0748466595333407,0.2449232923695716,0.060389860165844,2.123337199365344,1234.132453982798,2.224021007099326,101.34196012886424,0.3158211694527592,0.0087456970079822,2022Q1,0.11991121307450499,0.062285445989572814,0.06906498956498391,0.030351051254406996,1.2755386291588708,1.235604977854405,0.002732873569753803,4.537135660446882,2.805025321626974,-0.014970363230782158,-0.22733736617247946,-0.0748466595333408,-0.01241160905602795,0.014276098206179933,0.1316175536983258,0.014586602116061291,1.0207362158502917,0.17616446153984708,0.06596959312873972,0.04858459893728308,-0.050669103997973045,0.05726476460315768,0.24002361451000814,0.07506709494805697,-0.01770323680053596,1.1225872448130394,0.10767372341347663,-0.18252038294681733,1.891815108457474,1.6833317066353701,0.04520701037279107,0.12797747214511096,0.16206399493873222,1.00139658842321,1.0414821011513635,4.442570978851906,0.07758895506263108,0.1286776436262371,0.2329889366889425,1,0,87.6752487289942
C012,MockCompany_012,Finance,2022Q2,537.9538673158024,68.8459760698908,41.73927843701198,1155.18121438781,577.9936539268859,577.1875604609239,352.3588482300048,338.3244396033584,87.1829528301017,15.496877009546417,1570.5390407711811,0.0878505371777893,0.1286776436262371,-0.1545069569324974,2.248746292505821,1220.2866529328007,2.37448498315647,105.0708971563459,0.2329889366889425,0.0480590053458617,2022Q2,0.12797747214511096,0.07758895506263108,0.07231493070226251,0.03613223442098272,1.00139658842321,1.0414821011513635,0.16206399493873222,4.442570978851906,2.919467887840811,0.04520701037279107,0.1155166195569699,0.08785053717778935,0.004830026288310391,0.029515278274830175,0.13225836169161478,0.014276244129641841,1.0216061429543333,0.1760227490382032,0.08854815980693709,0.0689031861048556,-0.029949567250267352,0.08983740516313603,0.23474457024078804,0.08376602839626547,-0.11685698456594115,0.8732403844220695,0.3352484774566342,-0.24739794027884493,1.9842169423616418,1.2349069647372493,-0.03572671768811009,0.11930105854877913,0.09047131175909585,1.0469852164092186,1.1941302357085304,8.894597791008552,0.08703403046292017,0.2557129512658215,0.4923224267479374,0,0,84.45799926452199
C012,MockCompany_012,Finance,2022Q3,518.7345413689837,61.88557989125452,45.147557875764086,1098.3689117972506,561.7900918862105,536.5788199110401,464.0572481398343,388.6152734951012,46.9305944124954,6.957659169807471,1492.466096332843,-0.0497109224359055,0.2557129512658215,0.2511760131082629,2.1502957398981595,1229.6825463241728,2.3142999051800284,102.8555374599931,0.4923224267479374,0.0324805521013503,2022Q3,0.11930105854877913,0.08703403046292017,0.084139657027769,0.04110418402306058,1.0469852164092186,1.1941302357085304,0.09047131175909585,8.894597791008552,2.877128815041357,-0.03572671768811009,-0.10110098768256615,-0.0497109224359058,-0.006180378522246677,0.035408304227978846,0.13001466474551276,0.015740902256635273,1.0620032657912455,0.15112401777970236,0.09410227362127763,0.06760531241341076,-0.012474962007517625,0.07151332389629995,0.21537728688227797,0.058593528172279745,-0.12619802944720593,0.9220787718066762,0.1740456526197649,-0.2237565750556704,1.9315132396746175,1.670114149820435,-0.009463693891042624,0.07708397644514194,0.03277350244417474,1.025880845130698,1.469007089599029,3.652486301609191,0.030845389504723895,0.1393910620366202,0.4478764062976995,0,0,68.19237454642625
C012,MockCompany_012,Finance,2022Q4,513.8253964587573,39.60770475761964,15.849144491220391,1101.297325404276,557.6832584416156,543.6140669626602,354.53328531776333,241.3421200118684,16.83985788675291,10.84403923336195,1261.9211985510228,-0.1544724522374714,0.1393910620366202,-0.3730346149552219,2.194706455931683,1228.0495340416292,2.232470309407548,102.95356259314497,0.4478764062976995,0.1049924305459327,2022Q4,0.07708397644514194,0.030845389504723895,0.029155140483662068,0.014391340218126767,1.025880845130698,1.469007089599029,0.03277350244417474,3.652486301609191,2.455933878016978,-0.009463693891042624,-0.35998491365487095,-0.1544724522374713,-0.0037384411092859504,0.0345342422011645,0.11106843005338425,0.022998766452517753,1.0874503197804994,0.12676839985425833,0.07201042067793915,0.07021245146568723,-0.04779487425723208,0.10085510004350129,0.1921762373245626,0.06742282493394058,-0.042237196335217365,0.9468018702291209,0.10039378499827406,-0.2548662372357455,1.9179267280812198,1.5340693385634405,0.04315331726242566,0.09296427943123164,0.017571161500641478,0.9201402804196912,0.7649309239487544,4.547873982648378,0.04321290906651671,0.2607508167064595,0.4385480859479585,1,0,64.64599560671682
C012,MockCompany_012,Finance,2023Q1,535.9986668096336,49.82872983615137,23.1620616486621,1152.3211995699614,552.197754778118,600.1234447918434,397.61808458120976,519.8091384877555,9.418119138658165,10.956488684980355,1271.2873523426724,0.0074221384048417,0.2607508167064595,0.0783598191748738,1.9560721606510636,1196.0034467363705,2.1893485568729605,101.68390111155084,0.4385480859479585,0.0333738581820297,2023Q1,0.09296427943123164,0.04321290906651671,0.03859549539288106,0.02010035193076889,0.9201402804196912,0.7649309239487544,0.017571161500641478,4.547873982648378,2.371810661222808,0.04315331726242566,0.2580564852490077,0.007422138404841849,0.010792479014016004,0.04002470913221222,0.10433169664256592,0.02348659848374239,0.9986007325957045,0.05552513598751098,0.07571999266066107,0.06557076516184791,-0.027227674772686478,0.10188283178322133,0.19613311840878456,0.07186817899469967,0.025582155761784183,0.8346001022748232,0.15368875819429878,-0.14626661978945707,1.8096982851543193,1.5594811606910253,0.0157071484549276,0.08745407313675134,-0.003998728695195835,0.7804662537568203,1.1978697866483112,6.847054517943071,0.05395580343059452,0.0518061668008836,0.5527522059290161,0,0,69.07881536917498
C012,MockCompany_012,Finance,2023Q2,544.4176774408558,47.61154337994035,29.374493188193583,1219.6413115028538,534.62899580824,685.0123156946138,351.80605093021376,293.6930665171743,-2.176978588958619,6.95358029475663,1345.1468770464508,0.0580982140408092,0.0518061668008836,-0.2159797630540608,1.9829495836551283,1216.0355906433329,2.0470603826841924,102.36134716905276,0.5527522059290161,0.0806219754451778,2023Q2,0.08745407313675134,0.05395580343059452,0.0428817008324361,0.02408453445380098,0.7804662537568203,1.1978697866483112,-0.003998728695195835,6.847054517943071,2.4707994115237257,0.0157071484549276,-0.04449614636980814,0.05809821404080928,0.0034175135345501373,0.03380416920603454,0.09420084689047602,0.01798199038203851,0.943368148929107,0.12195819370293448,0.034204311752179056,0.040431656292927325,-0.0346657555569315,0.09120772352088592,0.17691524920244617,0.10049515303569843,0.019705877150123435,0.7122113009200051,0.0991624928964831,-0.0410642788556739,1.775314165411762,1.3364755508000281,-0.046457476656471375,0.08614435529772246,0.053378541909040775,0.9228438716520766,0.8190362748338991,4.065093725116726,0.04027047599927803,0.1401000300815266,0.395166975065104,0,1,67.93635599866023
C012,MockCompany_012,Finance,2023Q3,519.1254058997769,44.71972340999091,20.9054271989427,1121.1287293620624,538.0711312441852,583.0575981178772,255.83839161519657,312.3651533825674,27.71015723492242,11.000908325832444,1237.3531940187788,-0.0801352513001073,0.1401000300815266,-0.0271166803552831,1.713546866695261,1189.3774228504058,1.9259931130203796,102.26686974060831,0.395166975065104,0.059572905161544,2023Q3,0.08614435529772246,0.04027047599927803,0.035854823376609835,0.01864676789686723,0.9228438716520766,0.8190362748338991,0.053378541909040775,4.065093725116726,2.3835342673544293,-0.046457476656471375,-0.060737790977971495,-0.08013525130010735,0.0007348237924598156,0.038099090446985645,0.08591167107771185,0.006585353019441742,0.9123328127398216,0.10075280632797286,0.02493111928966529,0.02423402504957902,-0.042271837772981956,0.09410323150597315,0.14801201890637247,0.08583418699886178,-0.09983601856551215,0.8433460812881544,0.09306542055029186,-0.17320067185039917,1.6306522197555957,1.378613086434785,-0.0016452171389150783,0.11219920611826605,0.08255095677250066,0.8191411770163308,1.1287302735719913,6.435105961988975,0.06168463905779578,0.2985583522612018,0.3183921531384856,1,0,83.57472104955733
C012,MockCompany_012,Finance,2023Q4,518.2713318847443,58.14963199143689,31.969380041375224,1169.132157985841,526.4485813859332,642.6835765999082,416.1413315365354,368.6809340361552,42.78379431492642,9.036313050395954,1344.416424700076,0.0865260066396793,0.2985583522612018,0.0143455360762257,1.5520877467998768,1172.474169208254,1.9003586038069888,99.91711604043904,0.3183921531384856,0.0267736581987945,2023Q4,0.11219920611826605,0.06168463905779578,0.0497435770966145,0.02734453912928383,0.8191411770163308,1.1287302735719913,0.08255095677250066,6.435105961988975,2.594039727816664,-0.0016452171389150783,0.30031287220451763,0.08652600663967935,0.002689442980491702,0.037598735643086884,0.09469047849599288,0.012040723821063928,0.8606478957112298,0.07201755958296241,0.03737548287174677,0.038301252670832904,0.017977776946305722,0.07313480038816225,0.18780384146251786,0.1130764402121281,-0.08419617391141573,0.7272341872563165,0.1931049457518516,-0.10657893911217231,1.560098473474879,1.344184692656004,-0.07807520478424312,0.06897314339577558,0.07227360929985394,0.9059973472994759,1.0483829512526959,2.9841908660520677,0.041673100033931994,0.1929658072464082,0.6275694850765631,0,1,64.99972072908955
C012,MockCompany_012,Finance,2024Q1,477.8071915140405,32.95586393589969,19.911706888938383,1139.7375685838258,541.7631956405664,597.9743729432594,464.12085543397393,442.7016434007774,34.53285028021852,11.043483949977512,1023.8271408766532,-0.2384598089799019,0.1929658072464082,0.15746920240362,1.7304929970516332,1183.7627909911446,1.8881541227781715,99.33906420508912,0.6275694850765631,0.0371499766251303,2024Q1,0.06897314339577558,0.041673100033931994,0.03329859570887408,0.017470431297322318,0.9059973472994759,1.0483829512526959,0.07227360929985394,2.9841908660520677,2.142762099562131,-0.07807520478424312,-0.43325756660415715,-0.23845980897990193,-0.027617687531175494,0.042632183981622815,0.08869269448712885,0.017789931607355463,0.8571121624311759,0.06837838339368423,0.05105109482154988,0.03863735887661361,-0.043492709899880175,0.14897474958491413,0.17085758909750504,0.1031431477927318,-0.15034881408409706,0.8435078623479969,0.06317154791138639,-0.3016313568912883,1.621655329237775,1.664043154670968,-0.06235847645568071,0.12352402410884691,0.11382486203190273,0.8547310759843424,1.0854786108669925,10.14481548405583,0.10397976678027936,0.2571290998842641,0.5964101452906445,1,0,87.445312498918
C012,MockCompany_012,Finance,2024Q2,448.0118630116573,55.3402281678249,46.58416903085457,1083.192129573052,499.1763961884556,584.0157333845964,291.41352204966967,268.4654668744017,50.99488849607142,5.455025598509499,832.0132644676124,-0.1873498647875265,0.2571290998842641,-0.2303673215894144,1.5924021726931372,1166.356667262108,2.262980233338055,99.06740084930982,0.5964101452906445,0.0,2024Q2,0.12352402410884691,0.10397976678027936,0.07976526378972974,0.043006376947340864,0.8547310759843424,1.0854786108669925,0.11382486203190273,10.14481548405583,1.8571232888181497,-0.06235847645568071,0.6792224981709956,-0.18734986478752647,-0.04713409375882757,0.032958710972124675,0.09771018223015275,0.024737771385528202,0.8756783679880564,0.04753619059071127,0.08050699250332452,0.02528503938747649,-0.1048547296069641,0.1436354220202184,0.22218832236835015,0.06987055297684602,-0.17618333848758344,0.7491512539478719,0.17499040968506893,-0.3623402744725954,1.6992908422895494,1.6026904991227804,0.006328866743868344,0.10344908766238073,0.05197122472506814,0.9521882961300053,1.1627832217515799,4.2404621164084935,0.058709172100041916,0.3125292426920515,0.5353674339491212,0,1,72.35552170365025
C012,MockCompany_012,Finance,2024Q3,450.8472703923303,46.63973879726469,26.46886998835616,1059.3267723217816,516.6912210172143,542.6355513045673,287.19478900662364,246.9891065101883,23.431084806295328,10.998739645038093,801.9499403100671,-0.0361332270066418,0.3125292426920515,0.0935763533470909,1.7547789989012466,1170.0450275379544,2.121875147172867,97.98162694296916,0.5353674339491212,0.0161088320893701,2024Q3,0.10344908766238073,0.058709172100041916,0.04877835579455259,0.02498650150257033,0.9521882961300053,1.1627832217515799,0.05197122472506814,4.2404621164084935,1.7787618845078648,0.006328866743868344,-0.157218169469325,-0.03613322700664179,-0.03393750790874264,0.04250513972626185,0.10203636532131731,0.023524279951743388,0.8830144741075386,0.058289446740811046,0.08015516320733136,0.02579303346585868,-0.09385422353359774,0.14778469829809962,0.2652956255209814,0.05365233245587034,-0.045642357981199796,0.8536852856125595,0.1617491791313172,-0.197882406137959,1.707842459387326,1.7015819622537323,-0.05810694029960828,0.06029269604431182,0.04536108170184522,0.8862407284608996,1.530619362874618,2.220291163267104,0.03858141223380987,0.2530020903825024,0.3153410480150764,0,0,66.42111510643396
C013,MockCompany_013,Finance,2021Q1,310.1988285208038,50.923721891526064,45.14832801853755,628.6812721567093,314.8063644636666,313.87490769304264,471.5109541175319,162.80338776572952,64.81869023492676,3.102198736228951,613.1296208338482,-0.1983979388216304,0.1395567425007577,-0.1946270734850963,1.8943661482524472,1173.1568940152877,2.513383692221685,99.74690766147084,0.4636438790060417,0.0437827418996979,2021Q1,0.16416477823012363,0.1455464169019713,0.14384178827874639,0.07181433584554395,1.0029676050770262,2.896198663833271,0.20895852683844252,16.415364135250034,1.976569749652525,0.029321658588051358,0.016305366076255545,0.03901112242922311,0.028748223617539495,0.04103992952872891,0.14908296294256101,0.02851283501543619,0.6270378788260513,0.06156726049581937,0.09118377837234426,0.043601873648594996,0.043950407107197303,0.10004747440174336,0.2019274246561828,0.07374245419873522,-0.20895852683844252,0.838315650617558,0.37312330506856617,-0.5715212438901965,1.8946595123705323,1.4415162721243573,0.01181195932630863,0.15880017806129904,0.12500227094252167,1.1168801045050583,2.6614624322689675,6.230791671769376,0.12919428147084225,0.1967924070316451,0.7216047682383409,1,1,98.45493322835534
C013,MockCompany_013,Finance,2021Q2,313.8628844663601,49.84148194024971,40.54928983912656,626.592328729079,330.59430437499594,295.99802435408304,469.94424654680927,176.5736915337587,39.23357332299032,7.999221376609641,622.0545988709505,0.014556429397367,0.1967924070316451,-0.1766538428127582,2.1852893050799875,1216.2096561967965,2.5704167848797312,101.80531238064196,0.7216047682383409,0.0333451841827809,2021Q2,0.15880017806129904,0.12919428147084225,0.13699175839931657,0.0647139902291945,1.1168801045050583,2.6614624322689675,0.12500227094252167,6.230791671769376,1.9819310586105334,0.01181195932630863,-0.02125217700272697,0.01455642939736701,0.028748223617539495,0.04103992952872891,0.16148247814571132,0.0037933451577303557,1.0599238547910423,0.08054830080747011,0.1669803988904821,0.0593660378670387,-0.0919207547121317,0.15058147785095005,0.1681745747662014,0.040471726515508843,-0.11319031161621304,0.9395193450365327,0.2956144083301293,-0.2810579789327623,2.0293600283449407,1.8579165203065187,0.0374875908118264,0.13440355691842495,0.09499920586166882,0.9704012363480309,2.473071792236415,5.079908519728485,0.10050646090770708,0.1172223207452204,0.3829104004630858,0,0,94.83021262342524
C013,MockCompany_013,Finance,2021Q3,325.62884785025454,43.76567538645723,32.72780306698381,666.0659567580609,328.0302590178451,338.0356977402158,499.5494675685457,201.9955381539194,30.934481951519363,8.61544557572398,626.6619896246774,0.0074067304736424,0.1172223207452204,-0.3883339239700124,2.1467205609965263,1221.9544884686427,2.206731835882756,101.01460829980056,0.3829104004630858,0.0408648895223359,2021Q3,0.13440355691842495,0.10050646090770708,0.09681759437146391,0.049135979304858225,0.9704012363480309,2.473071792236415,0.09499920586166882,5.079908519728485,1.9244670543161861,0.0374875908118264,-0.12190260636865069,0.007406730473642487,0.024649775069067514,0.018155413134656444,0.15245617106994921,0.015862452270084156,1.0300829819767052,0.07691194609714205,0.14298666788087766,0.05906996368120685,-0.05881159298354033,0.12093816811494269,0.15119049009254107,0.041040927379620236,-0.057511615049842424,0.8399758585448184,0.26689035359192015,-0.2594836231182778,1.8902946854483413,1.3401085797531245,-0.026057017638381086,0.18246831994714816,0.07207344335130271,0.9242217661655538,2.5186074016539286,10.52264610979155,0.16003664094432243,0.127355005413668,0.1948833290705434,0,0,100.0
C013,MockCompany_013,Finance,2021Q4,317.14393121825475,57.86872031101132,50.75464944820676,648.2267649273459,311.3493964636476,336.8773684636984,486.1700736955095,193.03130506712992,22.8576551609404,5.499445642920612,679.5966995848928,0.0844709122886473,0.127355005413668,0.1004251782371858,2.369073192166072,1221.43142404802,2.500506192549328,102.51809615886005,0.1948833290705434,0.0273769457265209,2021Q4,0.18246831994714816,0.16003664094432243,0.15066209309197146,0.07829767635993419,0.9242217661655538,2.5186074016539286,0.07207344335130271,10.52264610979155,2.142865218868273,-0.026057017638381086,0.3222398557778936,0.08447091228864734,0.007747510833251314,0.03196668769104929,0.15995920828924895,0.019822391330780138,1.0036176780239172,0.082129659004651,0.12525836174848393,0.05986104821023609,-0.022990966665493426,0.1219965686017468,0.1452316189228228,0.03556596307223203,-0.0981304609896838,0.7555805732347392,0.22848474566006977,-0.14401383337142248,2.0707822118647963,1.0778189077189506,-0.023960446343553654,0.1336805145052339,0.0711175882024294,1.1949892169082958,2.5972273414491887,7.833023210244768,0.1124110795013122,0.2933030645225989,0.4118675426582637,0,1,94.26381780141863
C013,MockCompany_013,Finance,2022Q1,309.5450210711161,41.380137679453945,34.796289972973,644.4924545744456,350.872581816694,293.6198727577516,483.3693409308341,186.1097537416685,22.01409533871908,5.2827799128055775,603.3351030087597,-0.1122159607642515,0.2933030645225989,0.1296757167283839,2.1946670344261543,1241.2405743309932,2.287287580977522,103.53879706978869,0.4118675426582637,0.0521738416942704,2022Q1,0.1336805145052339,0.1124110795013122,0.11850795263290254,0.053990220872166435,1.1949892169082958,2.5972273414491887,0.0711175882024294,7.833023210244768,1.9491029153662207,-0.023960446343553654,-0.28493083211345716,-0.11221596076425144,-0.0001794784609499278,0.030538413815601368,0.1523381423580265,0.02323317985816869,1.0516230809817348,0.1260164157457669,0.09079812708948065,0.02533449500548733,-0.001445472151148701,0.0816213791586312,0.1836681994282831,0.08119581081877919,-0.09507803454598306,1.0352424435637884,0.18083765636410964,-0.29305361712836114,1.9410562876905848,1.740413050744651,0.03505160566535359,0.1451823499276014,0.1476037148570729,1.0396713417619337,2.4329246718773705,4.922833840106976,0.10651506173298912,0.215711568400815,0.2855142305736833,1,0,100.0
C013,MockCompany_013,Finance,2022Q2,320.3950710853744,46.51570932554073,34.12690077571061,647.298323458017,329.9440957431636,317.35422771485344,485.4737425935127,199.5432691372492,47.291502714244814,9.448970010250658,632.8244853428341,0.0488772859179161,0.215711568400815,-0.2889688024392947,2.365150747375945,1236.890742747562,2.2934067712076365,104.17668492777445,0.2855142305736833,0.049681441543621,2022Q2,0.1451823499276014,0.10651506173298912,0.10753567400484264,0.05272205958041744,1.0396713417619337,2.4329246718773705,0.1476037148570729,4.922833840106976,1.9751380169398198,0.03505160566535359,0.12410716672498401,0.04887728591791607,0.0056304331238113126,0.03540338295105309,0.1489336853246021,0.022966846308489067,1.0323208902959538,0.11837015080163218,0.09644848806811845,0.03584575725566248,0.007134741978988573,0.08557255680747247,0.1883979897705756,0.08275129019482103,-0.11255210919171932,0.8887294132125537,0.3278376704500279,-0.2789603845321118,2.001562354328522,1.389955212187052,-0.012718924041144941,0.13215510122608146,0.1249011353385608,0.9322711148178616,2.6367754733601503,7.950378964010484,0.09447418545449456,0.2048811884331364,0.3351182397160923,0,0,100.0
C013,MockCompany_013,Finance,2022Q3,316.3199905130823,41.80330036622167,29.88407344679137,644.9294931291614,311.16189282581524,333.76760030334617,483.69711984687103,183.4426650016732,39.50872594549166,5.258026132779973,611.9302953120097,-0.033017353965855,0.2048811884331364,0.2339094380191806,2.216461991791932,1223.130524000644,2.2490073785406293,104.72824742936533,0.3351182397160923,0.0449775801324563,2022Q3,0.13215510122608146,0.09447418545449456,0.08953557331371158,0.046336962047973954,0.9322711148178616,2.6367754733601503,0.1249011353385608,7.950378964010484,1.9345293173457119,-0.012718924041144941,-0.10130790280632318,-0.033017353965855145,-0.0069211955894315225,0.028588141201813116,0.14837157140151624,0.02346316583267128,1.0227883599134113,0.12628923850776466,0.10392397043734146,0.03846503308576791,-0.0029712791308857765,0.0878854891625728,0.21031270669255459,0.06789214189330774,-0.13762005937970573,0.8090667312689553,0.24433731252349733,-0.2773546664893523,1.9298534368165896,1.349066159418184,0.023998615461780615,0.17702239114177845,0.22022132279156414,0.8789877326653983,2.777929205193035,8.068534885602855,0.16630196864558217,0.04,0.32640232507273,1,0,100.0
C013,MockCompany_013,Finance,2022Q4,323.9112323282799,57.339540864609255,53.86707560277578,654.2399393202,306.0524935239133,348.18744579628674,490.67995449015007,176.63515454969107,71.33216005059967,7.106561683070233,628.943676364234,0.0278028088861812,0.04,-0.0451675142045264,2.0404190134242626,1232.1731545440232,2.1939734251645318,103.4205458830209,0.32640232507273,0.0309926764294245,2022Q4,0.17702239114177845,0.16630196864558217,0.15470711610359716,0.08233535185678975,0.8789877326653983,2.777929205193035,0.22022132279156414,8.068534885602855,1.9417161666220513,0.023998615461780615,0.3716510505697137,0.02780280888618125,0.005592712685608903,0.02837433629657564,0.1470100892001738,0.020836083508671176,1.0114798515383723,0.13940185655842458,0.1409609402974068,0.061812474075895685,-0.017138304981502303,0.07227186355066514,0.18847395533913758,0.10652815341392895,-0.19622270732978353,0.7233872224446792,0.4212423293951232,-0.393439520508942,1.8516892998692847,1.0897895475174093,-0.03572024096915083,0.14256911994661836,0.06931926821706949,0.9131746043790444,2.669169817668568,6.8916852108847495,0.10380440050831892,0.2603714893738087,0.3592415519284214,0,0,97.4357671469383
C013,MockCompany_013,Finance,2023Q1,312.34104505689913,44.53018791711175,32.42237493637705,638.9408397860512,304.9719284683527,333.96891131769854,479.20562983953846,179.53358631015828,21.651252677568294,6.461436723762273,574.3196877054195,-0.0868503662753747,0.2603714893738087,0.5995323005821536,2.0986796061092865,1201.4149623501469,1.9306552215278088,100.1756844400395,0.3592415519284214,0.0158661121219923,2023Q1,0.14256911994661836,0.10380440050831892,0.09708201523415798,0.050743938902360515,0.9131746043790444,2.669169817668568,0.06931926821706949,6.8916852108847495,1.8387582957563486,-0.03572024096915083,-0.22339475960826205,-0.08685036627537479,0.002652764029209609,0.03273177161658993,0.14923224056051992,0.019362506273989503,0.9410261984060595,0.06935896557676932,0.14051136030106684,0.06249259345997464,-0.010796906359283098,0.06145140166020632,0.18024106155194003,0.09652932804242843,-0.10503950918622032,0.7829841046751227,0.17616814719453702,-0.26301851346991173,1.7706916783780273,1.4025971459773527,0.02921117265270201,0.17168642520410105,0.03979446749691885,1.0849495262607889,2.8680473577379786,17.030440638664697,0.13572938599615583,0.202386702970131,0.4439712203928472,1,1,99.10741797843573
C013,MockCompany_013,Finance,2023Q2,321.4648932505816,55.19115835098199,43.63223258035695,649.0792063404858,337.7626981161937,311.31650822429214,486.8094047553644,169.73548342536495,12.792524245900552,3.2407357804148345,678.9671426153518,0.1822111572180827,0.202386702970131,0.2034666637107685,1.7945726725135498,1211.5626590377624,1.7154468241894012,102.05958662832585,0.4439712203928472,0.0189304107589818,2023Q2,0.17168642520410105,0.13572938599615583,0.14015393153767924,0.06722173835499774,1.0849495262607889,2.8680473577379786,0.03979446749691885,17.030440638664697,2.112103551176848,0.02921117265270201,0.2394099583346585,0.18221115721808268,0.0011926557760467138,0.030882805811035842,0.15585825937964484,0.021885247999011377,0.9523457445307733,0.09110896372446792,0.11355904846102832,0.07938063420621855,0.022536561465758553,0.11629767462706497,0.176909845194269,0.09511680202955528,-0.010583294844216842,0.8986784205701911,0.2406920653537219,-0.05848090813563919,1.5919756215573613,1.5450363439331694,0.03705847687456654,0.13169350176703706,0.13827231963645126,1.12063951336435,2.6520479200549176,9.45694249005535,0.11241729228549951,0.1218203015094514,0.2494986745573234,0,0,100.0
C013,MockCompany_013,Finance,2023Q3,333.37789256309327,43.9037020834805,37.47743998990153,660.1518053253922,348.8533497585832,311.29845556680897,495.1138539940441,186.69114168236428,46.09693452034881,4.64248377529962,691.400268181204,0.0183118221567545,0.1218203015094514,0.2607034746599154,1.854569160608165,1183.626555660887,1.8282861960117744,101.74344271311293,0.2494986745573234,0.0437442954428764,2023Q3,0.13169350176703706,0.11241729228549951,0.12039070326109587,0.05677094220983299,1.12063951336435,2.6520479200549176,0.13827231963645126,9.45694249005535,2.07392356722718,0.03705847687456654,-0.20451566165218305,0.018311822156754642,0.013637006004974583,0.03333976976458453,0.15574285951488373,0.02205247359853911,0.9994378441673955,0.12103948156172807,0.11690184453550094,0.08029375433580306,0.03536885549641093,0.11082777508831397,0.1561446234633478,0.09603697574661271,-0.10121384276188472,0.9730585716308905,0.3070242982780549,-0.2887124761213004,1.6440873415152448,1.3443775476976652,-0.0015915305287196313,0.12109638239328158,0.03438114111189799,1.1871215919155598,3.02911626207068,7.690815227542689,0.10250291418176985,0.1907040572512197,0.3130668963687484,0,0,91.4973836521887
C013,MockCompany_013,Finance,2023Q4,332.8473114694789,40.306605308404805,34.117819403291314,661.5217225919939,359.0594703623763,302.4622522296176,496.1412919439954,163.79077229667243,11.443670384382395,5.240875525960653,813.9926771735757,0.1773103289572956,0.1907040572512197,-0.3712666460269662,1.7563941961575462,1169.8219065420678,1.7851286959051398,101.10250432444144,0.3130668963687484,0.0713629510239759,2023Q4,0.12109638239328158,0.10250291418176985,0.11280025573993806,0.051574752934126326,1.1871215919155598,3.02911626207068,0.03438114111189799,7.690815227542689,2.4455437947732106,-0.0015915305287196313,-0.08193151384445929,0.1773103289572957,0.007239469507349522,0.03314338659690358,0.14176135732775952,0.02179116849005761,1.0764713089799358,0.11680754726479069,0.0704417991155844,0.047755870776108746,0.07274573551418953,0.13083118815298198,0.19382063777615272,0.05685113548548577,-0.03597267164061762,1.043365461673632,0.15388599297645994,0.023424335980835653,1.5904795841845605,1.5471364152936002,0.006385486542256125,0.20325350899373093,0.07953226046923886,1.3751269839950044,2.617717527361104,15.107976011006011,0.1897209732052158,0.1924703148345745,0.5542430536420707,1,1,100.0
C013,MockCompany_013,Finance,2024Q1,334.9727034974934,68.08437740318539,63.55134730491636,646.0073917506494,374.018821833146,271.9885699175034,484.5055438129871,185.0870228533767,26.641136304727297,4.50651876455712,754.9433085334837,-0.0725428745196196,0.1924703148345745,0.1513025779628803,1.7810444154967016,1163.4456393500725,1.7507162051129903,98.7030722208334,0.5542430536420707,0.0501763358692638,2024Q1,0.20325350899373093,0.1897209732052158,0.23365447792147445,0.0983755729676666,1.3751269839950044,2.617717527361104,0.07953226046923886,15.107976011006011,2.253745754948893,0.006385486542256125,0.6891617858224421,-0.07254287451961972,0.01776590138520126,0.018325044026314966,0.15693245458953767,0.03779130649608593,1.1919594038839258,0.1292431913371481,0.07299504717862675,0.047948478217324196,0.0763226084531283,0.1250827563383658,0.17684534414134415,0.03704195803719799,-0.07314677392698274,1.0956275991860536,0.2891712560052259,-0.3617141305248455,1.5851499090184138,1.842340967662699,0.008822371588584677,0.1681984740729441,0.07540973301200937,1.1518644123553377,2.666873849549332,7.72484153535854,0.11536163985126166,0.1417941054542884,0.518704609925754,0,0,97.88651282227154
C013,MockCompany_013,Finance,2024Q2,337.9279571597811,56.8389667410306,38.983923289654605,659.7019881197332,353.1297039503509,306.57228416938227,494.7764910897999,185.52676991854864,25.48305702678824,7.357945981563445,740.1431459758095,-0.0196043363658978,0.1417941054542884,0.5372802639945493,1.7850288636693372,1158.530155412839,1.6914185639951311,97.96560619065846,0.518704609925754,0.0555484300277169,2024Q2,0.1681984740729441,0.11536163985126166,0.12716062508765041,0.0590932329925313,1.1518644123553377,2.666873849549332,0.07540973301200937,7.72484153535854,2.1902394587129717,0.008822371588584677,-0.16516873754402073,-0.019604336365897757,0.012668701119171927,0.016857129098469464,0.15606046680674843,0.03737535121518405,1.208688125407563,0.1142344102602614,0.08189886355739938,0.042753596816005,0.02586873505713318,0.10761708107875954,0.16169719476238348,0.03547150297509018,-0.0665873614234247,0.9581225758582415,0.25243057867353813,-0.27203491503943594,1.5643156463064154,1.6186212912382838,0.0024899322470886,0.0990379976499326,0.041658979390843606,1.412007390147106,3.0214993472680485,10.502206930704709,0.05957361246681769,0.2897702415867925,0.404567544176989,0,1,88.49055660251625
C013,MockCompany_013,Finance,2024Q3,338.76937487750604,33.551040553086615,20.1817154546382,628.5738872099749,367.9719131960285,260.60197401394646,471.4304154074812,156.02532425853852,14.112786406312654,3.194665727304718,799.4372927306999,0.0801117284910024,0.2897702415867925,-0.0578448247345738,1.8882864758693765,1152.9967692172322,2.0638696882092624,97.05508638766682,0.404567544176989,0.0425153701691134,2024Q3,0.0990379976499326,0.05957361246681769,0.07744268066626658,0.03210714900070992,1.412007390147106,3.0214993472680485,0.041658979390843606,10.502206930704709,2.3598275169277176,0.0024899322470886,-0.4097176202032017,0.08011172849100245,0.004026564962302442,0.004563935044263598,0.1478965907774723,0.04684004039132551,1.281530094603252,0.13103543654141583,0.05774552849599747,0.02303155423329913,0.04131871164069516,0.11056626477379879,0.20368467978171878,0.06200920814503115,-0.039169047143755006,1.2721650055600295,0.14318690928786482,-0.06307518079686242,1.7291536881926932,1.966502791323811,0.04880162746170069,0.1731260144112607,0.08425873965987192,1.7913623034238813,2.5017729695757134,8.064599822084059,0.12044430480404097,0.1465300253360373,0.6193329271140531,1,1,93.02481747707888
C014,MockCompany_014,Bio,2021Q1,133.40530323199891,25.76250313102693,18.509070503622763,267.5221108083996,74.82228122227642,192.6998295861232,69.18636873329726,94.54897997304872,15.99518193688838,1.7864862816453078,170.26604823908298,0.0025453529672036,0.2784858238953466,-0.4334646087270064,2.0512628107402118,1200.3736182353398,2.422721253697104,99.16112668413793,0.5176361295399734,0.1077784141589783,2021Q1,0.1931145352297686,0.13874313880382824,0.09605130706799336,0.06918706811793156,0.3882841068546346,0.7317516143726474,0.11989914605532594,14.4207673920001,1.2763064444425045,0.029321658588051358,0.016305366076255545,0.03901112242922311,0.028748223617539495,0.04103992952872891,0.14908296294256101,0.02851283501543619,0.6270378788260513,0.06156726049581937,0.09118377837234426,0.043601873648594996,0.043950407107197303,0.10004747440174336,0.2019274246561828,0.07374245419873522,-0.11989914605532594,0.31330080202229604,0.31301368128509455,-0.31046832831789095,1.9260065080236621,1.109422755457616,0.11766033421020605,0.16184969891132636,0.12222773010435635,0.3192706313480513,0.5694316549982671,26.474554051410248,0.14384056018271688,0.1690482759478997,0.314075204661988,0,0,96.48187581229647
C014,MockCompany_014,Bio,2021Q2,149.1018157956898,24.132083993826285,21.44688870845612,310.9675426386138,75.25582796143415,235.71171467717969,55.97415767495048,98.29828950157572,18.224376499267255,0.9115199417708894,211.5606487200889,0.2425298578787779,0.1690482759478997,0.2764314419701433,2.0677981585512626,1214.9535675969812,2.7069824103263795,100.47209720593182,0.314075204661988,0.0605428695658948,2021Q2,0.16184969891132636,0.14384056018271688,0.09098779302393961,0.06896825477799569,0.3192706313480513,0.5694316549982671,0.12222773010435635,26.474554051410248,1.418900551879032,0.11766033421020605,-0.06328651874037261,0.2425298578787778,0.028748223617539495,0.04103992952872891,0.17748211707054748,0.022107577773457957,0.35377736910134294,0.04879989652395677,0.12106343807984114,0.0016465575716322334,0.12253760542299075,0.1696946708026705,0.22376704992162316,0.07738403227006764,-0.004567395894150297,0.2675967757931401,0.4017377632258888,-0.15920790534711088,2.0356592693862687,0.7507202564030279,0.051084311294020024,0.17097798114008791,0.1575637714166015,0.3107675681629707,0.44664362793931267,20.405018066893504,0.1239443358193801,0.2360869826963058,0.2510753455740095,0,0,99.66232628707026
C014,MockCompany_014,Bio,2021Q3,156.71857936830042,26.79542630770562,19.424380230484743,328.7463295339562,77.94188676430441,250.8044427696518,80.44016932105308,180.0992206957807,24.69317041647897,1.3131782681817532,226.44724207273316,0.0703656064712692,0.2360869826963058,-0.0407273395283151,2.10266229426926,1238.544329238397,2.126272709037281,102.2607900002999,0.2510753455740095,0.1119392362468852,2021Q3,0.17097798114008791,0.1239443358193801,0.07744830998965746,0.05908622693358258,0.3107675681629707,0.44664362793931267,0.1575637714166015,20.405018066893504,1.4449291397615354,0.051084311294020024,0.11036520155328056,0.07036560647126944,0.08437232275211304,0.04707635726846613,0.1753140717603943,0.0160771191108786,0.33944076878855217,0.0425126954680667,0.13323021585876127,0.02110561585178747,0.10514693910575024,0.12371518287698632,0.2278736941798507,0.05517914285650272,-0.10647946012258147,0.2576331567546513,0.3796260638507094,-0.3092604573794402,1.8516905499288083,0.7447954850249666,0.044355646765919854,0.18569854068144223,0.09671062262357852,0.24945617265614942,0.849578359191426,18.32773006433762,0.129767830513809,0.197705736986016,0.4419566314656179,0,0,98.27731906587806
C014,MockCompany_014,Bio,2021Q4,163.66993331641754,30.393267770473397,21.23909216694106,349.9317602017138,69.86450545554382,280.06725474617,107.12812154897496,126.09563366242406,15.828621155887028,1.6583214421782302,248.92578624145096,0.0992661423604261,0.197705736986016,0.0215901265623018,2.21795442292772,1224.1310459139509,2.6205124590591384,101.69003780834628,0.4419566314656179,0.0564479800701374,2021Q4,0.18569854068144223,0.129767830513809,0.07583568520395073,0.060694954223753095,0.24945617265614942,0.849578359191426,0.09671062262357852,18.32773006433762,1.5209011282401532,0.044355646765919854,0.13427073043928917,0.09926614236042619,0.07103343075671531,0.04051999291496469,0.17791018899065628,0.014116484617754683,0.3169446197554515,0.05682598938207435,0.12410031754996557,0.025107466077602295,0.1036767399194192,0.10105581094349499,0.22033170488139203,0.04751159452769907,-0.052354975857658664,0.20313252542992458,0.3267648100709406,-0.22749866771051452,2.0607027224695855,0.8427948938815585,-0.0005114543598713217,0.18941630126762726,0.084049358781513,0.2555054659174963,1.2993321530068334,21.630077648861064,0.16583248617231458,0.2461866193427744,0.3727384767229284,0,0,100.0
C014,MockCompany_014,Bio,2022Q1,163.586223615443,30.985897415765606,27.127910165854946,358.207237852156,72.898055553909,285.30918229824704,64.47730281338808,49.62341820209667,13.749317200451232,1.4325375015825288,274.9579587877768,0.1045780468925598,0.2461866193427744,-0.1771438788146994,2.174078493909242,1270.303203979185,2.281727190486664,102.80958306879144,0.3727384767229284,0.0582269647338785,2022Q1,0.18941630126762726,0.16583248617231458,0.09508249943880807,0.0757324456324241,0.2555054659174963,1.2993321530068334,0.084049358781513,21.630077648861064,1.6808136572213115,-0.0005114543598713217,0.01949871431290906,0.10457804689256012,0.05314720947756865,0.0487262509379929,0.17698563050012095,0.012853334916818062,0.28374995952116694,0.03635695504405318,0.11513787073151234,0.032435999563059335,0.12918491340075824,0.07704418222965079,0.21225690374324896,0.035580051684089474,-0.08456081314138432,0.20710856560974233,0.2729542056892689,-0.16837615879670914,1.9406229507323223,0.8260336616754451,0.06991972513216038,0.16837189275844505,0.027953965799138503,0.2630088815948162,0.7902004044010006,24.398674696589293,0.12833944133147154,0.1178215522649872,0.4765908606337333,0,0,88.02099600684704
C014,MockCompany_014,Bio,2022Q2,175.0241274060429,29.46914360991905,22.46249873094818,362.6004556114704,75.5078936388677,287.09256197260265,116.59938345473304,147.55672460371522,4.892618471560537,1.2078173897551856,260.68217139570424,-0.0519198915172741,0.1178215522649872,-0.1695025220949943,2.2296475224268435,1231.8408114122851,2.0045712508524827,103.86713654990405,0.4765908606337333,0.060934726239077,2022Q2,0.16837189275844505,0.12833944133147154,0.07824131205814222,0.06194834668094019,0.2630088815948162,0.7902004044010006,0.027953965799138503,24.398674696589293,1.4894070620872268,0.06991972513216038,-0.04894981047329072,-0.051919891517274386,0.041212057208057234,0.029845854939705114,0.17861617896190063,0.010489517865128294,0.26968452208285815,0.027944066784774027,0.09156942965520788,0.05318259025040028,0.05557247605174525,0.07322141818286652,0.19945022282252084,0.05828900988914884,0.04196575933302188,0.21872557838841528,0.26624558368974394,-0.31816547520701804,1.8515288140714496,0.8551037506201575,0.05578652092345804,0.16446689837380812,0.048989699076603936,0.24684356061488824,0.4514308423042369,19.22366074574181,0.10354176761570119,0.270052442548264,0.1229357560040036,0,0,90.56817875374239
C014,MockCompany_014,Bio,2022Q3,184.78811455169011,30.3915280568249,19.13328801515821,384.5057079483319,76.12242708311749,308.3832808652144,130.319620302522,288.6812510126259,9.052714124869304,1.5809438399672755,326.1212964926828,0.2510303053968534,0.270052442548264,-0.4628125533949423,2.133036482195671,1255.2817201238338,2.277627395162003,103.24036475495932,0.1229357560040036,0.0666913581660628,2022Q3,0.16446689837380812,0.10354176761570119,0.06204385646788286,0.0497607385783711,0.24684356061488824,0.4514308423042369,0.048989699076603936,19.22366074574181,1.764839136337923,0.05578652092345804,0.03130000854844606,0.25103030539685345,0.04238760961541674,0.03045078580950849,0.17698840827033066,0.012400960723893231,0.25370352019583753,0.007186463333345185,0.0644259115702085,0.03160095849142363,0.1007386507831413,0.12370545828344981,0.2079415877855104,0.06719829899133327,0.006796821846854102,0.20624596581701046,0.2692431183738701,-0.018212812977016712,1.920316873112336,0.6060309862161323,0.09801237432705157,0.1611193835180638,0.11540310511027001,0.19629828748440398,0.8857056642522912,30.546342555453112,0.1362405301417461,0.107047982272015,0.3598974952877369,1,0,99.66156854033727
C014,MockCompany_014,Bio,2022Q4,202.89963640632047,32.691064333986766,27.64315402970087,433.0850946397479,71.06410107112032,362.0209935686276,176.6113865619362,199.4018935287549,23.41524806714957,1.0702120636568464,346.4647948177366,0.0623801589894337,0.107047982272015,0.0844074738125115,2.0459518205731824,1209.4154193639188,2.4293282161702514,102.97792421166312,0.3598974952877369,0.0583897045192204,2022Q4,0.1611193835180638,0.1362405301417461,0.07635787570530563,0.06382845859110292,0.19629828748440398,0.8857056642522912,0.11540310511027001,30.546342555453112,1.7075673517827774,0.09801237432705157,0.07566372684066036,0.06238015898943372,0.055801791505699666,0.04144165072768494,0.17084361897948605,0.012731552391337005,0.2404140489029012,0.030143083000208484,0.06909903219188136,0.038578410200406636,0.0915171549403932,0.1252173881651116,0.18527714910701013,0.08478772322976795,-0.01739073078321844,0.16467082841926517,0.37453486295538535,-0.31215470396595163,1.9291726386693775,0.6316163059790171,0.03999120856598415,0.2394880387554567,0.14617673290382852,0.18636305208815854,1.1971929371243535,53.44731360101042,0.19167268303213567,0.1868124494736188,0.535399772414509,0,0,100.0
C014,MockCompany_014,Bio,2023Q1,211.01383808380797,50.53529023319216,40.44558850262379,457.9158107337376,71.93294492587395,385.9828658078636,82.42484593207276,68.84842315296254,30.845313448734693,0.945516000242704,347.7010577770668,0.0035682210077954,0.1868124494736188,-0.2154642126281102,1.9042809287122824,1200.805386695483,2.047076022137902,101.8929716550241,0.535399772414509,0.0777852336862669,2023Q1,0.2394880387554567,0.19167268303213567,0.10478596871875707,0.08832538111695208,0.18636305208815854,1.1971929371243535,0.14617673290382852,53.44731360101042,1.6477642458563466,0.03999120856598415,0.5458441400653302,0.0035682210077954135,0.06592745723716353,0.024636745537660456,0.1833615533514434,0.03753484778229863,0.22312844544556676,0.0375251355755687,0.08463087572246025,0.05542980013447287,0.06626469846920209,0.13172175819589485,0.17043360663972124,0.07522841795129598,-0.10618552433784437,0.14173133024708442,0.4256559802252694,-0.422087759217474,1.7432165488062092,0.8639435521352122,0.003185190832023732,0.1609911375581409,0.0978302195070371,0.1941732618985531,0.8268192385497865,47.03650443506014,0.13927280593349048,0.3526358794677505,0.2865628616266246,0,0,98.1455313850294
C014,MockCompany_014,Bio,2023Q2,211.68595742630265,34.07956309130564,29.48209726761785,444.8513892318239,72.33309274578136,372.5182964860425,80.07325006172829,96.84492852554725,20.70928368167033,0.7245343473880015,365.0254727702177,0.0498256033614333,0.3526358794677505,0.2294072835508372,1.918734171310758,1221.237410047355,2.153590426581895,102.23158457611096,0.2865628616266246,0.0904517523318621,2023Q2,0.1609911375581409,0.13927280593349048,0.07914268250886662,0.06627403663605887,0.1941732618985531,0.8268192385497865,0.0978302195070371,47.03650443506014,1.7243726376870088,0.003185190832023732,-0.3256284284893294,0.049825603361433046,0.04924382366212937,0.039277588884359914,0.18151636455136738,0.038681266289860225,0.20591954052150097,0.02761506371493151,0.1020999391494349,0.04065573382549007,0.09170107218887895,0.10918863624070638,0.22913718844041206,0.10586649217388955,-0.09464502867501337,0.16291308758213022,0.26200654789720174,-0.21218094453576844,1.791684832276635,0.8021118286765053,0.07241351893720283,0.14963069151718153,0.036072665918263226,0.1946069763475222,0.6479476593322915,23.902056984303222,0.12544278672699138,0.2471880197052218,0.2567246014093393,0,0,88.64456702606647
C014,MockCompany_014,Bio,2023Q3,227.0148825131321,33.968393855281306,28.477379491073275,481.77109256058304,78.4827290241585,403.2883635364245,135.17286788945066,208.6169553079303,8.189032015406063,1.4211493953715664,425.9787721186038,0.1669836871542276,0.2471880197052218,0.6757432996771842,1.6989862656974035,1181.7804500551852,1.96957111436984,99.11528846834472,0.2567246014093393,0.0633051356581204,2023Q3,0.14963069151718153,0.12544278672699138,0.0706129461343375,0.059109772111188084,0.1946069763475222,0.6479476593322915,0.036072665918263226,23.902056984303222,1.8764354451170655,0.07241351893720283,-0.0032620499190816332,0.16698368715422784,0.05340057316556557,0.04104103877687745,0.17780731283721074,0.041471695869156146,0.19286039445465944,0.004427517571777579,0.09887068085984972,0.04638913972046308,0.0706894176282225,0.06899802872592402,0.22342108272965155,0.10351203074726278,0.0363408530189396,0.16548779990257464,0.2581168763726476,-0.09113318921841998,1.6385292180400908,0.7057412740360753,0.12858785402754846,0.16374562410992904,0.05970247700104886,0.19608991375407422,0.9145916548107047,24.760867595345573,0.12495176118328633,0.1457320096927085,0.3886543581914833,1,0,94.14455622517428
C014,MockCompany_014,Bio,2023Q4,256.2062390878118,41.95265052045519,32.01342080029317,543.9868933259138,89.18254536652968,454.8043479593841,116.78061922323906,127.68607564705457,15.296147096725011,1.6943126218881106,513.6772729165499,0.2058752842583632,0.1457320096927085,0.2002050978482342,1.7160387995725637,1185.0006677129825,1.93374774765058,99.95350665766604,0.3886543581914833,0.0570843809506315,2023Q4,0.16374562410992904,0.12495176118328633,0.07038943436636123,0.058849617873154195,0.19608991375407422,0.9145916548107047,0.05970247700104886,24.760867595345573,2.004936627396056,0.12858785402754846,0.23504957871102028,0.20587528425836332,0.06104444309068979,0.053173615018708105,0.17846387298517705,0.04113888871769985,0.19280830102207702,0.004374493001619396,0.08494552383254443,0.048100741508498586,0.10656319894545488,0.09546490789398264,0.2330920895848249,0.08993145833190945,0.0688853770264996,0.16398104844475117,0.35203595513852637,-0.14616067088016316,1.6329254918419949,0.7672527933554425,0.09582428281387956,0.19336847489353268,0.10303683668660359,0.18786608921565937,1.2799951779270697,40.64604055041875,0.13919090458115851,0.2258772040760488,0.278220725786335,0,0,100.0
C014,MockCompany_014,Bio,2024Q1,280.7570182008427,54.28955642534612,39.07882333102327,584.4114757221862,92.42716787155834,491.98430785062783,148.68413307329632,116.15991656531686,28.928315033081056,1.3356665409354556,526.1260960148287,0.0242347165324191,0.2258772040760488,-0.3347805141058137,1.8116119851692936,1178.1835773574755,1.885857433272737,99.11729666875938,0.278220725786335,0.0161908544286428,2024Q1,0.19336847489353268,0.13919090458115851,0.07943103612729174,0.06686867892637592,0.18786608921565937,1.2799951779270697,0.10303683668660359,40.64604055041875,1.873955277714855,0.09582428281387956,0.2940673771940996,0.024234716532419265,0.07500271165266365,0.05313305789775671,0.16693398201969606,0.018651803328064032,0.19318406030395224,0.003639047981331856,0.07416054977823819,0.03190515097413011,0.1117298228266108,0.08832493691734143,0.2428582782354324,0.08522858932337371,-0.0072125538727240285,0.15153871005981495,0.39222959439401583,-0.36799487786159674,1.6475693696619533,0.6556366399221987,0.008888213264649947,0.2132329358922201,0.24039676563892454,0.18348054872308528,0.7745138278950617,67.09445636206901,0.15457013638754466,0.2073035017740363,0.47136762325784,0,0,100.0
C014,MockCompany_014,Bio,2024Q2,283.252446454159,60.39875075628742,43.78236928067962,577.7765219954526,89.57540823937076,488.2011137560819,189.7869553219956,245.04011224307695,68.09297198713287,0.9002047853738722,505.8839622367794,-0.0384739208554269,0.2073035017740363,0.2521228207124759,1.7983700444002089,1161.4819141504483,1.628846101782031,99.24279538370102,0.47136762325784,0.0660096833119832,2024Q2,0.2132329358922201,0.15457013638754466,0.08968101064690474,0.07577734230078048,0.18348054872308528,0.7745138278950617,0.24039676563892454,67.09445636206901,1.785982675764337,0.008888213264649947,0.112529825867008,-0.038473920855427,0.0764284672608202,0.05057866812783811,0.17999443160321582,0.02869171575134283,0.19051088201008526,0.005897007689593093,0.10980218631121005,0.0913723830553895,0.08965494177239575,0.11573491864116678,0.20652518381200385,0.04368211956673564,-0.2315085523742746,0.14435645263974628,0.46251791479579457,-0.5009918356512215,1.5479702254089185,0.8230275776716226,0.06737744873678508,0.18796235449118162,0.13069247815904753,0.1631357719433772,1.0672550609744373,60.26125109182734,0.15560240624511187,0.1993818975115454,0.2128167429809116,0,0,100.0
C014,MockCompany_014,Bio,2024Q3,302.337273644693,56.82802580488913,47.04440727685668,625.7543781305382,87.76526866925897,537.9891094612792,246.89407394348424,231.33558506341956,39.51320753260571,0.9430276457093824,480.7291615409176,-0.0497244478449943,0.1993818975115454,0.1089877989792632,1.819070870063707,1144.170792351321,1.713803410548442,97.984279895336,0.2128167429809116,0.0775178635454432,2024Q3,0.18796235449118162,0.15560240624511187,0.0874449063176718,0.07518030863376174,0.1631357719433772,1.0672550609744373,0.13069247815904753,60.26125109182734,1.5900426558198073,0.06737744873678508,-0.059119185524322826,-0.0497244478449943,0.07516944971071576,0.0507742245444582,0.18957734734671586,0.020362102419411426,0.18264308090904902,0.014015867017475765,0.13345713937140613,0.0770473275648503,0.03547790802259028,0.11816653449364063,0.19457365326358472,0.0344024548349878,-0.06331502942226244,0.13247238814716358,0.3860322813870142,-0.4357567292320085,1.5797572359196486,0.5446710286396206,-0.01836833256935022,0.15150213350066366,0.08867094313831475,0.18170177287131375,0.6353396945734964,28.398187440511347,0.10136983643117803,0.2286682120811229,0.593538076695933,0,1,91.43779809189908
C015,MockCompany_015,IT,2021Q1,657.1755424975942,138.4110228337854,103.09981734553494,707.983487009435,313.7819904830468,394.20149652638815,288.21260832261,229.47647082404143,178.21890559381728,7.059660163127463,1619.4685323182946,-0.0867002094511089,0.04,-0.0889351521966322,1.981802589791413,1206.0144999253705,2.567715519750969,97.54157578334296,0.4641418288821675,0.0611725917145548,2021Q1,0.21061499383793866,0.15688322324587345,0.2615409080223312,0.1456246074055896,0.7959939098334854,1.2559571239979128,0.27118919385865387,19.605904479240934,2.464286066035026,0.029321658588051358,0.016305366076255545,0.03901112242922311,0.028748223617539495,0.04103992952872891,0.14908296294256101,0.02851283501543619,0.6270378788260513,0.06156726049581937,0.09118377837234426,0.043601873648594996,0.043950407107197303,0.10004747440174336,0.2019274246561828,0.07374245419873522,-0.27118919385865387,0.6283456574188692,0.4818041876965925,-0.5685043971477014,1.9541356883174448,1.1324874863010366,0.004386312690457084,0.2058456177662107,0.13969904439901604,0.8673493536553393,1.2065566771116005,32.446884053712026,0.17201282108075333,0.2605694694939556,0.2960507481999039,1,1,100.0
C015,MockCompany_015,IT,2021Q2,660.0581199195094,135.87007145664083,113.538459284785,714.3473447402217,331.80117396557887,382.54617077464286,361.35354587092576,299.49156365763974,92.2094886007063,4.187461304428398,1698.0511007361258,0.0485236772741357,0.2605694694939556,0.2341589558538682,2.161448855359701,1213.2365524989086,2.7323292581380536,100.6093551906701,0.2960507481999039,0.0782576828044386,2021Q2,0.2058456177662107,0.17201282108075333,0.29679674757840796,0.15894012922511144,0.8673493536553393,1.2065566771116005,0.13969904439901604,32.446884053712026,2.5725781556033605,0.004386312690457084,-0.01835801314896679,0.04852367727413576,0.028748223617539495,0.04103992952872891,0.2082303058020747,0.00337245816234772,0.8316716317444124,0.05045591820100858,0.20544411912883495,0.09297757634214256,-0.0190882660884866,0.09561772728182202,0.1502847347469778,0.15596616760189533,-0.13531273170855895,0.6888092901330324,0.3499309748556838,-0.3014072975815481,2.0767933054738865,1.245429507826892,-0.022435999477001034,0.20764852000923992,0.10962003878370387,0.766762071149017,1.1709371141626834,19.822307999544073,0.16775737322661097,0.1559346466132965,0.0,0,0,100.0
C015,MockCompany_015,IT,2021Q3,645.249056286205,133.98501157539687,108.24528675969115,733.260202463325,318.22967037493737,415.0305320883876,254.88906206143548,217.67954826722803,70.73222657535173,6.759304292853098,1565.1306881184885,-0.0782782170454203,0.1559346466132965,0.4421216678687252,2.273781203717838,1244.3284510267342,2.6185446405469244,101.65781375740896,0.0,0.0449315496962853,2021Q3,0.20764852000923992,0.16775737322661097,0.26081282794967414,0.14762193065422444,0.766762071149017,1.1709371141626834,0.10962003878370387,19.822307999544073,2.4256225915684837,-0.022435999477001034,-0.0138739890325702,-0.07827821704542037,-0.009024843393271975,0.018966238820712078,0.2080363772044631,0.0024082279649791623,0.8100351115459472,0.05174279524387143,0.17350275901379128,0.08592535312249922,-0.03881824974079783,0.07575745276889827,0.15216803870241735,0.11033296524419606,-0.1320560382607049,0.607545061875704,0.29483255931594277,-0.3731107763613631,2.085612580800687,0.7634797084890005,-0.01813682901677971,0.21775402411413747,0.232619155002565,0.7255688792217487,0.7065615809637595,15.696030796767996,0.19195699615041453,0.2250589221899774,0.0,1,0,100.0
C015,MockCompany_015,IT,2021Q4,633.5462844791036,137.95725290810267,121.61364169105669,744.6079204921315,313.09346200975983,431.5144584823717,223.01945422677497,315.6405049958517,147.37500135077636,8.78930824478337,1390.993867724378,-0.1112602428129805,0.2250589221899774,-0.2609093714714656,2.4515128682245706,1236.542069350176,2.2901933617049544,102.2343917097004,0.0,0.0439022056352633,2021Q4,0.21775402411413747,0.19195699615041453,0.2818298189091688,0.163325742775494,0.7255688792217487,0.7065615809637595,0.232619155002565,15.696030796767996,2.1955678721497764,-0.01813682901677971,0.02964690815786164,-0.11126024281298053,-0.01206217193444122,0.014406082101083097,0.21046578893188167,0.005241616161657366,0.7889185534648976,0.059737040495777584,0.18828185801098468,0.07613013819436316,-0.0569287480088435,0.07168046007633769,0.17039075957430738,0.09717945103578866,-0.25075598401934474,0.5675733359992283,0.4322363500999228,-0.5434965929129033,2.0305598012803863,0.7926322581892057,0.024930298232606063,0.1874752495186661,0.2008018637495293,0.7401740943936213,0.9103818156541814,27.62732541146144,0.15016598634094,0.2116394437628248,0.2198613594105089,0,0,100.0
C015,MockCompany_015,IT,2022Q1,649.3407822953271,121.73532518364976,97.50889904492556,753.5263981405121,320.50857505750344,433.0178230830087,273.7407903896949,300.68789345498965,130.38883929367984,4.406337687162416,1404.174416008639,0.0094756336387187,0.2116394437628248,-0.0176391586019393,2.2121446289426627,1226.7524326932523,2.6170345089502267,102.23863469139204,0.2198613594105089,0.0717624057255291,2022Q1,0.1874752495186661,0.15016598634094,0.2251844932165947,0.1294034280489977,0.7401740943936213,0.9103818156541814,0.2008018637495293,27.62732541146144,2.1624614598253324,0.024930298232606063,-0.11758662471525727,0.00947563363871895,-0.0028140543926793993,0.02191956918525245,0.20468085285206353,0.012610898971058658,0.7749635996049316,0.06390759134629784,0.17068502548370357,0.05607115708585761,-0.0328847872363866,0.0744424136661875,0.21330062051501356,0.04345962191877266,-0.17587156551692323,0.6014097713599243,0.4132074115008014,-0.4037317778620827,2.058238428070487,1.032910574533258,0.00935410434125905,0.1638265631392749,0.16337150777088563,0.8235377892069728,0.5063544525394321,13.921943892419717,0.10216769927007513,0.2220378088774227,0.4073086361693749,0,1,93.2008866949125
C015,MockCompany_015,IT,2022Q2,655.4147837259524,107.37435144865776,66.9622205209766,786.0873247500473,355.0091593279419,431.07816542210537,250.93435636337844,495.57055360015954,107.07610143280112,7.712597627490762,1450.373565035692,0.0329012895409205,0.2220378088774227,0.3417429520067903,2.17764341632183,1223.500072493871,2.0669477272983654,102.68282334628547,0.4073086361693749,0.0899728231897755,2022Q2,0.1638265631392749,0.10216769927007513,0.15533660920926684,0.08518420080387817,0.8235377892069728,0.5063544525394321,0.16337150777088563,13.921943892419717,2.2129094445936723,0.00935410434125905,-0.11796882879580806,0.03290128954092042,-0.0015721064799789075,0.02259389004555707,0.19417608919532958,0.02382869692388173,0.7640107084928399,0.043193370418138234,0.17660314132667096,0.0528683399521009,-0.036790384169690396,0.06895523647389029,0.20366770536088036,0.032336967344858136,-0.15401740342962658,0.6886204235858778,0.33655217525141956,-0.30365088571049903,1.8526569220152296,1.3179668686326755,-0.050155887810233946,0.16639083323336856,0.08791488586720297,0.9851167141210889,1.4233286203075173,15.180908880843907,0.15315058047038455,0.1903177267376019,0.4574293609569013,0,1,94.15927743004556
C015,MockCompany_015,IT,2022Q3,622.5418733642248,103.58526103190196,95.3426492730048,719.1374465288802,356.8728797090429,362.2645668198373,240.72804569990535,169.13033452982316,54.73069774445847,6.823389945211419,1259.4650696631738,-0.1316271200570455,0.1903177267376019,0.136319767927826,2.093700775789568,1218.6806856683063,2.4668751090373693,103.04989037469711,0.4574293609569013,0.0676527043370408,2022Q3,0.16639083323336856,0.15315058047038455,0.26318513596213167,0.13257917486159346,0.9851167141210889,1.4233286203075173,0.08791488586720297,15.180908880843907,2.0231009728791163,-0.050155887810233946,-0.03528859886588087,-0.13162712005704558,-0.008502078563287135,0.03298704456411786,0.18386166750136174,0.024955862828753932,0.818599369235858,0.11910444988298255,0.17117685309754574,0.06230643712665319,-0.0501276099225967,0.0833180927638527,0.2122634753919567,0.01571905800104198,-0.13807077367743692,0.8212023232263628,0.2041498312903376,-0.33577695134738306,1.96180576538992,1.468949410920866,-0.1096238469663593,0.1975322050880769,0.18699549047876302,1.1906175995910606,1.2531506529989223,12.322382786545601,0.15258625173723497,0.1533181296967167,0.5031614026115032,0,1,100.0
C015,MockCompany_015,IT,2022Q4,554.2964383083944,109.49139773172185,84.57801587292998,639.973749390405,347.8306800072853,292.1430693831197,272.83224004839445,217.7170313834373,103.6509343522966,8.885570235567545,962.7271875154744,-0.2356062818217403,0.1533181296967167,0.4915685017230253,2.170076939884913,1225.4038775677368,2.25654094830033,102.33601051360571,0.5031614026115032,0.0610497673527244,2022Q4,0.1975322050880769,0.15258625173723497,0.2895088904598449,0.1321585704934945,1.1906175995910606,1.2531506529989223,0.18699549047876302,12.322382786545601,1.7368453429933537,-0.1096238469663593,0.05701715322222256,-0.23560628182174026,-0.03137383305068203,0.06138607426922957,0.17880621274484662,0.016374233198782066,0.9348615493281859,0.1985219748632809,0.15977093696659522,0.05033543965676192,-0.08121411967478664,0.12599651888906244,0.19432827726864155,0.030361221686006305,-0.2966193374451223,0.9554322797271654,0.2749038486004806,-0.5105101304222209,1.916937424135156,1.6119118120353852,-0.02153675949339129,0.17565823882788534,0.12532122329863687,1.4144983993999163,1.107522923744007,12.355356405601974,0.1518276850202643,0.1689332877493883,0.2825684340862424,0,1,93.38889956977853
C015,MockCompany_015,IT,2023Q1,542.3586892285031,95.2697721630549,82.3450642363404,612.2843869985393,358.69780887146413,253.58657812707517,218.0036924902516,196.83898889620951,67.96905440088655,7.710807282540534,754.1495031028862,-0.2166529491608811,0.1689332877493883,0.0749062757942103,2.0083969209145893,1217.8620488665397,1.6425065274618935,101.54026191911628,0.2825684340862424,0.092495645803207,2023Q1,0.17565823882788534,0.1518276850202643,0.32472169798652206,0.1344882639256362,1.4144983993999163,1.107522923744007,0.12532122329863687,12.355356405601974,1.3904995311760597,-0.02153675949339129,-0.12988806301946276,-0.21665294916088118,-0.04299059748218137,0.05063452806053764,0.17585196007215143,0.015320940401117877,1.1034426255797598,0.2560617824328919,0.14090077685387212,0.04351200410897035,-0.1377462653746866,0.12242123931089416,0.18365173826528242,0.029747192661566724,-0.14685798279202816,1.1660301017364643,0.2794427026331309,-0.49609565179401205,1.6431748215917308,1.617531823572095,-0.024233761320317737,0.18539658452303293,0.16396534567003895,1.464494369808311,1.3631381490313093,15.174440667566651,0.16182461364485864,0.3427958498304111,0.4309701954444311,0,0,98.25377557152606
C015,MockCompany_015,IT,2023Q2,529.2152982037392,98.114708764497,85.64006116693056,580.9712047642113,345.23473407877214,235.73647068543917,140.76825235467487,103.26778137149655,86.7729693040128,6.4657874974614185,639.3530198721764,-0.1522197956219411,0.3427958498304111,-0.09893579856866,1.954430503473858,1204.366144860233,1.9395381687454876,101.52974507981662,0.4309701954444311,0.0913596165169593,2023Q2,0.18539658452303293,0.16182461364485864,0.3632872797219537,0.14740844376536769,1.464494369808311,1.3631381490313093,0.16396534567003895,15.174440667566651,1.208115150943403,-0.024233761320317737,0.029861902016234287,-0.1522197956219411,-0.05138756389757557,0.04091202435158152,0.18124446541809094,0.013346246328899657,1.2636817707300942,0.22061143767545363,0.14104923632866045,0.04361511943735952,-0.18402653666540197,0.04994103369448087,0.21384124850352948,0.08729722815157827,-0.1881991069903567,1.1929821155926386,0.32512816887275414,-0.47734796449469524,1.7241988787348408,1.9667481608674808,-0.003938191495326038,0.24436228077939653,0.13213656302919555,1.1657374493822468,1.1965401260050197,18.336992013170722,0.20422906025214732,0.2523158256738352,0.477139365575408,1,0,100.0
C015,MockCompany_015,IT,2023Q3,527.1311470171568,128.81096935521617,107.65549878515466,602.9635309151304,324.55326881897764,278.41026209615274,307.66190621984464,257.1262756108836,69.65329803261682,7.024651002975813,626.2227346198167,-0.0205368315222548,0.2523158256738352,-0.0520680772271524,1.731840995709332,1186.774228997206,1.9464755007487045,103.12786665891484,0.477139365575408,0.0487493958071926,2023Q3,0.24436228077939653,0.20422906025214732,0.3866793485779907,0.178543963714663,1.1657374493822468,1.1965401260050197,0.13213656302919555,18.336992013170722,1.1879827973782144,-0.003938191495326038,0.3128609458995477,-0.020536831522254828,-0.03983313981884859,0.04738947935935488,0.20073732730459792,0.030428651202521292,1.3088369545453835,0.1525853380012132,0.1521046556191586,0.028717725619278777,-0.15625396453170431,0.09726294654977158,0.22934077323758784,0.0872322839188205,-0.13607475452452159,0.8808751874612446,0.37256065231326607,-0.3930974838355209,1.6434430424594744,1.6103303787104877,0.04237012869418244,0.1583823823776297,0.14159325325076594,1.1727305748191539,1.2913562519247614,25.55110724131124,0.13938805914253785,0.1923029213657441,0.2386199808720829,0,0,97.87946233155066
C015,MockCompany_015,IT,2023Q4,549.4657615549856,87.02569635017562,76.58896606856533,610.6809957192023,329.61485581418475,281.0661399050176,330.1803134922311,255.6849149867105,77.80064472862165,3.40594618866147,696.1882762941038,0.1117262881181782,0.1923029213657441,0.3244206932189547,1.6576208917046125,1181.5979584628367,1.881229017572125,99.717499052359,0.2386199808720829,0.0787553124464631,2023Q4,0.1583823823776297,0.13938805914253785,0.2724944601799954,0.1254156697282526,1.1727305748191539,1.2913562519247614,0.14159325325076594,25.55110724131124,1.2670275838891711,0.04237012869418244,-0.3243921943465171,0.1117262881181782,-0.0018346459037131557,0.030813312343064232,0.19094987162698612,0.037319341896631004,1.304365198352407,0.15739123273062805,0.14075409631215932,0.016851327647555193,-0.0694208220467247,0.14575880685840842,0.23908697115484467,0.07754744938433941,-0.0992231245565835,0.9869907124922092,0.34234576432257807,-0.23061947620439988,1.5930768557857091,1.417913614730036,0.008139388690089122,0.18763795034952932,0.13715257846239262,0.9736372903755879,1.1300879686812983,18.459511358117584,0.1539188437040218,0.1968190214857461,0.0,0,0,100.0
C015,MockCompany_015,IT,2024Q1,553.9380769601775,103.93980538155516,85.26150828949388,657.9774142555544,324.59426555685604,333.3831486986984,221.54378056815915,196.0411814892153,75.97403556372477,5.630691048459852,711.0066814614627,0.0212850541612666,0.1968190214857461,0.051154600711645,1.818652724833269,1168.1423490057448,1.7895897906551843,99.17104270263196,0.0,0.1170219076751962,2024Q1,0.18763795034952932,0.1539188437040218,0.255746304580904,0.1295812081723663,0.9736372903755879,1.1300879686812983,0.13715257846239262,18.459511358117584,1.283549030176695,0.008139388690089122,0.19435764079749762,0.02128505416126658,0.005584391142156947,0.027925617248203704,0.19394479950739713,0.036145337438564136,1.194149921096325,0.20246645664620777,0.14371193510309827,0.014044024240149503,-0.009936321216187777,0.10974747179810597,0.2460584045889341,0.07002727434227023,-0.1290131897723035,0.790945984825643,0.33292991750201106,-0.3116448633407445,1.6133275851226818,0.9877650063113892,-0.05261022195394793,0.2395799722651275,0.23761445282626042,1.101342115127445,0.6740756341960705,20.9469603798536,0.20300473567305977,0.1350719959046314,0.2520388918235402,0,1,100.0
C015,MockCompany_015,IT,2024Q2,524.7952717825594,125.73043665877522,106.53592543089304,621.0064594067427,325.4779707636748,295.5284886430679,301.11808936829965,446.7126151603907,124.6989413506591,6.002323695554104,610.656125647041,-0.141138695923578,0.1350719959046314,-0.3542217699493449,1.767353270987197,1174.4519638888871,1.645339412141705,97.99750765232238,0.2520388918235402,0.0196321379766646,2024Q2,0.2395799722651275,0.20300473567305977,0.36049291193447025,0.1715536510401147,1.101342115127445,0.6740756341960705,0.23761445282626042,20.9469603798536,1.1636082839917297,-0.05261022195394793,0.20964664304717817,-0.14113869592357797,-0.001509724016250602,0.03930947804998383,0.20749064644292076,0.04161327269053087,1.1033618574261084,0.09225919300180446,0.16212421189215365,0.05047487262490877,-0.007166046291597002,0.10499571585781124,0.1941274411074892,0.04790270411215271,-0.29022467478020836,0.8374826017307948,0.42458420313744,-0.565722899061018,1.5467780282617818,1.2245934894589663,-0.06913335645188301,0.13437666694094455,0.045264395894823554,1.3077087358266821,1.1526762570492668,21.603873825317006,0.11259376916253745,0.059039981039711,0.5686873843792277,0,1,79.88621015374048
C015,MockCompany_015,IT,2024Q3,488.51441319415295,65.64493859777603,55.00367907186749,601.0955429276984,340.62266192910806,260.4728809985903,194.25908245677317,168.5287445348305,22.11230979919282,3.038572577629323,674.8099367233673,0.1050571809270724,0.059039981039711,-0.0218991906560898,1.760744242630505,1179.441622700495,1.9327783699903869,97.87956665181424,0.5686873843792277,0.0333527126241615,2024Q3,0.13437666694094455,0.11259376916253745,0.21116854415241026,0.09150571771647956,1.3077087358266821,1.1526762570492668,0.045264395894823554,21.603873825317006,1.3813511300715555,-0.06913335645188301,-0.4778914291379388,0.10505718092707239,-0.017808515255389845,0.05209018147965731,0.17999424298330777,0.04530239566574374,1.1388546790372172,0.13947908657637634,0.14040617010856066,0.07855656657137475,0.0242324568207348,0.11767768392858945,0.14580847994895815,0.06431135960604314,-0.11439775234670657,1.1319831945767365,0.1105077063838851,-0.0054505254568126965,1.6465654012274604,1.7597105599956753,0.010769874378974809,0.21145969539531673,0.12195431159433207,1.3217118098119485,1.170462643350037,14.41288323647665,0.18609963871375246,0.104079168598799,0.3219589993486977,1,0,97.10755589534834
C016,MockCompany_016,Bio,2021Q1,345.89925909327195,33.68875912729798,20.91053862589169,370.7832135150031,198.305955510361,172.47725800464212,278.08741013625234,105.305970174836,3.940521366941237,3.756351231639037,666.1723170357409,-0.0035438024766661,0.047297597303058,0.0188877247211676,2.035308695402396,1195.8147278255844,2.583908938365304,101.27418276481563,0.3718356877670156,0.0745732188384739,2021Q1,0.09739471317605913,0.06045268405791149,0.12123649730799674,0.05639559144979789,1.149751322599725,2.640756356661567,0.011392106988778721,8.968479527307096,1.9259142641128966,0.029321658588051358,0.016305366076255545,0.03901112242922311,0.028748223617539495,0.04103992952872891,0.14908296294256101,0.02851283501543619,0.6270378788260513,0.06156726049581937,0.09118377837234426,0.043601873648594996,0.043950407107197303,0.10004747440174336,0.2019274246561828,0.07374245419873522,-0.011392106988778721,1.03777162231133,0.10878682016483786,-0.11233062264150395,1.9754705901663703,1.4569049073814035,0.016996560934884997,0.0527983285935208,-0.01098364172347027,1.3733593205192771,2.0548275579653565,3.3190632472790957,-0.002442300815093877,0.1868787845433186,0.5728744164789065,0,1,59.15584542798051
C016,MockCompany_016,Bio,2021Q2,351.77835692778234,18.573309281214694,-0.8591485678595498,368.6872973082262,213.34322693535648,155.34407037286974,276.51547298116964,134.56869989271223,-3.8638074385767904,5.595949186301789,734.6729363416603,0.1028271778249893,0.1868787845433186,0.242974079100548,2.265853809393429,1226.3389729421822,2.6568784853362235,100.07586685230936,0.5728744164789065,0.0371236347740605,2021Q2,0.0527983285935208,-0.002442300815093877,-0.005530617073389538,-0.0023302906667244435,1.3733593205192771,2.0548275579653565,-0.01098364172347027,3.3190632472790957,2.088454056002073,0.016996560934884997,-0.4486793291782375,0.1028271778249894,0.028748223617539495,0.04103992952872891,0.07509652088478996,0.03153440595471605,1.261555321559501,0.15811473165646278,0.00020423263265422539,0.01582204364855742,0.049641687674161605,0.0752156414927612,0.1170881909231883,0.09869880402365747,0.02798020265835527,1.3008482438375257,0.05881124780493552,0.04401593002005379,2.090857995038033,2.0885816475181063,0.11809017254765797,0.09309923455238803,0.08318323144299926,1.014377067909196,2.5512912900240794,8.9506813354896,0.06135355000482632,0.2435255454993909,0.3120624412409792,1,0,93.381418166562
C016,MockCompany_016,Bio,2021Q3,393.31992379591577,36.61778383969644,24.13157361256855,421.8443426040686,212.4275708767655,209.4167717273031,316.38325695305144,124.0090687361356,32.71762225234168,4.09106105538085,739.5661804722183,0.006660438800052,0.2435255454993909,-0.1280739307595216,2.06612568084628,1235.1136615492328,2.686551523418896,101.88083002440028,0.3120624412409792,0.0510772531808733,2021Q3,0.09309923455238803,0.06135355000482632,0.11523228733502208,0.057204924128046376,1.014377067909196,2.5512912900240794,0.08318323144299926,8.9506813354896,1.880317105049784,0.11809017254765797,0.9715271675754726,0.00666043880005196,0.06754336674127148,0.07148397830603087,0.08109742544065598,0.024601665511185544,1.1791625703427326,0.1812893558447447,0.027863898902769236,0.04919695058772283,0.03531460471612507,0.058689797076179884,0.1592339757819225,0.10099271509334869,0.03490694110465871,0.919939339339354,0.29437263854304524,-0.2877121997429932,2.0339711199575814,1.510434267184383,0.04183900904043547,0.0856649315102104,0.03768491546444672,1.179018109521345,2.5071160008020366,9.516271600462556,0.056281521053820484,0.1608089414602911,0.4096652919702029,0,1,84.84492833831561
C016,MockCompany_016,Bio,2021Q4,409.7760396433965,35.103436370662486,23.062818802597278,420.6548521458509,227.6069603882761,193.0478917575748,315.49113910938814,125.83826955192905,15.442375413354846,3.688780421046405,722.9410950972264,-0.0224795100343511,0.1608089414602911,0.1645119259597738,2.220111416997342,1252.1240390204848,2.663850048163133,102.55150925943656,0.4096652919702029,0.0577972806165349,2021Q4,0.0856649315102104,0.056281521053820484,0.11946682552451586,0.05482599020288023,1.179018109521345,2.5071160008020366,0.03768491546444672,9.516271600462556,1.764234667611592,0.04183900904043547,-0.04135551937450377,-0.022479510034351113,0.05897524750765948,0.05268033389067235,0.08223930195804459,0.020216581277259144,1.1791264551373857,0.1480221568289712,0.030319153043188607,0.04046817337525973,0.020866076028506028,0.05595862857662421,0.15962771720151464,0.08246396665921957,0.004154093575988754,1.0780176039199012,0.1651888560150926,-0.1876683660494437,2.0850237245123115,1.652645930926384,0.026676677414738448,0.06800363164993828,0.026949932115507072,1.2868356208123009,2.5241400641128857,5.1792472339187725,0.018081170135570188,0.2608034837801265,0.127689368220872,0,1,78.4972676707516
C016,MockCompany_016,Bio,2022Q1,420.7075028652524,28.60963805728198,7.606883936635593,401.5202448590658,225.94127398613705,175.5789708729288,301.1401836442994,119.30407029437632,11.33803864273,5.523898891085728,703.0247573643751,-0.0275490463440492,0.2608034837801265,0.0585967631907825,2.197924950152243,1235.527859210366,2.327685974176994,101.84207903194095,0.127689368220872,0.1175135063858527,2022Q1,0.06800363164993828,0.018081170135570188,0.043324572975755586,0.018945206459730753,1.2868356208123009,2.5241400641128857,0.026949932115507072,5.1792472339187725,1.6710535290545423,0.026676677414738448,-0.18499038797260492,-0.02754904634404931,0.05090060498442922,0.045945015617224264,0.07489153157651438,0.01810284855333807,1.2133975296905297,0.154673868178149,0.034208609324870694,0.03875403749131846,0.014864765061660252,0.06054811670332626,0.21300418882078176,0.04698654561963109,-0.00027325470076862424,1.1993261252605616,0.1216302411801838,-0.14917928752423298,1.9546221812783426,1.58781897726156,0.018575992380576167,0.08507173262588753,0.02317794995341606,1.3721536421378895,2.4012814041879813,14.949145200864093,0.043342015375237165,0.1932407293341628,0.2901594501816945,0,0,83.36454584530638
C016,MockCompany_016,Bio,2022Q2,428.5225622329286,36.45515683852502,18.57303148097896,404.83561925056665,234.17398416172864,170.661635088838,303.626714437925,126.44362043781298,9.932274501367615,2.438611461307412,657.4277276814768,-0.0648583555632388,0.1932407293341628,-0.0521710482507701,2.1122223465272043,1239.8732457890285,2.3688568184680063,103.19021865497965,0.2901594501816945,0.0807120732163958,2022Q2,0.08507173262588753,0.043342015375237165,0.10882956483571675,0.04587795786179969,1.3721536421378895,2.4012814041879813,0.02317794995341606,14.949145200864093,1.534172959888609,0.018575992380576167,0.27422642556801335,-0.06485835556323882,0.05129546284585201,0.045561702142456494,0.08295988258460606,0.010618742873399038,1.213096110095183,0.15425885365270844,0.04274900724409228,0.027647836386197014,-0.027056618285396773,0.029365533567211867,0.21459467501849283,0.0459025976194337,-0.004601957572839894,1.2554221543722972,0.12682567495987976,-0.19168403052311855,1.9403396814850322,1.7388223338881545,0.0025405150489299366,0.06668933026452457,0.010169819070963664,1.2831455260733207,2.2536102314888846,4.817755188152534,0.046053685500477996,0.1517368045049422,0.3238831251641139,0,0,71.90652961848608
C016,MockCompany_016,Bio,2022Q3,429.6112302510873,28.65048521963016,19.785180485503066,430.2485540371792,241.80303047221344,188.44552356496573,322.6864155278844,143.1864352658901,4.369068482517839,5.946853689300684,704.0656694505093,0.0709400285465728,0.1517368045049422,0.2982126570453672,2.1876374901541684,1212.737613559666,1.9770291212977924,103.30891670914406,0.3238831251641139,0.0439162454095671,2022Q3,0.06668933026452457,0.046053685500477996,0.10499151219464879,0.04598546653976059,1.2831455260733207,2.2536102314888846,0.010169819070963664,4.817755188152534,1.6388437263089646,0.0025405150489299366,-0.2140896459029098,0.07094002854657289,0.022408048471170006,0.01638278527263198,0.0763574065126402,0.010421560247622974,1.280288224636214,0.0790483474765603,0.024495654151083377,0.011357024102791748,-0.010986720848766573,0.05779429072833015,0.19164748976988064,0.04942660815125869,-0.007629304022033727,1.1975734103075697,0.07939966438441817,-0.00845963583784537,1.8214545980760861,1.6731933399766257,0.08454197381605466,-0.009902782643228563,-0.012189344366801382,1.2123290113917453,2.6653572359460846,-1.2634770455967355,-0.04409592245275358,0.2143193878837896,0.5818905111220638,0,1,39.16093805685941
C016,MockCompany_016,Bio,2022Q4,465.93141163005777,-4.6140174960350215,-20.545675395585132,470.2446026935787,257.6882422829081,212.5563604106706,334.50015540505945,125.49918295798771,-5.67939842768085,3.651841171829411,737.0618433379198,0.0468651935737224,0.2143193878837896,-0.189671984303598,2.049642910497872,1193.8180045308245,2.119498594021577,102.59179692757291,0.5818905111220638,0.0247940611248995,2022Q4,-0.009902782643228563,-0.04409592245275358,-0.09665989460768473,-0.043691464565154055,1.2123290113917453,2.6653572359460846,-0.012189344366801382,-1.2634770455967355,1.5819106094558686,0.08454197381605466,-1.1610450036243603,0.04686519357372232,0.0330837896650748,0.035741496004084244,0.05246547797428046,0.04241351973322507,1.288615950103814,0.06539963842891519,0.012027089193271353,0.017672181937067943,0.006349455053251803,0.06333279282707617,0.20502510137575528,0.04537299385151287,0.09673131818285605,1.224334442083638,0.06244984680602471,-0.015584653232302306,1.8173449279410543,2.1172756592723476,0.04315485431512944,0.09180063694302593,0.05941820035591037,1.1748101319253375,2.418904832732341,9.610949925251738,0.07945778580969357,0.1300026853906858,0.2245194346667339,0,0,89.68758569419231
C016,MockCompany_016,Bio,2023Q1,486.0386138197955,44.61865432765443,38.61955207221313,484.9319781147047,261.9552818988265,222.97669621587815,363.6989835860285,150.35687996570886,28.87953973671297,4.642481197494616,772.1242890464719,0.0475705614467373,0.1300026853906858,0.2170986739814699,1.815238660653836,1232.4731911419765,2.189918626618716,101.42600360996391,0.2245194346667339,0.0645441638863206,2023Q1,0.09180063694302593,0.07945778580969357,0.1731999474718643,0.07963911190653324,1.1748101319253375,2.418904832732341,0.05941820035591037,9.610949925251738,1.5886068865531688,0.04315485431512944,-10.670239518163234,0.047570561446737436,0.03720333389017255,0.03570647134221347,0.05841472929755237,0.04676525104070445,1.2606095778820732,0.08687635899885536,0.020144156253372177,0.02998108908943371,0.025129357000948427,0.061025842308789935,0.1723249017783951,0.03836686267648171,-0.016263346040780925,1.066961813527471,0.19437369161406573,-0.14680313016732843,1.771547007887986,1.4214839335848906,0.009455319108048199,0.09881660515316397,0.0460064108239902,1.3548622286079974,2.5909500522213076,14.044778898006358,0.05507025011272516,0.1351530149519131,0.4075400238823541,0,1,88.0882078452117
C016,MockCompany_016,Bio,2023Q2,490.6342640122951,48.48281234161499,27.019351633084987,490.3317795087102,282.1107746658071,208.22100484290308,367.7488346315327,141.93590274488636,22.572321514521725,3.452016772898596,724.6682723695122,-0.0614616291058075,0.1351530149519131,-0.1381324774072228,1.8657474513586827,1209.2364436340058,1.6622736410144414,102.3320383991455,0.4075400238823541,0.0644795303612417,2023Q2,0.09881660515316397,0.05507025011272516,0.12976285295203802,0.05510422281848022,1.3548622286079974,2.5909500522213076,0.0460064108239902,14.044778898006358,1.4770029847525596,0.009455319108048199,0.08660409131983982,-0.06146162910580755,0.03492316557204056,0.0375368001190598,0.06185094742937148,0.049784373320376794,1.2562867244996,0.07960159318210064,0.025851271471015715,0.03279209640445329,0.025978538615306253,0.05935707290975202,0.15780297318283268,0.0388019765057904,-0.036551091715942,1.2209793427267053,0.15427833508520236,-0.21573996419100985,1.5975783154207952,1.7636723815609725,-0.02850713442698627,0.1271809445124703,0.07523150084947916,1.5636831378578495,2.756021750851743,20.790153628365523,0.07163165253769664,0.1436564115511618,0.5739952740983942,0,1,93.11402231917131
C016,MockCompany_016,Bio,2023Q3,476.6476870936111,60.620503044377045,34.14306150485793,481.2399328677668,293.5256534547831,187.71427941298367,360.92994965082505,130.96048662769965,35.85892087656051,2.9158275646832124,622.9068738717059,-0.1404248017718065,0.1436564115511618,0.4506984706242549,1.867621366290712,1208.9869016972164,1.773223983973322,100.25472916525192,0.5739952740983942,0.0666118045551588,2023Q3,0.1271809445124703,0.07163165253769664,0.1818884616100999,0.07094810545194029,1.5636831378578495,2.756021750851743,0.07523150084947916,20.790153628365523,1.306849672697695,-0.02850713442698627,0.25035038432256385,-0.1404248017718066,0.02716125320306151,0.048169187447663846,0.07697385099135791,0.059903369973498606,1.3264211274457325,0.1761675932443152,0.042116691915644586,0.03812351966494016,-0.026862668964288572,0.09141398425935983,0.15578287494438758,0.03942834749375926,-0.10373863527646543,1.3648124394668648,0.1739053109349632,-0.3143301127067697,1.6369919431015767,2.082464125116421,0.03030100951590642,0.07742553183953481,0.03656167511212891,1.6950104853092038,2.687923900553445,11.922774524436182,0.04717419551454751,0.2275761627614936,0.3841908147243351,0,1,81.85357549494907
C016,MockCompany_016,Bio,2023Q4,491.0905931959694,38.02295035966799,23.16680365882895,512.1170915598988,322.0929360511132,190.02415550878555,384.0878186699241,142.89385893259563,17.95509471909026,3.189102525575379,674.1987900365268,0.0823428321572593,0.2275761627614936,-0.3268371709323965,1.7650242546796908,1172.656779785047,2.0099982411401154,99.69228507392202,0.3841908147243351,0.0679275744129611,2023Q4,0.07742553183953481,0.04717419551454751,0.12191504599338132,0.045237317872399214,1.6950104853092038,2.687923900553445,0.03656167511212891,11.922774524436182,1.3728603222626081,0.03030100951590642,-0.37277078793236984,0.08234283215725924,0.013601012128024448,0.03131880307254047,0.09880592961204876,0.02090723255124812,1.4470914959250971,0.22927480977873899,0.054304446785377165,0.01681026883433137,-0.01799325931840435,0.10205378909416674,0.15909706866381357,0.045998554566824564,-0.006260665596222494,1.5637733970105507,0.14428821646757015,-0.06194538431031085,1.6730549074724463,2.1755403744963795,0.05647609957126454,0.05896646411093255,-0.0021724606898400737,1.537952196312939,2.590465230663082,5.7915243358114195,0.008764775191821565,0.1993105824455666,0.3418489587657132,0,0,70.80553085373843
C016,MockCompany_016,Bio,2024Q1,518.8254744358163,30.59330371821608,4.5473886472288605,525.156966746898,318.2354307509512,206.9215359959468,393.8677250601735,152.04516949133674,-1.1271279481016094,5.282426860101986,750.8980734275284,0.1137636028490144,0.1993105824455666,-0.677587745216584,1.7101222184287614,1191.292739798728,1.9254784817251769,100.24937237206416,0.3418489587657132,0.0969747160035594,2024Q1,0.05896646411093255,0.008764775191821565,0.02197639131818526,0.008659103725480687,1.537952196312939,2.590465230663082,-0.0021724606898400737,5.7915243358114195,1.4473037860036195,0.05647609957126454,-0.1953990043164231,0.11376360284901454,0.01693132344205822,0.03588445308273656,0.09059738640402541,0.029325331930488162,1.5378770120219973,0.14006105949276587,0.03890678152393955,0.031952535816000875,-0.001444998967835072,0.12001500469773167,0.17642404292753378,0.04441226733985599,0.05864856026110461,1.4472645933247221,0.11327010299235701,0.0004934998566573923,1.6298480669934967,2.0470726947971065,0.043412290510040696,0.010477320833171865,-0.05155416383281317,1.3839069791238103,2.3252758636318123,0.8502936065178223,-0.04250818240084056,0.2096176329023217,0.7885111005301052,0,1,39.479683843597684
C016,MockCompany_016,Bio,2024Q2,541.3488766560337,5.671885863412925,-23.011756791427324,574.5434129540205,333.5342553048381,241.0091576491824,430.9075597155154,185.31459705609396,-27.908788677886083,6.670502775847636,632.128350236309,-0.1581702329439819,0.2096176329023217,-0.3146935837508087,1.6445918755397473,1168.8367868605098,2.089843795499602,97.7658174989134,0.7885111005301052,0.0744196909440788,2024Q2,0.010477320833171865,-0.04250818240084056,-0.09548083988089864,-0.040052250661220014,1.3839069791238103,2.3252758636318123,-0.05155416383281317,0.8502936065178223,1.167691256957734,0.043412290510040696,-0.8146036820457632,-0.15817023294398191,0.025420566292556346,0.03750628355576287,0.06851256532402739,0.04823773536761963,1.5451381996509506,0.12760977216782465,0.01451663785973871,0.054209947125400934,-0.02562214992737867,0.14356586016583378,0.1950401974151359,0.03619217366791393,0.09496645434285386,1.3694073417002646,0.002335447510399387,-0.16050568045438127,1.657703520921925,2.4625025294755454,0.09412099661569151,0.13423040492817556,0.10901724472224933,1.522041537442039,3.016002802162186,13.487853040706227,0.09082208108529062,0.1603532868595421,0.4035978465267271,1,1,100.0
C016,MockCompany_016,Bio,2024Q3,592.3011724436847,79.50482621668316,53.794025110683855,617.878994633522,372.8873934013397,244.9916012321823,463.4092459751415,153.65013773856754,64.57104186567739,5.894550152885741,682.0014010811924,0.0788970322660568,0.1603532868595421,0.007652370266685,1.7697693359924336,1156.652988925623,1.5888305212671334,96.85002300465182,0.4035978465267271,0.1449059773849536,2024Q3,0.13423040492817556,0.09082208108529062,0.219574976611067,0.08706239502850109,1.522041537442039,3.016002802162186,0.10901724472224933,13.487853040706227,1.1514436114760265,0.09412099661569151,13.017352981225716,0.07889703226605693,0.05607759905322579,0.02752151588259762,0.0702749304279537,0.051137296704685066,1.5347277995469981,0.1272907396592144,0.022963073827931252,0.06776148387119098,0.02920830858208715,0.12590017536379877,0.19921441624223096,0.02841837555371787,-0.014896248106557819,1.3177372855536913,0.3373686462661164,-0.2584716140000596,1.5225058467185353,1.8816884189399605,0.048813865377724364,0.019549578535406443,-0.062057056482465255,1.5571690758613492,2.504918998027964,1.4257943673031441,-0.010253368703728316,0.2340645633007637,0.4265003092264279,0,1,45.197309680756646
C017,MockCompany_017,IT,2021Q1,590.0009003064911,66.53424981488685,43.452537413354136,1335.7487035314837,544.121537814465,791.6271657170187,748.5878484563775,406.8683279719419,49.185646548946416,12.56515166304154,2695.8158026691417,-0.1327160485030665,0.2293715501508964,-0.0314863602500647,1.956045838417968,1194.75567230868,2.630614465520862,99.42880392221224,0.4801814150097668,0.0303385838861949,2021Q1,0.11276974286007219,0.07364825611402959,0.054890154475613503,0.03253047320835182,0.6873457119437506,1.839877417310696,0.08336537541436345,5.295141005364222,4.569172354252616,0.029321658588051358,0.016305366076255545,0.03901112242922311,0.028748223617539495,0.04103992952872891,0.14908296294256101,0.02851283501543619,0.6270378788260513,0.06156726049581937,0.09118377837234426,0.043601873648594996,0.043950407107197303,0.10004747440174336,0.2019274246561828,0.07374245419873522,-0.08336537541436345,0.6098339127518806,0.19613511827443564,-0.32885116677750215,1.9637578080711944,1.3193868779125437,-0.07056733713996444,0.08264689467459627,0.027790016404383798,0.8784760976840269,1.850921094988913,6.791302782265545,0.027097314753119047,0.2843626957233666,0.2186113378877397,0,1,80.78147038600017
C017,MockCompany_017,IT,2021Q2,548.3661078616803,45.32075595964524,14.85924902469788,1226.8447915477084,573.7383756292909,653.1064159184175,729.7751727366513,394.2767602090416,15.239103133111982,6.673352286869347,2262.178454892672,-0.1608557036230455,0.2843626957233666,0.1375189023697725,2.05402851663362,1235.9896933695852,2.445207278062867,100.65458157791583,0.2186113378877397,0.0675735218531464,2021Q2,0.08264689467459627,0.027097314753119047,0.022751650669025528,0.012111759471986915,0.8784760976840269,1.850921094988913,0.027790016404383798,6.791302782265545,4.125306838728184,-0.07056733713996444,-0.31883569611534346,-0.16085570362304535,0.028748223617539495,0.04103992952872891,0.09770831876733423,0.021300070220602912,0.7829109048138887,0.13514959184775002,0.05557769590937363,0.03929771322283351,-0.146785876063056,0.0198977409555879,0.2568671229371315,0.03888461193951026,-0.09835735354434824,0.8058727761645847,0.03986957393901563,-0.20072527756206113,1.9455294361546458,1.308846809775691,-0.09015575259600817,0.08794295974746534,0.0027837176443332202,1.1306199914470043,1.7200785677449397,3.4920894179005515,0.06556122041563192,0.04,0.2527057399052485,0,1,69.08407749020859
C017,MockCompany_017,IT,2021Q3,498.9277487092668,43.87718292172049,32.710312104668816,1147.762659467415,609.0637530111845,538.6989064562305,652.8836581473571,379.5661840037817,1.3888739773322207,12.564736370527251,1700.2494910904663,-0.2484016955368208,0.04,0.2721012708986558,2.2934451808768834,1242.157358494956,2.7289032617276647,102.25065648546018,0.2527057399052485,0.0918124625535763,2021Q3,0.08794295974746534,0.06556122041563192,0.06072095508748879,0.028499195225447187,1.1306199914470043,1.7200785677449397,0.0027837176443332202,3.4920894179005515,3.4078070331538552,-0.09015575259600817,-0.031852360080007136,-0.248401695536821,-0.0803615448679863,0.013851101401667898,0.0944531990940446,0.01608209899122683,0.8988139336915939,0.2223358774408332,0.03797970315436016,0.04124588681660938,-0.18065781588764426,0.06033145920669768,0.18457808195808767,0.12819174255720522,-0.09293947024034138,1.0311899230495007,0.0005709247957903958,-0.2489726203326112,2.130469162460079,1.3238956629547494,-0.11994900998102398,0.07520812527905793,0.016273529124029476,1.8308795135225178,1.8142474236231092,3.3943221330358946,0.054664400873866016,0.1387529669369341,0.7153251998824741,0,1,59.80289394801639
C017,MockCompany_017,IT,2021Q4,439.0818591995291,33.02252347451507,24.00214676778012,975.5982605473027,630.9709968699743,344.6272636773284,438.5081125041346,241.70248599642812,7.1454114235328205,9.728753541015648,1202.9648643484134,-0.2924774448384726,0.1387529669369341,0.3341797325299369,2.3216775777222094,1222.019676572798,2.544637768289133,101.73900071254928,0.7153251998824741,0.0820076954306046,2021Q4,0.07520812527905793,0.054664400873866016,0.06964668584718671,0.024602490326592532,1.8308795135225178,1.8142474236231092,0.016273529124029476,3.3943221330358946,2.739728000921619,-0.11994900998102398,-0.24738733720828843,-0.2924774448384726,-0.0935573665723322,0.02486595335751882,0.08964193064029793,0.016279306552957062,1.131830328649325,0.5001420360337443,0.032553159646777484,0.03538273991582786,-0.20861272312535134,0.07451508125662559,0.17312180320279927,0.1071466309856607,-0.13622253910505344,1.6931824976986556,-0.028467355577936573,-0.26401008926053604,2.069816274075809,2.5472606645180638,0.04665375249721948,0.04498076831929036,0.006614913203770377,1.5624652805972699,1.885069774470526,2.0975291664752205,0.032895256904573705,0.1751040604614725,0.5244562259498868,0,0,54.493867092644
C017,MockCompany_017,IT,2022Q1,459.5666755846429,20.671662161784276,15.117563858170604,1008.4389390404796,614.8964599775569,393.54247906292255,613.2553593480555,325.32236612749267,3.0399936703443267,9.855244203552273,1288.6688196052908,0.0712439388687373,0.1751040604614725,0.3626831132986753,2.1780997430986617,1238.0850888172608,2.7532266137044905,102.8114069873985,0.5244562259498868,0.0454386185333102,2022Q1,0.04498076831929036,0.032895256904573705,0.03841405861478826,0.01499105525669193,1.5624652805972699,1.885069774470526,0.006614913203770377,2.0975291664752205,2.8040954404779073,0.04665375249721948,-0.3740132495404991,0.07124393886873737,-0.058504586804944275,0.07298629941253496,0.07269468700510248,0.019200129513478183,1.3506102208127047,0.42694554341085256,0.013365544094129218,0.011166435521909608,-0.1576227262824004,0.1620874444403602,0.1595549307804433,0.10090400850568937,0.040038839293449105,1.4921843918037891,0.09824943402028022,-0.02700549515154292,2.0973897515262814,2.2317835175085974,0.027188377763048832,0.09745859619801295,0.10684861810818261,1.1784766092879118,1.3770607807278257,8.17418692342511,0.049074290169404,0.1348569957541374,0.4552368709361853,0,0,83.76767259332766
C017,MockCompany_017,IT,2022Q2,472.0615479677467,46.006455784095,23.1660853828363,1066.9576759511804,577.1852949207671,489.77238103041327,508.5856901913669,369.32697329538655,50.43912406247014,5.628260793018837,1578.3394431396996,0.2247828294806828,0.1348569957541374,0.2103133029416325,2.1446335034649078,1240.7424409375876,2.283771627615744,102.94856526532382,0.4552368709361853,0.0796906442878687,2022Q2,0.09745859619801295,0.049074290169404,0.04729969732889136,0.021712281475609885,1.1784766092879118,1.3770607807278257,0.10684861810818261,8.17418692342511,3.343503511207812,0.027188377763048832,1.2255808664069203,0.22478282948068284,-0.03406565807919096,0.08324607896184479,0.07639761238595665,0.022842161715537462,1.4256103487136758,0.3321981157726009,0.03313019452007892,0.0494722883597225,-0.06121309300646832,0.2502407549527782,0.122178505788136,0.05770579988540158,-0.07966024034513378,1.0636239332945177,0.2314955920692444,-0.006712762588561599,1.9221645281595046,1.6537177999848405,-0.07945382701154335,0.09874253395433515,-0.006112493939280495,1.452798989825995,1.0826210498616888,3.4469360646101923,0.049737514136187995,0.3147214627791618,0.3998612166378653,0,1,59.3498455952047
C017,MockCompany_017,IT,2022Q3,434.554451396716,42.90900767214645,21.613658169337317,998.8733931333028,591.6352145156935,407.2381786176092,538.1529633709321,497.08341015409,-2.656211450455899,12.448448960004722,1303.7740774467024,-0.173958375612042,0.3147214627791618,0.1869373110978291,2.2007841659169265,1235.470319968315,2.477893538704659,103.8511423580739,0.3998612166378653,0.0558799162224393,2022Q3,0.09874253395433515,0.049737514136187995,0.053073752177786745,0.021638035728949755,1.452798989825995,1.0826210498616888,-0.006112493939280495,3.4469360646101923,3.0002547971910043,-0.07945382701154335,-0.06732637972559008,-0.17395837561204208,-0.031390176683074755,0.08098370898085513,0.07909750593767409,0.025180255684119947,1.5061550983084235,0.2700844614465954,0.03090614162417549,0.05145164798220969,-0.04260226302527362,0.23391435767548044,0.19085887148292646,0.0845407021629991,-0.07334133307226286,1.3093459362442779,0.013176213003511298,-0.1871345886155533,2.0081782926080494,2.023928615661305,0.016965034470098006,0.003132256605791511,-0.06643250280471685,1.4883998712455173,1.50620145282836,0.11079244063940343,-0.05213401124210776,0.3451740279143175,0.8258924184296408,0,1,26.26001206685013
C017,MockCompany_017,IT,2022Q4,441.9266826437958,1.3842277709896904,-23.03941064119117,1010.7761460645332,604.5809208746517,406.1952251898814,690.3104463809864,458.31216341161297,-29.35829558427961,12.493882821700348,1253.868738049954,-0.0382775975224806,0.3451740279143175,0.014727910789645,2.1074406043092755,1237.2052389806515,2.0135690039906367,102.72402958265576,0.8258924184296408,0.0887550281236579,2022Q4,0.003132256605791511,-0.05213401124210776,-0.05672004300484913,-0.022793781522122924,1.4883998712455173,1.50620145282836,-0.06643250280471685,0.11079244063940343,2.8372777369900675,0.016965034470098006,-0.9677403919110384,-0.03827759752248083,0.002838334429705741,0.056226562404467766,0.061078538769357496,0.04603981951111795,1.4205351877391736,0.16771312297399094,0.010229633641988908,0.07186200354749575,0.020947698803724383,0.16889295015074013,0.2424641367272723,0.10309723497548359,0.08339753727481486,1.4837378209167493,-0.04633521172882733,0.008057614206346736,1.8135149345991646,2.7382018045355228,0.018429782478540435,0.07043339603870317,0.04568569905575662,1.6577991074375267,1.4203944428685735,2.785219965899079,0.0165886911795011,0.2916792246650048,0.3893244973942362,1,1,61.862815391464096
C017,MockCompany_017,IT,2023Q1,450.0712952763839,31.7000497859241,7.466093726114575,1031.90774192975,643.6512559371014,388.2564859926487,647.0821096641135,455.5650811727137,20.561821749677136,11.38152468072876,1457.1558341534678,0.1621278926051464,0.2916792246650048,-0.2562182906331766,2.0099751331496987,1215.2169737496145,1.9607423912266189,102.32607431866646,0.3893244973942362,0.0467349111327621,2023Q1,0.07043339603870317,0.0165886911795011,0.01922979781524296,0.007235233754662162,1.6577991074375267,1.4203944428685735,0.04568569905575662,2.785219965899079,3.2376111283777975,0.018429782478540435,21.900891349159473,0.16212789260514682,-0.00421765807496402,0.05036014704239587,0.0674416956992107,0.04481596076719383,1.4443686444492376,0.19854550825942793,0.019997330104985465,0.07383512591259626,0.04366868723782666,0.18340451460028676,0.27160792777815534,0.09376286108704321,-0.027255916577216183,1.541034686350771,0.13454887757300021,0.027579015032146187,1.7543162256565954,2.222038408410012,-0.06786599814414085,0.08094816721370997,0.04850570264763144,2.3102757346466496,1.8842662058942787,3.040797331626532,0.025185878412323864,0.2003965357607256,0.6805957437832874,0,1,62.04231496632936
C017,MockCompany_017,IT,2023Q2,419.5267575864258,33.95992212381251,10.566149907313374,990.3028128202992,691.142594094986,299.16021872531337,384.2512000363051,203.9261749918473,20.34944015626063,11.16809784314249,1164.2169067827624,-0.2010347284104228,0.2003965357607256,0.1294298475909013,1.8679688874230664,1224.1921202345195,1.766749134729589,100.32421831257778,0.6805957437832874,0.0303686344348058,2023Q2,0.08094816721370997,0.025185878412323864,0.035319368171006095,0.010669615162670494,2.3102757346466496,1.8842662058942787,0.04850570264763144,3.040797331626532,2.7750718773644603,-0.06786599814414085,0.07128923623621164,-0.2010347284104228,-0.02798125205176144,0.05296027360868995,0.06331408845313495,0.041787848749628674,1.7273184257889223,0.39879617015930974,0.005411601239847675,0.054078598929994386,-0.06278570223494974,0.16599089220473165,0.28799281277980243,0.06237202758512335,-0.11637170079177228,2.1232631481686957,0.06158787171720056,-0.26262260012762334,1.6394089438237853,3.0042554277127085,0.03792022165294373,0.052166265222830244,0.01950477112434671,2.2863159188356037,1.2844886769294335,2.3353419837919325,0.027663872984206837,0.1967900753757336,0.4103631763342463,0,0,49.4115438161821
C017,MockCompany_017,IT,2023Q3,435.4353052234439,22.71503361972238,12.045826976568351,1055.9505500178732,734.6331307267517,321.3174192911215,536.8057454599698,417.9139568142538,8.49306596786283,9.726641226440108,1187.5305204046024,0.0200251460754556,0.1967900753757336,0.1858933140524093,1.8132595800558104,1180.3072978056523,1.9954241411898144,101.46366142770798,0.4103631763342463,0.0528854077793036,2023Q3,0.052166265222830244,0.027663872984206837,0.037488870049765484,0.011407567311133135,2.2863159188356037,1.2844886769294335,0.01950477112434671,2.3353419837919325,2.727226079641138,0.03792022165294373,-0.3311223289350619,0.02002514607545569,0.0013622601143603308,0.04713025631378827,0.05167002127025873,0.03447431371939983,1.9356976580413243,0.4244780382131558,0.011815917505754475,0.053774951377800057,-0.014289821813075339,0.15027729979971127,0.2585099659289454,0.07256577480860855,0.01841545052859702,2.1670473562304466,0.10959125800012068,-0.08956611192466507,1.6871314917776643,2.7926160584690236,-0.010671189583131735,0.03286357020546666,0.022993359593654377,2.5291145458025635,1.7081074197108403,1.2652508972568968,0.01050760578706755,0.1957633069069577,0.4273329285753503,0,1,46.082507663084726
C017,MockCompany_017,IT,2023Q4,430.7886925302157,14.157254440720797,4.526557758644265,1036.574580376255,742.8537144421638,293.7208659340912,575.2123362516612,336.75419333248306,9.905279316250454,11.189286227853236,1237.066408868265,0.0417133602989716,0.1957633069069577,0.3050333736083148,1.77001271982867,1194.531989030845,2.21961166757661,98.79022157338584,0.4273329285753503,0.0299431318162251,2023Q4,0.03286357020546666,0.01050760578706755,0.015411086795735447,0.00436684233275029,2.5291145458025635,1.7081074197108403,0.022993359593654377,1.2652508972568968,2.8716315685993195,-0.010671189583131735,-0.37674516896031673,0.04171336029897166,-0.0055467958989471045,0.046094830891167775,0.05910284967017751,0.02115195160585627,2.195876326680586,0.3749850436680024,0.03417238310534729,0.015034514748574913,0.005707917642287711,0.15133968987586494,0.2211572856771054,0.04705658902269847,-0.033664549176786115,2.445998812368914,0.0451857402159893,-0.0034723799170176955,1.7547281323011015,3.0690950478512216,-0.06995564135533239,0.13241412245724143,0.10949695149419203,6.945767278945783,1.8119898392603755,4.126576284018327,0.07488470325493035,0.1887939647020031,1.0,0,1,67.58124847842328
C017,MockCompany_017,IT,2024Q1,400.6525932556394,53.05206154629599,30.00275055434175,916.7089705634908,801.338240667388,115.37072989610272,530.7709550703236,292.9215956780219,43.87023756984449,12.856193098291405,1055.60386319063,-0.1466877965295709,0.1887939647020031,-0.1924683491528089,1.748236767576394,1189.0633449236338,1.877643946682252,98.99109659841496,1.0,0.0901694957637025,2024Q1,0.13241412245724143,0.07488470325493035,0.26005513340429337,0.0327287629091997,6.945767278945783,1.8119898392603755,0.10949695149419203,4.126576284018327,2.6347111711179148,-0.06995564135533239,2.7473411082943646,-0.14668779652957087,-0.02764315185741531,0.0516230813377616,0.07459803127481207,0.04331271558875454,3.5178683695576503,2.2878757591373873,0.05012519621495613,0.04163882433309374,-0.07149600464139161,0.12059100002598429,0.195435970686355,0.0048533218130924535,-0.17945259284952442,6.026049599911955,0.17195543259610108,-0.318643229125672,1.625777253467616,7.214843564613958,-0.050352147372870415,0.08747081230210131,0.004300484290226211,50.36515784007392,1.3407680290686117,3.077482770630032,0.04964303651615345,0.3133555532632517,1.0,0,1,42.757517257965944
C017,MockCompany_017,IT,2024Q2,380.47887483470873,33.280796245668974,18.888126677094064,855.4719149285867,838.8172028464834,16.654712082103288,513.2796385028406,382.8250878401827,1.6362434239939103,10.814291654272411,974.4109317917348,-0.0769160991448858,0.3133555532632517,0.2287924432064471,1.8972810265658184,1171.945704142158,1.990740916861087,98.13659207153766,1.0,0.1177197589614241,2024Q2,0.08747081230210131,0.04964303651615345,1.1341010629812474,0.022079189681696018,50.36515784007392,1.3407680290686117,0.004300484290226211,3.077482770630032,2.561011914820466,-0.050352147372870415,-0.37267666372160824,-0.07691609914488595,-0.0232646891645977,0.04766537860306743,0.0762286925469099,0.04375203627723628,15.531588895914467,23.32091660354548,0.03907389162560483,0.04764497597365374,-0.04046634732500737,0.08760575665603511,0.22367572506198652,0.059891986214998805,-0.054652631663096626,45.95967657207911,0.04141914921945711,-0.11833524836434291,1.712391391442064,47.27303212534236,-0.14416582118705534,0.06363230783915937,0.01090751023789586,876.1429253178505,1.3950456238613715,1.683548000133484,0.023247532368360243,0.1406024351661137,1.0,0,1,36.505530889513196
C017,MockCompany_017,IT,2024Q3,325.6268253998361,20.7203863945942,7.570020163512326,727.1511276892986,876.1429261939935,1.0,426.7808016333677,305.9260531212438,3.551777931793147,12.307570910522177,753.2943151809658,-0.2269233743141435,0.1406024351661137,0.0979647251614556,1.7858729932479358,1153.2060782016615,1.7639218189139327,97.52599167135092,1.0,0.0571637003237722,2024Q3,0.06363230783915937,0.023247532368360243,7.570020155942305,0.010410518357521516,876.1429253178505,1.3950456238613715,0.01090751023789586,1.683548000133484,2.313366886323585,-0.14416582118705534,-0.37740713167910855,-0.22692337431414333,-0.06878619987459747,0.05597804216952696,0.0790952032009922,0.04199016948792088,233.9957412456682,428.64192014929216,0.03692457640399211,0.04899676025408149,-0.10220347742240715,0.11384992315468853,0.20962881500958153,0.07337170354962738,-0.1550733314249512,820.3919289829234,-0.06962600311000011,-0.1572973712041434,1.5883900077171522,821.5325314180895,-0.025820233877197785,0.0169547412461409,0.0006017757077311179,951.7339686051567,1.3403026263473943,0.4529377307971886,0.0028915065488091143,0.2679092738108351,1.0,0,1,22.912706427829544
C018,MockCompany_018,Manufacturing,2021Q1,95.2088901919344,0.5119091220963657,-2.923249873184566,258.41709591175857,93.69834583751155,164.718750074247,193.81282193381887,70.22537556065514,-0.6044360588361998,1.422534626281447,209.9933365168852,-0.0529236701292372,0.2574897300312843,-0.0209820226414771,2.0285713539543098,1186.144972626884,2.4158575467176924,98.23204443230703,0.5840792412909266,0.019178913628697,2021Q1,0.0053766945613903955,-0.030703538999990412,-0.017746916315532775,-0.011312138087688491,0.5688383732556748,2.7598687850897825,-0.006348525411979394,0.3598570553425868,2.2056063891864284,0.029321658588051358,0.016305366076255545,0.03901112242922311,0.028748223617539495,0.04103992952872891,0.14908296294256101,0.02851283501543619,0.6270378788260513,0.06156726049581937,0.09118377837234426,0.043601873648594996,0.043950407107197303,0.10004747440174336,0.2019274246561828,0.07374245419873522,0.006348525411979394,0.5657799030678808,-0.0009718308505889985,-0.0519518392786482,1.9113936070232658,1.4136973998020712,-0.011928466247748903,0.00078908956871821,-0.009293487460610953,0.5154090467692711,2.4585695073634155,0.07593516836441082,-0.04751999125239742,0.2156745651555175,0.4484598358399431,0,1,52.11600749832001
C018,MockCompany_018,Manufacturing,2021Q2,94.07319415879428,0.0742321762074965,-4.4703573635585085,261.38738208964224,88.90102756616656,172.48635452347568,186.9549975671412,76.04218510184577,-0.8742680503036677,0.9775730762236956,203.653502720683,-0.030190642719239,0.2156745651555175,0.2267113377732023,2.083519936549968,1213.4215827087826,2.5760610613228043,101.24050672793484,0.4484598358399431,0.0,2021Q2,0.00078908956871821,-0.04751999125239742,-0.02591716530784566,-0.017102422189638467,0.5154090467692711,2.4585695073634155,-0.009293487460610953,0.07593516836441082,2.1648409468775323,-0.011928466247748903,-0.8549895420821931,-0.03019064271923888,0.028748223617539495,0.04103992952872891,0.003082892065054303,0.0032439265997237644,0.542123710012473,0.03778023907276603,-0.007821006436295174,0.002082402634924403,-0.0415571564242381,0.01607467783850939,0.2365821475934009,0.029567786640088238,-0.00263497878713795,0.5150023428668424,-0.020432864139641647,-0.009757778579597351,1.9948798240681052,1.179136743862303,-0.006983626767668616,0.018201997576982546,-0.05320101508075408,0.4543411742822929,2.3707734523136863,1.777350725703008,0.0007044986675074577,0.1205973754002248,0.3755508156210181,0,1,56.086730320955986
C018,MockCompany_018,Manufacturing,2021Q3,93.41622208194684,1.7003618480046618,0.0658116039810168,273.95484237619183,85.58443299757248,188.3704093786193,200.79098379898824,84.6942940080004,-4.969837839821928,0.9566833499081928,197.57685646753163,-0.0298381622312957,0.1205973754002248,0.0268862755778689,2.229034827481113,1235.1404946894957,2.4947651773998563,101.94669471312164,0.3755508156210181,0.0583670515724082,2021Q3,0.018201997576982546,0.0007044986675074577,0.00034937336600669554,0.00024022792738375763,0.4543411742822929,2.3707734523136863,-0.05320101508075408,1.777350725703008,2.1150165577462303,-0.006983626767668616,21.9059948781745,-0.02983816223129576,-0.00945604650770876,0.0034965295282437334,0.008122593902363718,0.009025370558549791,0.5128628647690796,0.05729105013238213,-0.022947675984448145,0.02624150520118892,-0.03765082502659064,0.013227845961103104,0.1979205568623422,0.07015185526388124,0.046217388313085465,0.4460712573288832,-0.04198264427144015,0.012144482040144448,2.0238721501151877,0.9884368366632115,-0.01942428321450318,0.057913387700029635,0.026953577623123455,0.471110644240616,2.016009182276627,2.74871934055728,0.037473712800118145,0.2375629093612661,0.2461768892460699,0,0,74.0306153138639
C018,MockCompany_018,Manufacturing,2021Q4,91.60167892739818,5.304963545753959,3.4326550081714275,276.57409469624014,88.57049634111033,188.0035983551298,207.4305710221801,102.8916796826878,2.4689929634050127,1.9299764311076235,194.3978811659341,-0.0160898161780396,0.2375629093612661,0.2359639851317351,2.264461043743601,1234.9852411645943,2.504134856706921,102.11734807840666,0.2461768892460699,0.0179231098197747,2021Q4,0.057913387700029635,0.037473712800118145,0.018258453764640442,0.012411339579468146,0.471110644240616,2.016009182276627,0.026953577623123455,2.74871934055728,2.122208713203697,-0.01942428321450318,2.119902714812862,-0.01608981617803973,-0.012778792076640233,0.006263766735639298,0.020570292351780196,0.025963159718400606,0.5024248096369637,0.051224879338837355,-0.010472362582555243,0.032887862625156174,-0.032260572814452874,0.015260074753713968,0.20783114498707317,0.060611337436890435,-0.046377860837626635,0.4438270308510985,0.06544268210864991,-0.08153249828668951,2.039504137507061,0.9275668294584345,0.010235966293352883,0.04890913967190358,0.03931811902210938,0.40314065888331496,2.6384938657793775,1.9635960935733126,0.030954075073201383,0.0578648985790149,0.6377246591943153,1,0,72.6852463642308
C018,MockCompany_018,Manufacturing,2022Q1,92.53931062531356,4.526018068564041,2.8644687683492127,287.66856326216583,82.65093980401389,205.01762345815197,212.3870539159851,80.49556478715184,3.638471629429348,2.304963877965396,214.1016030141783,0.101357698602823,0.0578648985790149,0.2039809950900372,2.3659619351398287,1243.2696056180337,2.330490165733851,102.64369980366158,0.6377246591943153,0.0,2022Q1,0.04890913967190358,0.030954075073201383,0.01397181725170048,0.00995753145862077,0.40314065888331496,2.6384938657793775,0.03931811902210938,1.9635960935733126,2.3136286791539864,0.010235966293352883,-0.14683333268394994,0.10135769860282329,-0.007025102484141954,0.012592707870812628,0.031453403629408495,0.026587800441691956,0.46100038104387375,0.046384669921271646,0.000944298525966952,0.04157547332302658,0.006309769368562177,0.06370453496653618,0.15792493712400582,0.08383035316977645,-0.0290821527287565,0.3834233960905677,0.09846322498736584,0.002894473615457152,2.016739116991198,1.079012953863898,-0.10195603149131527,0.0634188693452131,-0.019840247906121218,0.4213538532129816,2.76872859495491,2.3585731348941024,0.03875788480143729,0.1323225806562127,0.3566284879334058,0,0,72.18089677892526
C018,MockCompany_018,Manufacturing,2022Q2,83.10436975701448,5.270385167699799,3.2209495895771743,257.6629155267907,76.38299361014742,181.27992191664327,193.24718664509305,69.79636320961659,-1.6488112980809704,2.2345650797798395,154.777077947729,-0.2770858519098556,0.1323225806562127,-0.3012638146515863,2.348875370758061,1201.5758109538008,2.451062668596356,102.96279032830658,0.3566284879334058,0.044835395129513,2022Q2,0.0634188693452131,0.03875788480143729,0.017767823129582295,0.012500633174081168,0.4213538532129816,2.76872859495491,-0.019840247906121218,2.3585731348941024,1.862442112230837,-0.10195603149131527,0.16446401403163668,-0.2770858519098556,-0.029531993795033545,0.04979065024213701,0.04711084857353222,0.020179212983367105,0.43748658265480134,0.030846729785699432,-0.0016923915854106146,0.042758767193048636,-0.05541403292909197,0.15907680568705315,0.13708694099917962,0.07453445987515048,-0.08211578358519406,0.3946320682479654,-0.05837741005222339,-0.2187084418576322,2.0404510570601864,0.8835831368375839,0.00840518367929688,-0.020438995755028513,-0.06301862332436213,0.41986691620999067,2.4028388507425706,-1.1374420749835694,-0.06957955787595811,0.1851063149868705,0.5784319500376406,0,1,37.22370023499529
C018,MockCompany_018,Manufacturing,2022Q3,83.80287724937439,-1.7128466523795778,-5.830967147814238,265.3339247077116,78.46153428992524,186.8723904177864,199.0004435307837,82.81888877686575,-5.2811419549391,1.5058759376972035,159.77655073945786,0.0323011188608771,0.1851063149868705,-0.1503843375185858,2.0544455324783986,1241.1509514502052,2.314923612186698,102.5306418467045,0.5784319500376406,0.0211193513957448,2022Q3,-0.020438995755028513,-0.06957955787595811,-0.0312029355152298,-0.021975957858444146,0.41986691620999067,2.4028388507425706,-0.06301862332436213,-1.1374420749835694,1.9065759551679837,0.00840518367929688,-1.3249945872793072,0.032301118860877276,-0.02568479118329217,0.052627379635760516,0.03745060024052946,0.03905372419857557,0.4288680181367258,0.029347452954239055,-0.004146793646312628,0.0467924800319321,-0.03987921265604877,0.1653186725193833,0.15321417589584105,0.07672409619217933,0.07142380700365901,0.42844857432808364,-0.07505243540009376,0.10735355426097087,1.9016244860678453,1.2634106463562538,-0.008374766642288312,-0.009798995630413875,-0.035632042457516326,0.49910532821766096,2.112512704561479,-0.39261204626490703,-0.04712674200338242,0.3096853912614929,0.365586678833633,0,1,44.09447277552221
C018,MockCompany_018,Manufacturing,2022Q4,83.10104770845855,-0.8143068033877994,-3.916281635614427,261.5347478820172,87.07419267041912,174.4605552115981,195.292659203109,92.44567323988512,-2.961060060247517,2.0740749315820795,178.0519202308763,0.1143807987269638,0.3096853912614929,0.1902195702756268,2.1146387896183514,1225.6470703189618,2.092023679044656,102.46537801475972,0.365586678833633,0.080281692038978,2022Q4,-0.009798995630413875,-0.04712674200338242,-0.0224479489409055,-0.014974230641681902,0.49910532821766096,2.112512704561479,-0.035632042457516326,-0.39261204626490703,2.1425953720028783,-0.008374766642288312,-0.5245886126136738,0.11438079872696383,-0.022922412040238455,0.053350549192557065,0.020522504407918574,0.04180564972432066,0.4358666891309871,0.042960189591498686,-0.01979319866647257,0.04325681604095623,-0.0072615589297979205,0.18345331907544413,0.17124479637089776,0.10603125342941913,0.027257275815228015,0.5039960591479821,-0.05380580473021851,0.1681866034571823,1.840025985127741,1.206525405058336,0.12708643991622548,0.05650932450314606,-0.03448149397365912,0.46256619740001176,2.336367116748451,4.043760538474941,0.01903593703654894,0.2344575405175987,0.230456352007819,0,1,71.9152299419408
C018,MockCompany_018,Manufacturing,2023Q1,93.66206401503496,5.292779969116559,1.7829451533224578,295.2017411274946,93.3635326061921,201.83820852130248,221.40130584562093,94.76306367100872,-3.229607895929384,1.308875714749645,219.20515776634292,0.2311305459784093,0.2344575405175987,0.122579483500783,1.957268931221373,1212.7762319575336,2.269937469273912,102.79256954627968,0.230456352007819,0.0566795453528003,2023Q1,0.05650932450314606,0.01903593703654894,0.008833536357539798,0.006039751481500858,0.46256619740001176,2.336367116748451,-0.03448149397365912,4.043760538474941,2.340383591470021,0.12708643991622548,-7.499736889212707,0.2311305459784092,0.006290206365479695,0.09403636284713249,0.022422550615729196,0.04365755567751614,0.45072307376016124,0.03784069986248867,-0.0382431019154147,0.01801350255200008,0.02518165291409865,0.21739960551637483,0.21539295685554372,0.0754375892465363,0.1615679338898846,0.4364268940469482,0.1491142704457124,0.08201627553269689,1.8433551097606093,1.0629087204622505,0.00496281024342804,0.04752716073771335,0.010834831009119791,0.4863933812217462,3.1262562372955847,5.840962847108397,0.035360046885779414,0.1565239738157261,0.1496814724460191,0,0,83.95876256751508
C018,MockCompany_018,Manufacturing,2023Q2,94.12689106574938,4.473583881470632,3.3283312813329093,300.9675688180248,98.48579473332248,202.4817740847023,225.7256766135186,72.20319112602867,1.019848958122057,0.7658983617477285,186.3237500173419,-0.1500028926511405,0.1565239738157261,0.3393454328778515,1.6388175036767525,1209.533348788477,2.365687529188732,100.41261183733646,0.1496814724460191,0.0,2023Q2,0.04752716073771335,0.035360046885779414,0.016437683324150264,0.01105877053262929,0.4863933812217462,3.1262562372955847,0.010834831009119791,5.840962847108397,1.9794954226758834,0.00496281024342804,-0.1547761464534605,-0.15000289265114042,0.03301991679916552,0.06312716505433805,0.01844962346385426,0.03917632449408376,0.4669829557623524,0.03487138447783628,-0.030574332186604446,0.03059519118214719,0.056952392728777425,0.1602853978948574,0.22144330514542207,0.06705950720197698,-0.005872020765691752,0.46327648481066036,0.06332480199026118,-0.21332769464140167,1.7644367661394624,0.7694819310724055,-0.07589311390855302,0.0636329396864289,0.010729872518773356,0.5782624752542938,2.494710792307026,4.599424657324448,0.04535208065961903,0.0799152453102788,0.330526974249117,0,1,78.69763970571623
C018,MockCompany_018,Manufacturing,2023Q3,86.9833082002385,5.535003604495466,3.94487400958307,288.04936414959604,105.53893342887164,182.5104307207244,216.03702311219703,86.59802321611733,0.933319808260462,1.203412168320164,130.76564934454836,-0.2981804556189026,0.0799152453102788,-0.079638815580827,1.813384613868024,1209.779055389058,1.925956918862992,100.572988516442,0.330526974249117,0.0447034230827044,2023Q3,0.0636329396864289,0.04535208065961903,0.021614512628036375,0.013695131809145871,0.5782624752542938,2.494710792307026,0.010729872518773356,4.599424657324448,1.5033418715464133,-0.07589311390855302,0.23726384731963623,-0.2981804556189027,0.011945342402203046,0.08452756814735765,0.03946760732421861,0.03349894515999479,0.5065818455234281,0.05012970629683739,-0.01213720822582057,0.026469430856161474,-0.025668000891167504,0.24171702687199195,0.19514553772627413,0.0990529439247968,-0.08662298642732638,0.5414659340435122,-0.0015303017033507678,-0.29665015391555183,1.671703253072573,0.9519081536029079,0.028960088481019497,0.01812994122211679,0.01191493096067157,0.5243437683787432,2.8131325539066703,1.7466656936415368,0.0067525601576711005,0.3321593469954671,0.3724226151109263,0,0,65.81231946586783
C018,MockCompany_018,Manufacturing,2023Q4,89.5023525020892,1.622672390122185,0.6043700195301944,320.1085122365972,110.1109258151741,209.99758642142308,233.50009497753956,83.00358781546173,1.066414350891998,0.9290114269047616,127.79966763452452,-0.0226816577969104,0.3321593469954671,-0.0183075963475514,1.788074013785929,1195.8605730368802,2.0487684622656905,99.29829844657382,0.3724226151109263,0.0650945538256361,2023Q4,0.01812994122211679,0.0067525601576711005,0.002877985551293275,0.0018880160833761493,0.5243437683787432,2.8131325539066703,0.01191493096067157,1.7466656936415368,1.427891715249758,0.028960088481019497,-0.7068344474420452,-0.022681657796910448,0.02127905618303,0.08359196777899888,0.04644984153735127,0.01999691167875877,0.5128914555636988,0.05046221436968168,-0.00025046487127359726,0.022826970912434567,-0.05993361502213605,0.22433612130239838,0.20076402665976767,0.10795306589981453,0.017045157520347926,0.5148374466778534,0.059004960663807865,-0.08168661846071826,1.7016530385291309,1.2364645663045946,0.0329018054184671,0.05189064846756222,-0.010612101124860463,0.4533187104181153,2.2018401144370587,5.646711688297414,0.028683615288740513,0.1270337191848164,0.5562123024845982,1,0,72.97969544816945
C018,MockCompany_018,Manufacturing,2024Q1,92.44714148860798,4.7971421208682345,2.651718241031677,331.16899074230804,103.2981263765844,227.87086436572363,225.98550549928672,102.63483893101034,-0.9810584141920032,0.8495461394218885,140.65713797930525,0.1006064458755079,0.1270337191848164,-0.146782865284601,1.797770004387926,1172.8597358826137,2.0200612720434634,101.1816190212956,0.5562123024845982,0.0631652587157298,2024Q1,0.05189064846756222,0.028683615288740513,0.011636934139873795,0.008007145340147645,0.4533187104181153,2.2018401144370587,-0.010612101124860463,5.646711688297414,1.521487151607782,0.0329018054184671,1.95632202166638,0.10060644587550804,-0.0022671024414095964,0.05061307714729021,0.045295172528455316,0.01934515934712121,0.5105795838182247,0.05364763613414212,0.005716883340926068,0.010899158634379565,-0.09256464004786139,0.17105137251730643,0.1739080713265721,0.11011740602396108,0.04351390654332756,0.42979570857204025,0.07418035276116886,0.02642609311433905,1.6880988675157702,1.1565556367847825,0.03663280288137205,0.1273471100725215,0.06297054945378691,0.3997088155639291,2.6107487152438575,12.348134838625201,0.08971404226773184,0.1880051519625946,0.1983450969945116,1,0,100.0
C018,MockCompany_018,Manufacturing,2024Q2,95.83373939970647,12.204149760123109,8.59763214726978,341.9427596145251,97.64712054165123,244.29563907287385,256.4570697108938,98.23123466876,6.034703226273514,0.9883395271648768,138.23010155081113,-0.0172549823162988,0.1880051519625946,-0.1345528519200931,1.781388328887898,1162.1741748690574,2.0207945387275053,97.57964615994204,0.1983450969945116,0.0823042207599901,2024Q2,0.1273471100725215,0.08971404226773184,0.03519355556187352,0.025143483537820244,0.3997088155639291,2.6107487152438575,0.06297054945378691,12.348134838625201,1.442394947909046,0.03663280288137205,1.544045903295915,-0.01725498231629885,0.005650395718076406,0.05445253169266419,0.06525015986215736,0.04567069876084947,0.48890844240377035,0.07844957608719681,0.018750812952092848,0.03124436262434815,-0.05937766246415097,0.16905877270062344,0.18177836586328922,0.1095844940675929,-0.02633774657241486,0.34880705303135223,0.22695046240768046,-0.24420544472397926,1.6794162561261081,0.7351573019884584,-0.003624214661339442,0.057343387195984516,0.05056614995634408,0.3741146481002938,2.280222743160802,3.708931797043079,0.015290169040664797,0.402268518016716,0.2691932155176398,0,0,81.8492581481665
C018,MockCompany_018,Manufacturing,2024Q3,95.48641735632307,5.475514602478354,1.460003462480939,340.1974760800948,92.6217177181256,247.5757583619692,255.1481070600711,111.89613287696156,4.828380498884455,1.476305011360613,149.2518551464223,0.0797348296207373,0.402268518016716,-0.0698921854629072,1.8795027658718804,1171.9053191979249,2.0047500947880854,98.34642148748406,0.2691932155176398,0.0072644742390189,2024Q3,0.057343387195984516,0.015290169040664797,0.005897198789311341,0.0042916351975900895,0.3741146481002938,2.280222743160802,0.05056614995634408,3.708931797043079,1.563068960770637,-0.003624214661339442,-0.5513399368164489,0.07973482962073741,0.0237176205298798,0.018495139983993807,0.06367777173954627,0.045852845099579195,0.43787148561527034,0.06642639072887191,0.028709882311485527,0.03405768890497285,0.035101158845759005,0.06419534409971024,0.26236668403989855,0.12687025890236245,-0.05419036461768352,0.35266164697858915,0.10428532249098915,-0.02455049287025185,1.7110600969903655,1.0241233805129448,-0.08190200036597173,0.08022723156583218,0.06503078189997367,0.4271123719598939,2.451223243987772,3.504255158034214,0.059176121868863896,0.315688328795451,0.3444939206571507,0,1,86.43064100917343
C019,MockCompany_019,Finance,2021Q1,157.64477624293062,27.09768330340375,21.42474444271653,348.8577263179234,237.55445337655067,111.30327294137273,244.29914423430856,91.48874253672172,18.33885869297514,2.2910273167576025,415.13090552106814,-0.1255774077743121,0.3217107758306013,-0.0815791895141105,2.1052189302995425,1214.3900456241263,2.7308310846720434,99.17040487627304,0.3890587224890879,0.0670307640940643,2021Q1,0.17189077842626593,0.1359051974520557,0.19248979725698806,0.06141398864455756,2.1342989033174655,2.670264531546945,0.11633026561310619,11.827743429059698,2.6333311855428567,0.029321658588051358,0.016305366076255545,0.03901112242922311,0.028748223617539495,0.04103992952872891,0.14908296294256101,0.02851283501543619,0.6270378788260513,0.06156726049581937,0.09118377837234426,0.043601873648594996,0.043950407107197303,0.10004747440174336,0.2019274246561828,0.07374245419873522,-0.11633026561310619,1.7674326034319006,0.2882210440393721,-0.4137984518136842,2.0569345189272927,2.47820210175159,-0.028904685781056205,0.22054243118288916,0.13871748274826298,2.103082781657688,2.4847989128316885,11.770636531966284,0.16508801419945818,0.2349197128998199,0.5687803593353582,0,0,100.0
C019,MockCompany_019,Finance,2021Q2,153.0881035206038,33.762422535832314,25.27301100794265,351.65247676179376,238.32888809109917,113.32358867069462,263.7393575713453,106.14112723846208,21.23599635922237,2.868359959325128,448.4141401945663,0.0801752753910754,0.2349197128998199,-0.0261119671271037,2.190012399080839,1225.0364307943937,2.4847906774904787,100.80474786412243,0.5687803593353582,0.0768493623817761,2021Q2,0.22054243118288916,0.16508801419945818,0.22301633141146024,0.07186928197008119,2.103082781657688,2.4847989128316885,0.13871748274826298,11.770636531966284,2.9291246666419517,-0.028904685781056205,0.24595236270959764,0.08017527539107538,0.028748223617539495,0.04103992952872891,0.19621660480457753,0.03440191358014148,2.1186908424875766,0.022073131307972775,0.1275238741806846,0.015830153048165038,-0.022701066191618345,0.14548911751357269,0.2783152443652106,0.061370549144743936,-0.1676221685293192,1.639263792012028,0.33035522815009594,-0.25017995275902055,2.0036920060382792,2.442963864247206,-0.034159096753479945,0.19789420434305102,0.11080869431549585,2.9987110005079414,2.4644383046428513,11.174674510594214,0.1809499422095402,0.2751072509827417,0.5985849781529838,0,1,93.81162522937478
C019,MockCompany_019,Finance,2021Q3,147.85875218063674,29.26039011814136,26.75503266244189,334.0275046236165,250.49370971365988,83.53379490995661,250.5206284677124,101.65425037960269,16.38403527236564,2.618455694546289,426.9871148988343,-0.0477840089664319,0.2751072509827417,0.0952156912630547,2.214040552502037,1227.0973255698664,2.514863574809194,101.36018978997151,0.5985849781529838,0.0384438423069282,2021Q3,0.19789420434305102,0.1809499422095402,0.32028992207239704,0.0800982921825838,2.9987110005079414,2.4644383046428513,0.11080869431549585,11.174674510594214,2.887804127917318,-0.034159096753479945,-0.13334447233201097,-0.04778400896643187,-0.031531891267268075,0.003715429629741828,0.19677580465073538,0.024345100993661748,2.4120308951610316,0.5083195560572753,0.121952147558955,0.014779353348710313,-0.0310620471165562,0.10389061393369763,0.27724591323772096,0.04343503837162309,-0.14496779106897578,2.4052834730076675,0.27454380190506694,-0.32232781087149887,2.0232456422298903,3.2789757021433927,0.10892373700442248,0.1510014516611834,0.10702068951468731,2.1679741934604966,2.1905477298994653,3.7916023572410564,0.12700002112197034,0.1061284494974317,0.3219219940257641,0,0,85.70964798978426
C019,MockCompany_019,Finance,2021Q4,163.9640800169625,24.75881410300277,20.82344162552567,382.7277635994863,261.91624802989435,120.81151556959196,267.85857204173846,122.27926759296918,17.547548899163708,6.529907877055656,488.4700351581727,0.1439924487508377,0.1061284494974317,-0.2399301941178558,2.269163554163298,1225.9216552501298,2.4197165852941325,103.63381570637743,0.3219219940257641,0.0541027055920943,2021Q4,0.1510014516611834,0.12700002112197034,0.1723630527038478,0.054407972470119526,2.1679741934604966,2.1905477298994653,0.10702068951468731,3.7916023572410564,2.9791283255738708,0.10892373700442248,-0.15384538609919707,0.14399244875083772,0.015286651489962111,0.08113464146958779,0.18533221640334738,0.03031411348141466,2.351016719735898,0.4326084824928266,0.11821928304788809,0.014190018796180459,0.012701576850292273,0.12188734787989247,0.23446654730264865,0.09261766374792418,0.001903047489735174,1.8406069430839784,0.3669458781802932,-0.22295342942945548,2.0088845453851394,2.2705604340969097,0.006553588150099543,0.09590085740190299,0.021153051594455737,2.8266311035363385,1.4900194356398107,2.0293361281325466,0.07113021682323423,0.2670072703845803,0.588663080797063,0,1,53.3934881630165
C019,MockCompany_019,Finance,2022Q1,165.03863306880365,15.82734641583223,11.739233754465328,378.8607011856572,279.8543713534686,99.0063298321886,284.1455258892429,190.69920773599944,3.491070720404005,7.799272971288238,457.9333511631008,-0.0625149585382116,0.2670072703845803,-0.0298128053995994,2.2695217966461696,1241.3505609486033,2.113157558583479,101.54261538998207,0.588663080797063,0.012207843091794,2022Q1,0.09590085740190299,0.07113021682323423,0.11857053760344662,0.03098562009122619,2.8266311035363385,1.4900194356398107,0.021153051594455737,2.0293361281325466,2.774703974731882,0.006553588150099543,-0.36073891301955874,-0.06251495853821165,0.013103385654996469,0.06638990859377814,0.16633473614725666,0.055167971149099215,2.5240997697906162,0.4549218829037068,0.09442497954322546,0.050851677405706924,0.028467189159317396,0.10018617369794817,0.2207906709411434,0.07838647796783843,-0.014599463444356194,2.5555547571483164,0.12360749714645827,-0.18612245568466987,1.906342942614958,3.411225108329959,-0.09694417622107943,0.2489770836760498,0.1621535270221076,5.28337675026128,2.4398896431491157,7.342208684165201,0.22961685277413726,0.2288211937388088,0.8645610126628009,0,1,92.61611313513212
C019,MockCompany_019,Finance,2022Q2,149.03909874129548,37.107320158563546,34.221888793499765,336.8493883776184,283.23977657798724,53.609611799631125,234.37564419691384,96.05993650268957,24.167215525259373,5.053972414492927,373.5681432655807,-0.1842303201617477,0.2288211937388088,0.3906286334761928,2.2897676454661404,1217.4589844656673,2.496608416273155,102.64230898382824,0.8645610126628009,0.0251250682175456,2022Q2,0.2489770836760498,0.22961685277413726,0.6383536019765934,0.10159403571495992,5.28337675026128,2.4398896431491157,0.1621535270221076,7.342208684165201,2.50651101904152,-0.09694417622107943,1.3445067280163134,-0.18423032016174767,-0.003906486955009336,0.0864316775137611,0.1734433992705468,0.06536988644249868,3.319173261941514,1.357528204447167,0.10028399061168664,0.058439990718547594,-0.03763420972888838,0.1356474999774897,0.21926604115089063,0.07807876636310229,-0.25909770324318704,3.967937015019382,0.31418643447707795,-0.4984167546388256,2.0404693169484536,5.061319221420991,0.0490090478862526,0.18592332073974427,0.09660787995924452,3.771142627065573,1.9343575297098576,7.5312071917106715,0.14794617286208017,0.2077503602273518,0.4620584878378789,0,0,85.20723772728138
C019,MockCompany_019,Finance,2022Q3,156.34336306843156,29.06787723748821,23.130402218509083,355.09600327345385,280.67022500069663,74.42577827275721,248.7736590089212,128.60789961838205,15.104000851836227,3.859657089497016,415.066656419155,0.1110868630039253,0.2077503602273518,-0.2026659409667354,2.123705221888693,1225.180228092865,2.014443621177281,102.36886889991828,0.4620584878378789,0.0405973176767014,2022Q3,0.18592332073974427,0.14794617286208017,0.3107848215362894,0.06513844708252485,3.771142627065573,1.9343575297098576,0.09660787995924452,7.5312071917106715,2.6548402712485166,0.0490090478862526,-0.21665382697327473,0.11108686300392523,0.0168855492049238,0.08673119967413266,0.1704506783697201,0.06413981399551627,3.5122811685809223,1.3516737857423975,0.09673378702262381,0.05801731398164008,0.0020835082637009235,0.15373752882809738,0.20242681846204313,0.06872411944128809,-0.047598832072991926,3.0699992668583387,0.3315402485852414,-0.2204533855813161,1.8159061635009504,3.7398081149235693,-0.028707337152169998,0.22339582177192285,0.18952689218182078,3.640831450282951,2.1610566204148034,10.965191700928436,0.16534641194813898,0.2366238523111397,0.5199930734115632,0,0,98.52508924695667
C019,MockCompany_019,Finance,2022Q4,151.85516143332197,33.92380857892836,25.108706078970545,337.7631567883661,264.982414715923,72.78074207244305,226.64811051964557,104.8783767979113,28.78063680841573,3.093772502407851,426.55088999162905,0.0276684079409084,0.2366238523111397,-0.2072219647774441,2.212822314357005,1227.746003581734,1.930199639608754,102.90798566210778,0.5199930734115632,0.0606483032895056,2022Q4,0.22339582177192285,0.16534641194813898,0.3449910699403607,0.074338202892356,3.640831450282951,2.1610566204148034,0.18952689218182078,10.965191700928436,2.808932445645677,-0.028707337152169998,0.1670549005614197,0.027668407940908413,-0.01752221933422432,0.061749515842429964,0.18854927089740497,0.06697369334926798,3.880495482786536,1.0243864628830528,0.11736033768940715,0.07505763962338027,-0.026997501938781397,0.12654288126195767,0.23505066916547013,0.024547997195257652,-0.21823422933399078,2.8274849165139293,0.38421537680157364,-0.3565469688606652,1.818381484962536,3.584101842236632,-0.11131635116692984,0.18801921280490208,0.21698456300642513,5.916635684776454,1.5077496509233106,5.146122812178933,0.14309185710914943,0.2640502942502617,0.84462589870716,0,1,81.47196664965321
C019,MockCompany_019,Finance,2023Q1,134.95119895669947,25.373418195104374,19.310417677963528,304.4441779778094,260.4279550846511,44.01622289315827,228.33313348335705,151.43968585369822,29.28232693302955,4.930589322491281,420.7942756907835,-0.0134957268544406,0.2640502942502617,-0.0706966896336572,1.8645086492234328,1228.7781874620837,2.0295687333389347,102.18877347898068,0.84462589870716,0.0274268551523589,2023Q1,0.18801921280490208,0.14309185710914943,0.4387113752217563,0.0634284347500566,5.916635684776454,1.5077496509233106,0.21698456300642513,5.146122812178933,3.1181218021092327,-0.11131635116692984,-0.2520468880706698,-0.01349572685444056,-0.046989704163481666,0.07344696983062496,0.21157885974815474,0.03028493239404123,4.652996628096564,1.1249159361629457,0.1663182155423995,0.051583579280896914,-0.014742694017838655,0.12431061812070153,0.23431142513189052,0.023276457816942004,-0.32830091417335494,4.804194500871392,0.29368742464439734,-0.30718315149883796,1.7315605401354537,5.912870693828814,-0.02900612765263344,0.14610047674476523,0.16762417503082203,5.222866633985781,2.0187390497977553,3.5612443910782794,0.10555302508897785,0.3920145212937088,0.9534211093933408,0,1,75.19663244266852
C019,MockCompany_019,Finance,2023Q2,131.03678725288552,19.14453708889505,13.83132929258843,306.66625490939515,257.38571059733573,49.28054431205942,229.9996911820464,113.9323535664849,21.964933362121894,5.375799856166903,359.2043731736733,-0.1463658278525845,0.3920145212937088,0.0271325863587828,1.9328744690097197,1195.2522746165823,2.093752804754599,103.3258389616046,0.9534211093933408,0.02157827167823,2023Q2,0.14610047674476523,0.10555302508897785,0.2806651080134906,0.045102221294709484,5.222866633985781,2.0187390497977553,0.16762417503082203,3.5612443910782794,2.741248321951835,-0.02900612765263344,-0.2454884500903053,-0.14636582785258456,-0.03000519202137017,0.06546611659642028,0.1858597080153336,0.03159337385533571,4.637869099027689,1.1139666283075875,0.16768587754457812,0.05150882078696576,-0.005276570940547856,0.10739266476002433,0.27510975702061546,0.0812557461028153,-0.19663030268345547,4.459803328786131,0.28471852412295384,-0.43108435197553835,1.767895228202486,5.805238959473181,-0.06943856453273434,0.1985955434120872,0.12202150439788739,7.040357631665908,2.238132652385614,8.70153714835725,0.15109638720831078,0.1262940961518483,1.0,0,1,84.2598935581197
C019,MockCompany_019,Finance,2023Q3,121.93778084506384,24.216299849588047,18.424358150039005,303.55263578676,265.7990121687984,37.75362361796158,223.90771812398555,100.04220164657592,14.87903146177661,2.782991031125836,289.3528237064298,-0.194461857048357,0.1262940961518483,0.2669266186845258,1.726645150414632,1190.523555168343,2.084778614565453,100.42530276542443,1.0,0.0369874015772862,2023Q3,0.1985955434120872,0.15109638720831078,0.4880156229767958,0.06069576072770811,7.040357631665908,2.238132652385614,0.12202150439788739,8.70153714835725,2.3729546470237413,-0.06943856453273434,0.2649195818704291,-0.19446185704835695,-0.059617095126116904,0.039419617806997626,0.18902776368341934,0.03223080805946987,5.455172850177774,1.422621949386785,0.17403928365423882,0.04012964828300764,-0.08166375095361843,0.10568849191803202,0.2547456910017396,0.10917496762589643,-0.19146006893062173,5.6421739819897825,0.25117848327724024,-0.44564034032559724,1.6911553842935325,6.76846807814163,-0.09837403992882943,0.16472025430981882,0.1804026265167527,16.323777702273727,2.23617975604476,4.132652549086738,0.13022347431230946,0.1297189408150238,1.0,0,1,79.56773477631629
C019,MockCompany_019,Finance,2023Q4,109.94226872337867,18.109718463678096,14.31706420706615,266.9551022819548,251.54535119570104,15.409751086253747,199.7606395339136,89.3312082768354,19.83387404308855,4.382105256718824,250.52202388209827,-0.1341987934554538,0.1297189408150238,-0.0367901779744206,1.5546821602954397,1207.1210256028312,1.7423533668556046,101.63765673796004,1.0,0.0466112489373855,2023Q4,0.16472025430981882,0.13022347431230946,0.929091205042798,0.053630981706770324,16.323777702273727,2.23617975604476,0.1804026265167527,4.132652549086738,2.2786688576542655,-0.09837403992882943,-0.2521682265184635,-0.13419879345545382,-0.07703377082028176,0.036492209523125034,0.17435887181789333,0.02356169918477949,8.625909413175467,5.186264389087159,0.17175821723797183,0.039204502600484914,-0.12213055130270897,0.07695525533685732,0.22801946312771065,0.12675914545253636,-0.27877666644558213,13.634920887858248,0.2467488408977421,-0.3809476343531959,1.5160987421837149,14.764639828673273,-0.028116222751653597,0.18179340350269896,0.13387354211981337,36.44337359276722,2.669808495996908,4.92578128273644,0.16155740553611775,0.2157261931375071,1.0,1,1,82.01024921196614
C019,MockCompany_019,Finance,2024Q1,106.85110740613,19.42482648357461,17.262587691356977,264.5808303626841,257.5146713887676,7.066158973916515,175.97928926433573,65.91457384510088,14.30453622801712,3.943501622113776,234.9706267074916,-0.0620759681469186,0.2157261931375071,0.0581945834220713,1.8323205923044952,1185.4047129542005,1.7270807853572026,99.94960676145163,1.0,0.0459704130840424,2024Q1,0.18179340350269896,0.16155740553611775,2.442994525404225,0.06524504314098793,36.44337359276722,2.669808495996908,0.13387354211981337,4.92578128273644,2.199047182657579,-0.028116222751653597,0.07261891025717326,-0.0620759681469184,-0.0562337387164627,0.03406909606168775,0.17280241949234254,0.022542095255664044,16.257593890173162,14.308420974636205,0.15098046201631887,0.027531466128119006,-0.13427561162582846,0.05471548192234543,0.21593843784952202,0.12446250021077718,-0.16198976487146696,29.81820867221769,0.2875507228708587,-0.3496266910177773,1.6014118960678543,31.033934865355196,-0.04775174390165493,0.26310060047431766,0.2676061693849803,25.189928620643464,2.1810774943549185,5.543253367259808,0.242036035990492,0.2215234249111482,1.0,0,1,92.23827765960975
C019,MockCompany_019,Finance,2024Q2,101.74878068966426,26.770165297243423,24.626871545234295,252.31985144619603,242.6856193306445,9.634232115551557,188.89770063694257,86.60751446185107,27.228601440221112,4.829323777587573,221.0778624086024,-0.0591255362151451,0.2215234249111482,0.0632053198154597,1.8953033866331068,1151.7209551474734,1.682832602807999,97.98778101708392,1.0,0.0,2024Q2,0.26310060047431766,0.242036035990492,2.55618416157168,0.09760179947786653,25.189928620643464,2.1810774943549185,0.2676061693849803,5.543253367259808,2.172781441781807,-0.04775174390165493,0.3781417980685666,-0.05912553621514527,-0.06092014277871807,0.030137804714554652,0.20205245042473066,0.04298429433922067,21.249359386837583,12.55047461766807,0.17597596060485843,0.06607921387512634,-0.11246553871646864,0.06475593993490442,0.17331566375388185,0.05239065854760601,-0.3153579132866352,18.562443274646967,0.482955025957643,-0.5420805621727881,1.5978638828486291,19.783966699558114,-0.03273565149018132,0.24382424927291088,0.23189627590139228,257.89355650473715,1.9296641333336058,7.27178186320129,0.1873978424808722,0.1815351614761386,1.0,0,1,90.3262234117106
C019,MockCompany_019,Finance,2024Q3,98.41796806545652,23.99668717876908,18.44331487700533,246.25814860948347,257.89355676263074,1.0,160.06930942895323,82.9519016609873,22.822760276393417,3.299973462203544,232.41004197536944,0.0512587712008114,0.1815351614761386,-0.1824191250185151,1.9010678312309897,1164.7906311554984,1.713444569255167,96.06190791195296,1.0,0.0298910140865929,2024Q3,0.24382424927291088,0.1873978424808722,18.443314858562015,0.07489423185008133,257.89355650473715,1.9296641333336058,0.23189627590139228,7.27178186320129,2.3614594625489023,-0.03273565149018132,-0.1036033243604938,0.05125877120081146,-0.05174441451807982,0.03219672810809562,0.2133596268899366,0.04748498953697478,83.96265910510539,116.2458482296176,0.20344465348073465,0.058586885574905,-0.05103538165417652,0.07652361709884631,0.18712593008495443,0.04214254306386234,-0.2646319273915736,195.01285369764858,0.44298487368412187,-0.39172610248331047,1.6145165295168042,196.19438885912473,-0.0776298544009486,0.22774611580069024,0.21084852226798928,282.57714316991945,2.2257696983769915,5.5652342931081416,0.209399176022953,0.3389560822101147,1.0,0,1,88.587757028482
C020,MockCompany_020,Bio,2021Q1,504.11287768565023,51.25838767396793,24.2119525817911,1036.6535571813126,465.1481647718422,571.5053924094705,777.4901678859844,249.1566714115089,29.80556019089139,9.180805311024516,1927.413984571912,0.064371111887096,0.1823293434759313,-0.091401363549644,1.9132030957234736,1200.4373247099156,2.6768513052679985,98.44694870352212,0.3291632280942349,0.0912101612240709,2021Q1,0.10168037743687527,0.04802883174280052,0.0423652215767746,0.023355876622466486,0.8138998703231138,3.1204870553064814,0.05912477445065017,5.58321257578924,3.823377798672238,0.029321658588051358,0.016305366076255545,0.03901112242922311,0.028748223617539495,0.04103992952872891,0.14908296294256101,0.02851283501543619,0.6270378788260513,0.06156726049581937,0.09118377837234426,0.043601873648594996,0.043950407107197303,0.10004747440174336,0.2019274246561828,0.07374245419873522,-0.05912477445065017,0.7311422243128357,0.16080515188752545,-0.09643404000042945,1.9666502377599897,1.242634795883002,-0.008018545060208493,0.07142221390267083,-0.02288083939971271,0.7225786028817953,2.7514029650066316,3.6300620145184266,0.03400277492786089,0.2970498600372373,0.3812998848445974,0,0,73.19886241007727
C020,MockCompany_020,Bio,2021Q2,500.0706258604965,35.71615120672227,17.003788939202998,1082.5818094309022,454.1159689641335,628.4658404667687,811.9363570731766,295.09903398263884,-11.442035678850722,9.83899202279342,1777.1653779296769,-0.0779534691793813,0.2970498600372373,0.2757548650822645,2.141687504383736,1202.4676266855213,2.559624228097808,102.03788184764706,0.3812998848445974,0.089028763745158,2021Q2,0.07142221390267083,0.03400277492786089,0.027056027303802282,0.015706701138942968,0.7225786028817953,2.7514029650066316,-0.02288083939971271,3.6300620145184266,3.5538287714221686,-0.008018545060208493,-0.3032135260691965,-0.07795346917938129,0.028748223617539495,0.04103992952872891,0.08655129566977304,0.02139575262128747,0.7682392366024546,0.06457388747430665,0.018121967525468727,0.05798672564895705,-0.006791178646142648,0.1006386764016406,0.23968960175658433,0.08111965520172311,0.014862294339504218,0.6709704393452788,0.040522829442749625,-0.11847629862213092,2.006199394374197,1.364182478566618,-0.0011209266787108874,0.11832184866150619,0.12249829096252735,0.7109570936592104,3.130201705405276,9.872657160249464,0.07383074254124637,0.2691668156422125,0.6212448641740582,1,0,100.0
C020,MockCompany_020,Bio,2021Q3,499.5100833547298,59.102956487713,36.8792003609934,1092.9691883413063,454.1634623583883,638.805725982918,819.7268912559798,261.87669945912234,61.18913152962647,5.986529818518171,1773.2037164630146,-0.0022292024793311,0.2691668156422125,-0.0241811226000932,2.1562548003043687,1221.542531574814,2.407910237792058,102.3457545995167,0.6212448641740582,0.0660865355571226,2021Q3,0.11832184866150619,0.07383074254124637,0.057731480575241176,0.033742214102968134,0.7109570936592104,3.130201705405276,0.12249829096252735,9.872657160249464,3.5498857291339494,-0.0011209266787108874,0.6547963453741066,-0.002229202479331116,-0.00456973586945969,0.004877352731593935,0.09714148000035076,0.023776987352953402,0.7491451889547065,0.05637944162986743,0.0529140753378216,0.07288828763129823,-0.005270519923872132,0.07121101602130052,0.2495153397184604,0.05983171909204664,-0.12361921764123823,0.6268353360184411,0.23969921294532265,-0.24192841542465374,1.9639205228061931,1.5172470158347118,0.006876444588508557,0.1060954212984618,0.08730697144548584,0.7277842304709622,2.7829349619705344,7.946929188971039,0.09383490062270845,0.257467836906467,0.2642825643607603,0,0,99.14875862394751
C020,MockCompany_020,Bio,2021Q4,502.94493676431983,53.36015495604484,47.19378816006817,1162.2762866426206,489.578697357946,672.6975892846746,871.7072149819654,313.233053194296,43.91059923282146,6.714562780067622,1734.6652801584578,-0.0217337894945477,0.257467836906467,0.2594315931626198,2.213995080419384,1227.3990990088637,2.258594889807136,101.43854461803323,0.2642825643607603,0.0754859989654982,2021Q4,0.1060954212984618,0.09383490062270845,0.07015602391288842,0.04060462103752688,0.7277842304709622,2.7829349619705344,0.08730697144548584,7.946929188971039,3.449016290560399,0.006876444588508557,-0.09716606195262067,-0.02173378949454774,-0.0007543423834702745,0.00745425832615055,0.09937996532487853,0.019923353581015806,0.7438049493337704,0.047256395642986594,0.06151229936473766,0.061947715655086014,-0.009386337316541024,0.05872335435267468,0.25150346401546203,0.049013946578714024,-0.08043052685697728,0.6505696559247686,0.20027883733245622,-0.22201262682700393,1.933626219281941,1.1723200571919958,-0.01686946702966119,0.046632873877013245,0.04844182797390508,0.6844443031992357,3.189593807505678,3.7771825257406166,-8.131759652110876e-05,0.04,0.9652828705617296,0,1,74.75132357995861
C020,MockCompany_020,Bio,2022Q1,494.4605237358391,23.05811524058193,-0.0402083413648484,1156.0896874047965,469.7567019754943,686.3329854293022,867.0672655535973,271.84253477983475,23.95257163074697,6.104580617872998,1739.0844876360486,0.0025475851324971,0.04,0.1350960189458408,2.324018206297741,1220.0943807961976,2.39095762566777,101.8379570163828,0.9652828705617296,0.066933094472132,2022Q1,0.046632873877013245,-8.131759652110876e-05,-5.858430560442822e-05,-3.4779603868860535e-05,0.6844443031992357,3.189593807505678,0.04844182797390508,3.7771825257406166,3.5171351486122298,-0.01686946702966119,-0.5678776559105584,0.0025475851324971988,-0.004783123545018003,0.010097934873984086,0.085618089434913,0.03271201054670752,0.711441057552801,0.01932358820772685,0.058841562745551385,0.06231416113922822,-0.02484221900519075,0.03693244786628598,0.2159211281464792,0.11845019588025593,-0.06531129500356628,0.6525266983323055,0.07820523482125713,-0.07565764968876003,2.016269855426788,1.657809568894035,-0.0744085475896119,0.08606033590692629,0.08524445145181629,0.6932663647256184,2.6677764700121567,3.7547535726849466,0.03198340745524995,0.3188920516688396,0.2661196289411419,0,0,89.58172359909413
C020,MockCompany_020,Bio,2022Q2,457.6684343242565,39.38709919202861,14.63779601443098,1091.4022394275908,446.84786678832126,644.5543726392696,818.5516795706931,306.829184817083,39.0136946308681,10.4899292126138,1494.958088983393,-0.1403763879145967,0.3188920516688396,0.0749960269935332,2.2177943540091136,1243.762562522508,2.557162727068038,103.74968350466368,0.2661196289411419,0.0413693007278319,2022Q2,0.08606033590692629,0.03198340745524995,0.022709947578930537,0.013411916785230965,0.6932663647256184,2.6677764700121567,0.08524445145181629,3.7547535726849466,3.2664653641394765,-0.0744085475896119,0.7081664646513655,-0.14037638791459672,-0.021380624177368857,0.03670253614399002,0.08927761993597688,0.03138646708315513,0.7041129980137566,0.019249899572390247,0.08587288545843363,0.030248724075946896,-0.040447948688994595,0.0674418297766148,0.22138167605437978,0.12381870662550735,-0.1596529990414282,0.633603628504358,0.09689623976913067,-0.23727262768372737,2.0443637471337555,1.2186153091143395,0.005532165258546717,0.12131040261382012,0.04811667868350605,0.7814332836326424,2.820206599859863,5.904511422618782,0.07536290467881071,0.2977177760166056,0.4325394606410199,1,1,92.48592018266471
C020,MockCompany_020,Bio,2022Q3,460.2003317365586,55.82708752609681,34.6820337338947,1140.7936666493238,500.4139919627299,640.379674686594,855.5952499869928,303.3803445558519,22.143311492259,9.454988486656488,1585.0078587695948,0.0602356483768969,0.2977177760166056,0.0406396805211232,2.019129676225833,1216.8100423366268,2.241551906800353,103.7533561615576,0.4325394606410199,0.1140225596531901,2022Q3,0.12131040261382012,0.07536290467881071,0.05415854859980395,0.030401671001321785,0.7814332836326424,2.820206599859863,0.04811667868350605,5.904511422618782,3.44416930945084,0.005532165258546717,0.417395255586515,0.0602356483768971,-0.019717351193054455,0.03805261910655683,0.09002475842405537,0.03232970784500194,0.7217320455071147,0.043975513964517585,0.06727748238867831,0.02195382035890667,-0.024831735974937603,0.08435293112674289,0.22851941614797805,0.12823573031553986,-0.042584513424959336,0.6866372973793271,0.1749592465558729,-0.11472359817897598,1.8562815667601529,1.4168945340369525,0.08200173578242165,0.018329232066197493,-0.03891113705438634,0.8381148215271573,2.797895710162671,0.6304335754539233,-0.03849216789185123,0.2131750095855774,0.2324412667858167,0,1,54.39959971731133
C020,MockCompany_020,Bio,2022Q4,497.9375577466027,9.126813050431425,-19.16669607247909,1255.3251797346736,572.3835239512356,682.941655783438,941.4938848010052,336.50070707727286,-19.37531655404338,14.477041523731543,1900.1992707703748,0.1988579490359471,0.2131750095855774,0.0074944801698231,2.239621161867068,1224.5643993044275,2.057757203127793,101.9919081916181,0.2324412667858167,0.0295066326547065,2022Q4,0.018329232066197493,-0.03849216789185123,-0.02806490995261361,-0.015268311654925069,0.8381148215271573,2.797895710162671,-0.03891113705438634,0.6304335754539233,3.8161396769623837,0.08200173578242165,-0.8365164035081532,0.19885794903594722,-0.0009360283945761827,0.0647368926229254,0.06808321111598928,0.045062498560142744,0.7493146932711634,0.0736357007298382,0.035722955263710277,0.05271938424045844,0.030316198657686103,0.14048552724974436,0.21744620931775566,0.12680718131478438,0.12091287283680799,0.8227528204652663,0.0614198307942328,0.1374381182417143,1.8714517475395294,1.3892819696734684,0.03506206812245449,0.057794834420247666,0.07164615547501205,0.932061889545453,2.848014759957281,4.438911645270133,0.045758171179996206,0.1346521678099636,0.2630570048485662,0,1,84.02742474042735
C020,MockCompany_020,Bio,2023Q1,515.3962783170427,29.78724256620316,23.583591128809967,1274.7836338977413,614.9788725726672,659.8047613250741,956.087725423306,335.7032199632276,36.92616188761707,6.71048332162771,2063.688979778816,0.0860381916377433,0.1346521678099636,0.5477130193008657,1.8385505689089368,1220.5566119276643,1.8500111852283816,103.26990297143048,0.2630570048485662,0.1089004081737494,2023Q1,0.057794834420247666,0.045758171179996206,0.03574328727396832,0.018500073660879194,0.932061889545453,2.848014759957281,0.07164615547501205,4.438911645270133,4.004082036668,0.03506206812245449,2.2637068823048936,0.08603819163774307,0.012046855393452738,0.06567689395749998,0.07087370125179789,0.04361373146163984,0.8112190898577177,0.10021044895114631,0.041524037138987016,0.05577364016208066,0.05118885028399765,0.14118513184328907,0.24110925127024654,0.08439613259143586,-0.036584087352557554,0.8781935269697504,0.1645030580177142,-0.0784648663799709,1.6571635975263606,1.27590269962828,-0.008481445478550453,0.10398861563347488,0.08026325068467492,0.9077072233221077,3.334602816749355,4.599420428583373,0.04401414541886295,0.249963874071069,0.282434204326122,0,0,94.0890352588257
C020,MockCompany_020,Bio,2023Q2,511.0249728826489,53.14077948430469,22.492327469171418,1278.0467441405588,608.1081243590376,669.9386197815212,958.535058105419,287.45104313097346,41.01652550468952,11.553799072043669,2340.579245455524,0.1341724786970489,0.249963874071069,0.5770529298045982,1.8742603812319287,1214.6243656699548,2.090272756900962,102.53679195132196,0.282434204326122,0.0731570284309392,2023Q2,0.10398861563347488,0.04401414541886295,0.03357371377764875,0.017598986556848602,0.9077072233221077,3.334602816749355,0.08026325068467492,4.599420428583373,4.580166077301336,-0.008481445478550453,0.7840113721905442,0.13417247869704907,0.0285286309212181,0.04000267463245801,0.07535577118343503,0.04651910215131416,0.86482930450684,0.06837956885752824,0.040278736947201674,0.05451344103053879,0.11982606693690905,0.06094942280256405,0.2238772068708039,0.0688200273165055,-0.08874469616322538,0.8133160057683364,0.17577042083959935,-0.04159794214255044,1.751973908047498,1.3457140841655275,0.04972344405427376,0.06432696340249114,-0.0075524949369861274,0.9351443519767434,3.2781274891779657,2.764956812862644,0.012037671497458139,0.194377446238852,0.4077973927210236,0,0,71.82158709163465
C020,MockCompany_020,Bio,2023Q3,536.4348945321161,34.50722782845095,6.457427040163254,1309.4748650632685,632.7941493715894,676.6807156916791,982.1061487974514,299.59364058792283,-4.051421824984047,12.480204994579864,2515.940147827421,0.0749220103153432,0.194377446238852,-0.3236287259602352,1.7579452206712736,1195.0497353231306,1.6534852299659275,101.38985184386708,0.4077973927210236,0.0697495776220925,2023Q3,0.06432696340249114,0.012037671497458139,0.00954279749727042,0.004931310414916843,0.9351443519767434,3.2781274891779657,-0.0075524949369861274,2.764956812862644,4.690112767584142,0.04972344405427376,-0.35064505708572113,0.07492201031534318,0.03957645062014986,0.03756242503540475,0.061109911380602795,0.035071873631025534,0.9032570715928654,0.045128825900962864,0.026361443542078623,0.058784280633998875,0.12349765742152062,0.05643855192468394,0.1980421244263655,0.04815457321811537,0.057275938991259885,0.8749893554710891,0.10649791251977878,-0.03157590220443558,1.5525155783199596,1.5344401334222246,-0.01785072501516871,0.0915995451820765,0.052397882534341744,1.046327880980941,2.798007492235412,4.097182176487617,0.04708298211435127,0.3406488732971471,0.2052131807203296,0,1,85.63903385269865
C020,MockCompany_020,Bio,2023Q4,526.8591427412823,48.26005785021178,24.80609959451732,1244.9202419284454,636.552319320351,608.3679226080944,933.690181446334,333.69824206495707,27.6063034735541,11.778841107691823,2288.577114771489,-0.0903690150388772,0.3406488732971471,0.0498603781928902,1.9152455142159237,1179.4165588679984,2.0516946752776266,98.98253581070487,0.2052131807203296,0.0621307012520502,2023Q4,0.0915995451820765,0.04708298211435127,0.04077483159883239,0.019925854491747576,1.046327880980941,2.798007492235412,0.052397882534341744,4.097182176487617,4.343812091519434,-0.01785072501516871,0.39854925727825985,-0.0903690150388774,0.014613335420752271,0.0328539927666703,0.07942748965957255,0.021965165684883232,0.9553103364563114,0.06190693823570415,0.049188698439260645,0.0395804120834298,0.05119091640281455,0.09781385600576996,0.22991059035425793,0.08756306849602713,-0.07024860754951046,0.950484722971761,0.12614670270124953,-0.21651571774012673,1.742254033983142,1.4963467769892378,0.12808624868471719,0.06300420224145023,0.014271250020005457,0.8263997331190455,3.147916965559462,3.2756693118811295,0.052829453186000006,0.2993710894902064,0.2143320160555932,0,0,78.10535448421375
C020,MockCompany_020,Bio,2024Q1,594.3425539202591,37.44607846795505,31.39879212883084,1424.4806014195187,644.5414809806284,779.9391204388903,1068.3604510646392,339.38647770895614,8.482011184538862,11.431580815822674,2518.7339252136085,0.1005676448290009,0.2993710894902064,-0.0303799557050984,1.623164638097715,1161.34199635854,2.057553587046812,99.03684649824396,0.2143320160555932,0.07492758127178,2024Q1,0.06300420224145023,0.052829453186000006,0.04025800386974016,0.022042274284057906,0.8263997331190455,3.147916965559462,0.014271250020005457,3.2756693118811295,4.237848877883478,0.12808624868471719,-0.22407721548575144,0.10056764482900116,0.037869380561317945,0.06716331179873626,0.08072983161487318,0.020350051018230356,0.9288947973497095,0.09089139590558819,0.034844972075509,0.039122661573093145,0.054823279700628946,0.09978911721962762,0.2710903207743186,0.06316482665226512,0.11381499866471173,0.7743330772013326,0.20536170094617287,-0.10479405611717198,1.6366539777081466,1.401851181411844,0.07858209402242888,0.10459188322199996,0.0673397122950493,0.8037018586930192,2.915058746106725,10.159729834787711,0.051292177970856875,0.1637158738155506,0.4700627536872821,0,0,95.99549472567793
C020,MockCompany_020,Bio,2024Q2,641.0472363739514,67.04833768671472,32.88070893586996,1557.828563766671,694.1444929997397,863.6840707669314,1168.3714228250033,400.8054466766867,43.16793646502568,6.599421319942605,2900.559737069132,0.1515943419165013,0.1637158738155506,0.4188513947229001,1.7629147876168565,1185.9460762238657,1.9031479176454904,98.53883499803058,0.4700627536872821,0.077889531354934,2024Q2,0.10459188322199996,0.051292177970856875,0.03807029682350699,0.021106756995356822,0.8037018586930192,2.915058746106725,0.0673397122950493,10.159729834787711,4.524720757664388,0.07858209402242888,0.790530288614659,0.15159434191650156,0.05963526543656278,0.060955837402996205,0.08088064851200445,0.02058080998782696,0.9028934561924373,0.11151056329247379,0.0316140874781026,0.03436607627043902,0.05917874550549204,0.10466783415154056,0.24952832071043904,0.08404889787183246,0.011242381727379583,0.7196411677432947,0.25051368953947817,-0.09891934762297686,1.638905769708981,1.364662176973507,0.040001856309018535,0.07563121818619103,0.06074527247283288,0.7047778964176504,2.9262374663860515,4.372373517881026,0.03354055697729311,0.4074838401655446,0.4566725235401786,0,0,85.93214062359145
C020,MockCompany_020,Bio,2024Q3,666.6903158106757,50.42260073777344,22.36116452369104,1681.0509136994517,694.9688456299175,986.0820680695342,1260.7881852745888,430.8564153642512,40.49828488897924,11.532089042071885,3123.4677263569038,0.0768499908617667,0.4074838401655446,0.3912152126212583,1.816433523716724,1169.0169368461477,1.868983890465066,97.19812197041782,0.4566725235401786,0.0762292625322045,2024Q3,0.07563121818619103,0.03354055697729311,0.02267677838158553,0.01330189605885762,0.7047778964176504,2.9262374663860515,0.06074527247283288,4.372373517881026,4.685035393913251,0.040001856309018535,-0.24796643022867337,0.0768499908617668,0.05720486850024897,0.0616723643519648,0.08370671220792943,0.01818694314842436,0.845301842302664,0.14404431721023278,0.04868852933055735,0.023745456389975786,0.05966074064209792,0.10476888813995135,0.30280491919211217,0.10287110881851295,-0.020743416163814345,0.6514746855608824,0.17637834696804244,-0.09952835610627574,1.6406011760174708,1.5156310492666054,0.0311638889711352,-0.007352498148385558,-0.07752625234699283,0.6777009909957136,3.0722834373931533,-0.43106166854498423,-0.02095228645528893,0.1385635653007879,0.6515786030490069,0,1,40.44224314337084
C021,MockCompany_021,Bio,2021Q1,742.8432596412366,161.75982581283802,128.21785384910763,1482.211379240374,539.2097373300016,943.0016419103724,1091.6592928215844,440.58445315498943,80.83044924008253,13.137616631467326,3403.779423434321,-0.0625114428893517,0.1082186806830829,-0.1988639715172204,2.1000887585849743,1217.38720829701,2.970012890387149,100.60652500941968,0.4121634994217957,0.0754734711767909,2021Q1,0.21775768133205348,0.17260418289432833,0.13596779491202426,0.08650443225900217,0.5718014830144686,2.477752641977771,0.10881225371690331,12.312722340601479,4.582096396854468,0.029321658588051358,0.016305366076255545,0.03901112242922311,0.028748223617539495,0.04103992952872891,0.14908296294256101,0.02851283501543619,0.6270378788260513,0.06156726049581937,0.09118377837234426,0.043601873648594996,0.043950407107197303,0.10004747440174336,0.2019274246561828,0.07374245419873522,-0.10881225371690331,0.44728731789100845,0.3265699350489568,-0.38908137793830855,2.139751739629346,0.9676694979958871,0.039614306814093725,0.22215408204203027,0.14441408110930537,0.5915370232533013,2.6625550380708995,15.36369997956198,0.1875157554525508,0.1062843851178984,0.3148571446508952,1,0,100.0
C021,MockCompany_021,Bio,2021Q2,772.2704804434461,171.5630396712936,144.81288255424468,1451.441648583543,539.466854798336,911.9747937852068,1088.5812364376573,408.8483508771726,111.52673180122648,11.166778828287246,4145.058577212793,0.2177811960066853,0.1062843851178984,-0.2090803927878658,2.1825769353130986,1220.4854362631663,2.699904791026124,101.33224550953392,0.3148571446508952,0.0620448381966853,2021Q2,0.22215408204203027,0.1875157554525508,0.15879044414487734,0.09977175637440701,0.5915370232533013,2.6625550380708995,0.14441408110930537,15.36369997956198,5.367366333654613,0.039614306814093725,0.06060351393922914,0.21778119600668533,0.028748223617539495,0.04103992952872891,0.2199558816870419,0.0031087247548379333,0.581669253133885,0.013955134333258519,0.12661316741310435,0.025174293571800465,0.0776348765586668,0.19819682568006003,0.10725153290049064,0.0013677535109610198,-0.10479977429521165,0.460124658858589,0.40618246996542934,-0.18840127395874404,2.0750142350976777,0.8812661886273826,0.007457574870626038,0.18229137603797999,0.16344757723520723,0.6172032225721303,2.3098042293839636,16.731997525875983,0.1404060658507978,0.2502519422206251,0.2820207899046896,0,0,100.0
C021,MockCompany_021,Bio,2021Q3,778.0297453717275,141.82811288247368,109.2400956626826,1435.1118333290517,547.7083126720022,887.4035206570495,1011.2025023461642,437.7871031145991,127.16707689809748,8.476460305854394,4244.793260950978,0.0240611035719664,0.2502519422206251,-0.0506452250075622,2.0546656403475305,1229.4414787893515,2.6090642603706207,102.46573591700742,0.2820207899046896,0.0658558770836532,2021Q3,0.18229137603797999,0.1404060658507978,0.12310081391346767,0.07611957000535666,0.6172032225721303,2.3098042293839636,0.16344757723520723,16.731997525875983,5.455823875882075,0.007457574870626038,-0.1733177894597263,0.024061103571966447,0.02353594084235988,0.02273824321802407,0.2074010464706879,0.021856434904395462,0.5935139096133001,0.022765336555291636,0.13889130402047198,0.027733201114677333,0.059776952229766665,0.14351901350983506,0.15491833600720212,0.08256698934850035,-0.1559900023645812,0.5046923978343811,0.35319652814381325,-0.32913542457184686,2.0011379088881585,1.0369651299596958,0.0918829464624702,0.20436364270949603,0.27095187199261606,0.5417787026309959,2.7462569631810605,19.582616155542794,0.18712526556480236,0.2468484513447825,0.1095499877707342,1,0,100.0
C021,MockCompany_021,Bio,2021Q4,849.5174108119272,173.6104726188692,158.9661711002923,1527.8332490786656,536.8782913594252,990.9549577192404,1145.874936808999,417.2497155834086,230.1783327500829,8.865540294530398,4601.729246773037,0.0840879552617111,0.2468484513447825,-0.4105217815425242,2.2324148637601597,1208.5676496842634,2.525324191800029,101.90712511188276,0.1095499877707342,0.08224065359681,2021Q4,0.20436364270949603,0.18712526556480236,0.16041715101360898,0.1040468069378973,0.5417787026309959,2.7462569631810605,0.27095187199261606,19.582616155542794,5.416874555130674,0.0918829464624702,0.2240906904171538,0.08408795526171109,0.04631827604906332,0.04261007210429015,0.20664169553038994,0.017910209934248206,0.5805801078677241,0.031853413360150205,0.171906446013508,0.06980510033414045,0.06585470298775278,0.11781154885237533,0.17790086484159723,0.08159447497561005,-0.17906892553014586,0.4310588334189008,0.5671984611645823,-0.4831105059028712,2.027778964351345,0.7874572725344176,0.022044436582327798,0.1708752858953896,0.0412219868259026,0.542573304802541,2.570965235774331,13.827672972348191,0.13801875293107896,0.1811696005749608,0.1987962563295664,0,0,100.0
C021,MockCompany_021,Bio,2022Q1,868.244543500154,148.36153459787172,119.8340291332432,1578.5208336112194,555.2172222390925,1023.3036113721269,1183.8906252084146,460.4848827717719,35.79076513386639,10.729320463445235,4610.634301213136,0.0019351539307411,0.1811696005749608,-0.0352158577837815,2.093970315246942,1228.6562576740494,2.413419578337675,103.06200151476986,0.1987962563295664,0.1016483406639204,2022Q1,0.1708752858953896,0.13801875293107896,0.11710505836331712,0.07591539280417361,0.542573304802541,2.570965235774331,0.0412219868259026,13.827672972348191,5.310294588919588,0.022044436582327798,-0.14543441786733124,0.0019351539307410626,0.04024981618237944,0.03684721134318601,0.19492109667122395,0.022865607558313853,0.5732730633147421,0.03740677769514572,0.15500887929075782,0.094116409878007,0.08196635219277598,0.0969676638762868,0.1961385948145667,0.06781738642747898,-0.0191775502435748,0.4498609362252004,0.23414170930362,-0.2322065553728789,1.9461833400568305,0.8298267931297276,0.06414181552881693,0.136626021738705,0.08564924610269625,0.4227426205459128,2.3591223222745525,14.654744284837598,0.09782662568506703,0.2065224223385191,0.5156275073254539,0,0,100.0
C021,MockCompany_021,Bio,2022Q2,923.9353248432428,126.233607777327,90.38547518074856,1665.795178682497,494.96135770446153,1170.8338209780354,1174.2614361872852,497.7535183732056,79.13436402055916,8.613838993647862,5326.348784537539,0.1552312407722484,0.2065224223385191,0.0462331150749275,2.297992487727124,1231.1711441856935,2.406619424190422,103.14802855951945,0.5156275073254539,0.055247238696064,2022Q2,0.136626021738705,0.09782662568506703,0.07719752672088806,0.05425965709192505,0.4227426205459128,2.3591223222745525,0.08564924610269625,14.654744284837598,5.7648502458063895,0.06414181552881693,-0.1491486784665691,0.15523124077224848,0.04638169336106024,0.038700452370239516,0.17353908159539266,0.028263203530395027,0.531074462637895,0.08041715286307326,0.14031767053910552,0.10067915761485968,0.06632886338416674,0.06868316481322533,0.22119810411972185,0.033265209819147615,-0.021507430573879327,0.3649849780813298,0.2864170833702182,-0.1311858425979698,2.015965512426849,1.0871349077453027,-0.006245823440678033,0.17967084570091352,0.19468002121313244,0.45258235929997054,2.260944885012175,17.72603930961997,0.1403182694244792,0.1742681321086428,0.4622003394103846,0,0,100.0
C021,MockCompany_021,Bio,2022Q3,918.1645879336664,164.96740800685228,128.83526602583245,1639.3522893453926,510.77443016295166,1128.577859182441,1229.5142170090444,543.8054793627412,178.74830145626785,9.306501306222309,5241.844916508305,-0.0158652524360685,0.1742681321086428,0.0552455077248035,2.15764309211854,1218.7543124972392,2.437593927887992,103.28316829618076,0.4622003394103846,0.0875391367985117,2022Q3,0.17967084570091352,0.1403182694244792,0.11415718018697313,0.07858912746399305,0.45258235929997054,2.260944885012175,0.19468002121313244,17.72603930961997,5.709047141863085,-0.006245823440678033,0.30684221826132685,-0.01586525243606851,0.04295584378323422,0.043592039732516345,0.17288394901112603,0.02802204548580599,0.489919246819855,0.06155917279683879,0.14812578153358685,0.1042197750460379,0.05634727438215802,0.07899981448541576,0.20220215159172628,0.03283613085063193,-0.20092584465381047,0.37126650405523015,0.3681050434733679,-0.38397029590943643,1.9739592507514578,1.0077349755742575,-0.000527484007384782,0.18436452439182902,0.17973020355719732,0.5217131167134618,2.1651259053970735,17.508847675226182,0.16347186450941742,0.1677540911195084,0.5107447759833608,1,1,100.0
C021,MockCompany_021,Bio,2022Q4,917.6802707973844,169.187686669509,150.01490489091898,1573.1925544489136,539.3626313382334,1033.8299231106805,1179.8944158366853,544.9541815990297,164.9348618710176,9.662982384122806,5934.054028778764,0.1320544814461151,0.1677540911195084,-0.0076717751595051,2.127965317610957,1222.4199625172128,2.052564130131492,101.8927597674191,0.5107447759833608,0.0247388573910422,2022Q4,0.18436452439182902,0.16347186450941742,0.14510598072011258,0.09535698886101934,0.5217131167134618,2.1651259053970735,0.17973020355719732,17.508847675226182,6.466363304962545,-0.000527484007384782,0.025582499680672832,0.1320544814461153,0.019853236165770477,0.031952121934647755,0.16788416943170928,0.021575807532075802,0.4849028503404715,0.0565372600961042,0.12532036442473216,0.07397640914035074,0.06833890592825902,0.08776816238136358,0.1824285615354078,0.016970875065986255,-0.1802576875645821,0.4255277260816056,0.3635672439416415,-0.23151276249552644,1.829911295465021,1.1040265931844748,-0.0068170102339589755,0.17440975908039294,0.05283336856552076,0.5469667917982978,2.078453986761947,13.291292272389462,0.15486586845777175,0.1890117610464382,0.4322131556123212,0,0,100.0
C021,MockCompany_021,Bio,2023Q1,911.4244349998564,158.96131612848262,141.14853666004157,1535.2090368345414,542.8095587246302,992.3994781099112,1151.406777625906,553.9727051728581,48.15362309402177,11.959808937871909,5588.177113979727,-0.0582867822102083,0.1890117610464382,-0.0790484776828202,2.1427559555761184,1245.33374556017,1.648397977795488,102.18743849556157,0.4322131556123212,0.1143197480772761,2023Q1,0.17440975908039294,0.15486586845777175,0.14222955550997046,0.09194092353115953,0.5469667917982978,2.078453986761947,0.05283336856552076,13.291292272389462,6.131256634538745,-0.0068170102339589755,-0.06044394094117822,-0.05828678221020833,0.012637874461698784,0.0344532010803748,0.16876778772796014,0.02181024093840145,0.48600122208941077,0.05805345573103866,0.1282232098596367,0.06967938177912682,0.05328342189302166,0.10618802067159866,0.1843891016532771,0.017227985608721477,-0.059650378799479736,0.45157044541578123,0.22042611741195473,-0.278712899622163,1.700504000348113,1.0727953620745407,0.015718681382856037,0.12340847662798564,0.0830630337898335,0.4883776861210092,2.0663975131825363,15.278390764373903,0.10173989169222586,0.1768532009397612,0.3012260895494368,0,0,100.0
C021,MockCompany_021,Bio,2023Q2,925.7508252981688,114.24549908727089,94.18578869992614,1658.5441373885433,544.2139825805044,1114.330154808039,1243.9081030414077,601.9694154216977,76.89567208279111,7.477587190556072,5182.2067857124,-0.0726480782528753,0.1768532009397612,-0.0910101747128343,1.9357645965146295,1186.7188185116154,1.772520717995762,101.3001387269404,0.3012260895494368,0.0937419975704089,2023Q2,0.12340847662798564,0.10173989169222586,0.0845223368437576,0.05678823166453041,0.4883776861210092,2.0663975131825363,0.0830630337898335,15.278390764373903,5.597841929050078,0.015718681382856037,-0.2812999925407611,-0.07264807825287545,0.0005320909252085615,0.010515142093905326,0.1654634014502803,0.02832994844824774,0.5024099884831849,0.0409781145683873,0.127576656781421,0.07021603740008517,-0.0036864078632592515,0.09364974843778547,0.17697179630358767,0.00889289425719624,-0.06734435240697746,0.42810773985771494,0.22219019180067517,-0.29483827005355046,1.6539155056321215,0.9061870303469128,-0.021695189735815523,0.1836413079232657,0.09499579586147444,0.5179555177439235,2.4204481243036,14.9076421468108,0.1723386853044028,0.1649941354412696,0.0632277260372742,0,0,100.0
C021,MockCompany_021,Bio,2023Q3,905.6664854952372,166.31777793879633,156.0813714346805,1713.7730172658223,584.7722018714314,1129.0008153943909,1285.3297629493668,531.0296676227075,86.03450857477955,11.15654483022784,4476.173537313335,-0.1362418131105137,0.1649941354412696,0.1100860423424153,1.7479747687621592,1214.1503972966443,1.7208407896347704,102.13423241708595,0.0632277260372742,0.0688411574354808,2023Q3,0.1836413079232657,0.1723386853044028,0.1382473504946219,0.09107470467915516,0.5179555177439235,2.4204481243036,0.09499579586147444,14.9076421468108,4.942408280528045,-0.021695189735815523,0.45579282569152246,-0.13624181311051375,-0.003330250648575811,0.015493501782654665,0.16645601700586832,0.02905398197770313,0.518753278094173,0.024000527837818048,0.10265560044350651,0.054360802387842765,-0.03378054803187055,0.11562988117634157,0.17465329713674435,0.010830566481277082,-0.11669098559728996,0.4228374890193571,0.25694191404892464,-0.39318372715943833,1.5783305646279184,0.6510593504979009,0.052121856682760814,0.10256678230487981,0.009399357920866304,0.5583769501405558,2.2916216858349547,11.885815735193827,0.046252616251360255,0.3428102241572712,0.2609157006566397,0,0,90.22744703771676
C021,MockCompany_021,Bio,2023Q4,952.8715042545996,97.73296414150744,44.07280002319064,1731.4469735032826,620.3891043872393,1111.057869116043,1298.585230127462,566.666495675105,8.95638032109266,8.222655163686824,5071.51054262923,0.1330013236424308,0.3428102241572712,0.2985630289899988,1.883381491491583,1195.9182361282974,1.788716555999638,98.87870820578264,0.2609157006566397,0.0449034354095621,2023Q4,0.10256678230487981,0.046252616251360255,0.03966742079619603,0.025454316937001842,0.5583769501405558,2.2916216858349547,0.009399357920866304,11.885815735193827,5.322344639313341,0.052121856682760814,-0.41237211467873014,0.13300132364243078,0.009832084523960588,0.0321156152586854,0.146006581484131,0.0392462466465959,0.5279192364509465,0.03137563588134514,0.06007288903442375,0.03815919980494831,-0.033543837482791626,0.11608261404742054,0.21841733039618505,0.08350627550011017,0.04272249876189451,0.5011060230514267,0.16408799690850692,-0.031086673266076115,1.6440097874604165,1.1475544466272323,0.05538394340262287,0.19522337191784445,0.14013780930092992,0.5546657516947046,2.1748006240188578,31.379385476384854,0.17120885033802555,0.1636912113316651,0.6102610943771413,1,0,100.0
C021,MockCompany_021,Bio,2024Q1,1005.6452857162084,196.32546363099752,172.17537321549847,1825.477607340738,651.2846302649433,1174.1929770757947,1369.1082055055535,629.5327444652725,140.92892727421733,6.25651078308613,5657.092688691693,0.1154650357403927,0.1636912113316651,-0.2618675636611015,1.6414795331092489,1191.1906048118965,1.7367764835481645,100.33501633293028,0.6102610943771413,0.1086652852690893,2024Q1,0.19522337191784445,0.17120885033802555,0.1466329441384811,0.09431798698764671,0.5546657516947046,2.1748006240188578,0.14013780930092992,31.379385476384854,5.625336059381172,0.05538394340262287,1.008794733235944,0.1154650357403928,0.02538232293310605,0.036169868044409775,0.1512099846934939,0.04519606904267508,0.5298439764250482,0.03312119058839726,0.08189899921827604,0.05422434277116253,0.009894117004858632,0.13474609119552905,0.2120871929674918,0.08734962732856498,-0.08475386589830705,0.4463820333615185,0.3907451246213972,-0.2752800888810045,1.5397467872736637,1.220334339070325,0.011438839481148433,0.16153730978993575,0.06718673163441345,0.6106891528365702,2.3818220048675043,12.255037300998001,0.14814487064474913,0.138389753388745,0.1648246580311082,0,1,100.0
C021,MockCompany_021,Bio,2024Q2,1017.1487007144898,164.3074647699087,150.6853626939709,1788.031735163417,677.9281922085769,1110.1035429548397,1341.0238013725625,563.0243564085214,68.33889678726393,13.407341056748406,6352.727398588725,0.1229668220369764,0.138389753388745,0.0193362478654446,1.8498391329709185,1162.8307642310322,1.807006917397648,99.48016981803896,0.1648246580311082,0.1089223650024358,2024Q2,0.16153730978993575,0.14814487064474913,0.13573991692049325,0.08427443413363955,0.6106891528365702,2.3818220048675043,0.06718673163441345,12.255037300998001,6.245623077648377,0.011438839481148433,-0.16308632751413277,0.1229668220369764,0.02431236245767915,0.03661162640536218,0.1607421929839814,0.041224312341500924,0.5604218431039385,0.038155407624092974,0.07792992367942103,0.05468979077590389,0.058797842077321555,0.13022474495896671,0.20247133107973775,0.0943572844568151,-0.05574789215326502,0.5120400699694557,0.24016288090549764,-0.11719605886852125,1.628745346898308,0.815254481389309,0.010833755007161994,0.1449946016334958,0.15665810391171003,0.661381951236235,2.4633076642309315,11.978278241325388,0.11675721761898813,0.3536720657668817,0.4076644156429488,0,1,100.0
C021,MockCompany_021,Bio,2024Q3,1028.1682405438837,149.0788444500177,120.04606301023112,1791.874447648127,713.329898446704,1078.544549201423,1343.9058357360952,545.5696238225331,161.07088706600047,12.445765696418148,6196.152533800637,-0.0246468729042067,0.3536720657668817,-0.0784951139902517,1.9345741653899744,1164.6575609110148,1.699117819110182,98.95831815347032,0.4076644156429488,0.030861819313289,2024Q3,0.1449946016334958,0.11675721761898813,0.11130375940335932,0.0669946843472918,0.661381951236235,2.4633076642309315,0.15665810391171003,11.978278241325388,6.026399464076959,0.010833755007161994,-0.09268367898693286,-0.02464687290420675,0.03244459864342353,0.024641959490420126,0.15108051641153897,0.038507821610967476,0.5962784514770163,0.05037947525630933,0.09334550069197993,0.0681401544763181,0.0866965771288983,0.07457579654626621,0.24964081366114077,0.11440741965917527,-0.14582434890454804,0.565485138689153,0.31248646055236784,-0.33713333345657454,1.6211894628483592,1.3268216200989835,0.05970930961055965,0.20716220601444488,0.15330051857346721,0.5687767006355846,2.2588860681149803,16.249973365760898,0.15734284397976223,0.2035350267967668,0.3417458050414556,1,0,100.0
C022,MockCompany_022,Manufacturing,2021Q1,739.3579342358606,125.70180182481752,101.50772825622192,2037.6180578696797,1254.4968278248932,783.1212300447862,1528.2135434022596,553.167714016765,147.5637713369197,10.498281087471977,2114.552630907482,-0.0629779607556943,0.2868953479847529,0.0071251661243608,1.8416598018652977,1169.307843145992,2.490106340737514,98.89714868511832,0.3730689251789159,0.0508078835116886,2021Q1,0.1700148142111473,0.1372917278029817,0.12961943101745196,0.049816857415514844,1.6019190639890422,2.7626586018597266,0.19958367186419643,11.973560315778647,2.8599850397088784,0.029321658588051358,0.016305366076255545,0.03901112242922311,0.028748223617539495,0.04103992952872891,0.14908296294256101,0.02851283501543619,0.6270378788260513,0.06156726049581937,0.09118377837234426,0.043601873648594996,0.043950407107197303,0.10004747440174336,0.2019274246561828,0.07374245419873522,-0.19958367186419643,1.3295690919436502,0.36959848607534374,-0.432576446831038,1.8669105028547817,1.989533365107319,0.08200637274344635,0.2288737649092278,0.16598269896702025,1.1915100091100808,2.9767505368048175,12.519148360033137,0.20558647455627094,0.3511838724807927,0.3296065413317586,1,0,100.0
C022,MockCompany_022,Manufacturing,2021Q2,799.9899965816311,183.09672240758707,164.46712307770636,2225.790268374893,1210.1479673490624,1015.6423010258306,1669.34270128117,560.7936172810878,132.7844987794024,14.625333699183294,2136.3309992307773,0.0102992793865569,0.3511838724807927,0.0226814504975565,2.0734207072419952,1179.5082303419774,2.0796891291225794,101.86346628459388,0.3296065413317586,0.0470293522168634,2021Q2,0.2288737649092278,0.20558647455627094,0.16193410112145531,0.07389156355585748,1.1915100091100808,2.9767505368048175,0.16598269896702025,12.519148360033137,2.670447141035113,0.08200637274344635,0.45659584627718486,0.010299279386556837,0.028748223617539495,0.04103992952872891,0.19944428956018756,0.0416195631721374,1.3967145365495615,0.2902030257652755,0.18278318541560834,0.023759475790058666,-0.0263393406845687,0.051814833411220916,0.31903961023277283,0.04545885162362718,-0.0839763262235739,0.9188046273980283,0.4768628366196944,-0.4665635572331375,1.8074409118301944,1.5995950412105795,0.01527289779267793,0.2033748619124958,0.08094079817848576,1.0154099622121877,2.4171366134164862,8.714800456367088,0.16654951179553043,0.2910875782798057,0.3181394323335695,0,0,100.0
C022,MockCompany_022,Manufacturing,2021Q3,812.2081620345871,165.18272279818953,135.2728728633721,2332.774228641681,1175.305389855091,1157.4688387865897,1749.5806714812609,723.823660511232,65.74077692224131,18.95427481288928,2145.3981031971302,0.0042442411637606,0.2910875782798057,-0.0930990242236594,2.132482100405746,1223.4054451849026,2.2907838690347813,102.49217239147843,0.3181394323335695,0.0390601512710681,2021Q3,0.2033748619124958,0.16654951179553043,0.11686955910196767,0.05798798323577172,1.0154099622121877,2.4171366134164862,0.08094079817848576,8.714800456367088,2.6414387388329756,0.01527289779267793,-0.09783899664527929,0.004244241163760654,0.04863963526806214,0.04718769266983096,0.2007544803442903,0.029516839583397327,1.269613011770437,0.30095396805025826,0.14883572300323414,0.061151835276039485,-0.016144813401792264,0.04067153353728019,0.30972226624845045,0.03596793422252717,-0.06566790038580783,0.8089011013627115,0.29958855788365946,-0.29534431671989886,1.9151647228596553,1.4181281119760867,-0.03229467688277343,0.1497099656583617,0.11388508180490634,1.1723771845441384,2.158500934031132,6.984772768114737,0.11612986542267048,0.1688196942857009,0.2452400491520459,0,1,98.57717893461052
C022,MockCompany_022,Manufacturing,2021Q4,785.9781618801288,117.66876362344604,91.2755381644134,2221.266067139363,1198.7612816251883,1022.5047855141744,1575.6260345073645,729.9631006240188,89.51118726270226,16.8464698169732,2251.712244720418,0.0495545052290552,0.1688196942857009,0.133900357493039,2.2229329368880464,1217.0852984396251,2.450639185555802,103.06318463144493,0.2452400491520459,0.0539883436440804,2021Q4,0.1497099656583617,0.11612986542267048,0.08926661220311603,0.04109167267923049,1.1723771845441384,2.158500934031132,0.11388508180490634,6.984772768114737,2.864853444949742,-0.03229467688277343,-0.287644847898489,0.04955450522905536,0.02166153121778362,0.05741771037053091,0.18799335167280815,0.035102917721207105,1.2453040549638623,0.25049130812776627,0.1400980627036522,0.05290007689152075,0.000280016255919599,0.04671062560048634,0.27449662325776303,0.07632722466189124,-0.14617975868767977,0.9968606365073887,0.2313003705804946,-0.1817458653514394,2.0008758323872344,1.4109203799451355,0.05201471424846993,0.14206519128885942,0.0867687537588081,1.0928911053542805,2.3336856423135686,5.408778064628927,0.11398097368630723,0.2114521360185087,0.3566192040707549,1,0,93.74392304607917
C022,MockCompany_022,Manufacturing,2022Q1,826.8605913758614,117.46810808317323,94.24637530797048,2302.875944362868,1202.5435197707395,1100.3324245921283,1727.1569582721509,740.0983778421624,71.74566304604133,21.718049192285253,2083.914400100733,-0.0745201102019674,0.2114521360185087,0.287539686510863,2.167806840685871,1234.488561680857,2.397033503534191,104.59171300796464,0.3566192040707549,0.0105151458274307,2022Q1,0.14206519128885942,0.11398097368630723,0.085652638422266,0.040925511223751355,1.0928911053542805,2.3336856423135686,0.0867687537588081,5.408778064628927,2.520272972050423,0.05201471424846993,-0.0017052574880018767,-0.07452011020196736,0.029249826975455195,0.04927668048363615,0.18100594594223618,0.04198220753781441,1.1180470653051717,0.08065515734982336,0.1118943331773051,0.03881121171319209,-0.002605521105648677,0.05198021928586687,0.255635820266202,0.08139511679091356,-0.034754039510338175,0.9376293214142316,0.28084865929613745,-0.35536876949810486,1.9680406889812787,1.5057006615034954,-0.049579107536747435,0.19127308258137915,0.2050282230523411,1.1716163713476742,2.368743174514947,7.969112970937034,0.17271204951766056,0.1825948407179856,0.3910327104998847,0,0,100.0
C022,MockCompany_022,Manufacturing,2022Q2,785.865581198139,150.31493221056644,135.7284551742908,2181.484508064613,1176.940364427658,1004.5441436369554,1636.1133810484598,690.7094862156687,161.12462367125477,18.862191156128485,1527.7022137220697,-0.2669074057704945,0.1825948407179856,0.1833740085913955,2.1194303041965035,1232.0792881689783,2.196808391960774,103.13389410247876,0.3910327104998847,0.0649888617456456,2022Q2,0.19127308258137915,0.17271204951766056,0.13511447558964443,0.062218390583321286,1.1716163713476742,2.368743174514947,0.2050282230523411,7.969112970937034,1.943973944489304,-0.049579107536747435,0.2796233349066628,-0.26690740577049465,-0.003646543094593252,0.04613977625388522,0.17160577536027402,0.03026632024475701,1.1130736558645702,0.07503263834916751,0.12165571419863533,0.05740546534845389,-0.07190719239491153,0.13974249577792014,0.2134885623255002,0.05469760541955502,-0.2546073305890886,0.9475176963971947,0.3467221980969728,-0.6136296038674673,1.8803073301057405,1.521145247615065,0.10473536545928175,0.22759670899048798,0.15396440537035616,0.9399264935411035,2.236787807556608,12.921298146417973,0.19911384423756986,0.2098311941814031,0.5686680042067104,1,0,100.0
C022,MockCompany_022,Manufacturing,2022Q3,868.1735000467969,197.59343144363183,172.86536305970287,2429.07263120032,1176.9258930188134,1252.1467381815064,1821.80447340024,814.4735353274666,133.66781669315992,15.292072761705228,1936.569659424698,0.2676355653805529,0.2098311941814031,0.2075675572173377,2.325304718654891,1240.9374151964005,2.43213611694493,103.58258858038997,0.5686680042067104,0.0425073359360295,2022Q3,0.22759670899048798,0.19911384423756986,0.13805519575973763,0.07116516848415963,0.9399264935411035,2.236787807556608,0.15396440537035616,12.921298146417973,2.2306251680315987,0.10473536545928175,0.31452962482021407,0.2676355653805529,0.018719073822057702,0.072513094073461,0.17766123712977205,0.03969544786213998,1.094202788696799,0.10940291694023939,0.13991161599660293,0.05144316505455729,-0.006059361340713457,0.22415053831839893,0.1931744663008996,0.020949170161592912,-0.04922903991107441,0.7260023169181792,0.4862964798201259,-0.21866091443957303,2.0373855170188575,1.5045015153062926,0.030953574473793655,0.21269460843220875,0.1532345031212669,1.0537594154353234,2.9091812711000156,6.21462748161096,0.17065710176977192,0.1917084039953602,0.1932733242323085,0,1,100.0
C022,MockCompany_022,Manufacturing,2022Q4,895.0465731366695,190.3715804021069,152.74605412064088,2392.4950945179594,1227.560644778732,1164.9344497392274,1794.3713208884697,616.7959826742166,137.15201690514346,30.632822475554725,1951.857623853857,0.0078943529631154,0.1917084039953602,-0.3027380732028579,2.1992945337064507,1210.407152115025,2.497220368962333,103.59758043926806,0.1932733242323085,0.045088058686348,2022Q4,0.21269460843220875,0.17065710176977192,0.13111987043966486,0.06384383168457546,1.0537594154353234,2.9091812711000156,0.1532345031212669,6.21462748161096,2.1807330282394553,0.030953574473793655,-0.03654904410921744,0.00789435296311547,0.034531136661199474,0.06408754781969897,0.19340739782323382,0.03733400132379892,1.0645483464195955,0.09646049483714608,0.1497489713256931,0.048484438370516185,-0.016474399407198408,0.22165912523633488,0.1988966437283144,0.014078640465924247,-0.12228092864747325,0.829630469187554,0.3968826860272693,-0.38898833306415387,2.0069023615685815,1.2146121974152229,-0.005897007468533166,0.17460158350183025,0.1227684715651227,0.9791549709673272,2.4358984366265064,12.30995230844091,0.16351134461281674,0.1699342091112733,0.2358449144559821,0,0,100.0
C022,MockCompany_022,Manufacturing,2023Q1,889.7684768101975,155.3549850012466,145.48724003749675,2480.0021244181744,1226.941014602668,1253.0611098155064,1790.7777347614783,735.1610838254421,109.23551594493804,12.620275131562456,1761.4759340488954,-0.0975387177211529,0.1699342091112733,-0.0178169959776906,1.8964199109605968,1224.8879539360885,1.9549037001630372,101.29501403401606,0.2358449144559821,0.0526760181274224,2023Q1,0.17460158350183025,0.16351134461281674,0.11610546277252301,0.05866415943960951,0.9791549709673272,2.4358984366265064,0.1227684715651227,12.30995230844091,1.9797014391449024,-0.005897007468533166,-0.18393814521525487,-0.09753871772115286,0.0200532062319487,0.06535023292764924,0.20154149587647655,0.02334141698390754,1.036114312822857,0.10192909416756636,0.15874890077727172,0.034106045086551,-0.022229051286994782,0.22395532180222702,0.18851716200150556,0.01678165685835678,-0.12866547903365588,0.8081929625427433,0.2914730475984198,-0.3890117653195727,1.7154296500740982,1.2139720861099987,-0.05223874379344373,0.14158062229772309,0.11584888108021675,1.3494704907201618,2.215096436736048,9.151493996363604,0.09863861882549167,0.1794385664750005,0.3982146302539546,0,1,97.11781184527891
C022,MockCompany_022,Manufacturing,2023Q2,843.288089314627,119.39325246156436,83.1807724020813,2326.0284389124604,1336.0060282891482,990.0224106233122,1744.5213291843452,787.5599907301048,97.69398157548927,13.046312711329366,1766.8340196424713,0.0030418159510472,0.1794385664750005,0.1928993100130099,1.7609592330596135,1185.9825759157625,1.930055910320322,101.47878830389004,0.3982146302539546,0.0722891629112191,2023Q2,0.14158062229772309,0.09863861882549167,0.08401908028488685,0.035760857868503484,1.3494704907201618,2.215096436736048,0.11584888108021675,9.151493996363604,2.0951725063214766,-0.05223874379344373,-0.23148103383611207,0.0030418159510472442,0.019388297167774626,0.0663014764353737,0.1891183808055625,0.03875992834925256,1.080577842665979,0.18537519173374253,0.13645406528424064,0.02000053495501426,0.04525825414339064,0.15601381615294022,0.1877280934407593,0.017221387006755202,-0.16808762487366047,1.1584116188715876,0.20519075958449612,-0.20214894363344893,1.6476500729577064,1.7360648156005427,0.011470948493103261,0.22162758049953765,0.20874574498122322,1.5513031909643413,2.691411879941856,6.933020147153385,0.18591449401539853,0.0552893956184177,0.3523636033362118,1,1,100.0
C022,MockCompany_022,Manufacturing,2023Q3,852.9614035520025,189.03977212894168,158.5778877562206,2291.3238176602927,1393.224436225087,898.0993814352057,1695.6347148063328,630.0168054695044,178.05206362490128,27.26658340948657,1970.7382756572088,0.1154065711594112,0.0552893956184177,0.5449586858538404,1.9140706923841704,1195.6938729544693,1.8802573414061643,101.24717292628664,0.3523636033362118,0.0385273845540534,2023Q3,0.22162758049953765,0.18591449401539853,0.1765705344353194,0.06920797773493133,1.5513031909643413,2.691411879941856,0.20874574498122322,6.933020147153385,2.3104659454086875,0.011470948493103261,0.5833371503954821,0.11540657115941122,-0.0039278070737699955,0.035551168797486245,0.18762609868282495,0.036852656340342384,1.2334220170217884,0.2654845068379045,0.15014940018695738,0.0423055959519528,0.007201005588105221,0.08698013882208125,0.14909264380001291,0.06316749758661538,-0.19727479648811996,1.2074916181297022,0.44184427397386417,-0.32643770281445295,1.6867229737129579,1.6151446170843318,0.04644698549555226,0.22444767169143495,0.14757804721014017,2.2783295795895,2.790760820695103,7.302843294766233,0.1992978566606023,0.2775287242354757,0.7402500162896135,1,1,99.59905533218964
C022,MockCompany_022,Manufacturing,2023Q4,892.5788894910482,200.33725354741685,177.8890595762658,2296.5353918039,1596.015405619599,700.5199861843009,1722.401543852925,617.1799213596279,131.725049492232,27.432774530940677,1973.2347680324729,0.0012667802752404,0.2775287242354757,-0.0628542632522672,1.8078154195689284,1191.1688519727943,1.9175767582175904,100.79411420017396,0.7402500162896135,0.0459667041854252,2023Q4,0.22444767169143495,0.1992978566606023,0.2539385928800763,0.07745975098448567,2.2783295795895,2.790760820695103,0.14757804721014017,7.302843294766233,2.210711894783225,0.04644698549555226,0.05976245787457524,0.001266780275240631,-5.445431833034364e-05,0.04103882028058037,0.19056436449763148,0.03986317963483653,1.5395645580603325,0.5465364313203432,0.1487352862091757,0.042262613380296014,0.00554411241613647,0.08702564137094639,0.1705477238600418,0.09093741465633291,-0.10113106171458791,1.766963810104911,0.4184727043971274,-0.417205924121887,1.6612379178171197,2.78474255063,0.031674195171446984,0.1964573342704672,0.12055224618475972,2.933478248129188,2.188795285757928,5.052388792633765,0.15971676938011534,0.2166601183157783,0.7122275745429986,0,1,86.51004132553507
C022,MockCompany_022,Manufacturing,2024Q1,920.8506074427012,180.90785559972997,147.07528410262475,2235.248957640272,1666.9862607001146,568.2626969401576,1676.4367182302042,765.9175479480738,111.0106091279386,35.80640030285,2254.064971636086,0.1423197118524478,0.2166601183157783,0.2687471400885939,1.825834259095165,1147.5429902065457,1.8406667242215504,99.47927374579989,0.7122275745429986,0.0328157182376708,2024Q1,0.1964573342704672,0.15971676938011534,0.2588156584873529,0.06579816695578498,2.933478248129188,2.188795285757928,0.12055224618475972,5.052388792633765,2.4478074439168944,0.031674195171446984,-0.0969834496762143,0.14231971185244774,0.009338346341664694,0.04348266805768291,0.19602830218979073,0.03841751999199578,2.028145377350798,0.7234633864088722,0.14818122986408497,0.04272846762882335,0.06550871980953664,0.07397942268123002,0.18222920116116803,0.09378875026263557,-0.08887805101331274,2.3571749313613277,0.3486837756266739,-0.20636406377422611,1.6275382412228139,3.2860626242201043,-0.03181566113706802,0.10384663254761993,0.1317270961791064,2.3049915601223683,2.3742012803411625,3.4789207501604626,0.05084544340350671,0.27305299668477,0.4786424276215696,0,0,80.55072143305142
C022,MockCompany_022,Manufacturing,2024Q2,891.553136558441,92.58479096896627,45.33141454615195,2269.617130977579,1582.893098650174,686.724032327405,1702.2128482331843,716.9623158429978,117.44170576834946,26.613078484532007,1845.3336694805416,-0.1813307545695417,0.27305299668477,0.3213467078477649,1.723689891910905,1159.8616840820555,1.9777326157020296,98.34059041035162,0.4786424276215696,0.0315638251776719,2024Q2,0.10384663254761993,0.05084544340350671,0.06601110841053771,0.019973154911201538,2.3049915601223683,2.3742012803411625,0.1317270961791064,3.4789207501604626,2.0697966209863825,-0.03181566113706802,-0.4882212789376269,-0.18133075456954173,0.014444117005758622,0.03400914577972101,0.18659480475226492,0.056582283457457506,2.2670256447013495,0.5650919963677826,0.15215078363880738,0.03932553939652112,0.019415577179389416,0.14713731204187674,0.20563280871361045,0.10398597314536791,-0.16354275731617443,2.0656259485529755,0.2037580675896583,-0.38508882215920004,1.6434563828891435,2.817321372859315,-0.028605165431320967,0.19747615921000078,0.08449273662166143,2.7144325246862127,2.3268403010015217,10.949697666799844,0.16905696233209347,0.095806507603169,0.547255560854347,1,1,91.68709564641412
C022,MockCompany_022,Manufacturing,2024Q3,866.0501115963737,171.0242497216419,146.41180109402254,2219.577664188663,1622.0226811772395,597.5549830114235,1584.9047904658376,681.1403385876263,73.17494398035738,15.61908418980811,1766.7145044523518,-0.0426043085477983,0.095806507603169,0.1027777233872245,1.8756592900507132,1169.1743828362498,1.95959305055329,98.17861693519718,0.547255560854347,0.0479103570688601,2024Q3,0.19747615921000078,0.16905696233209347,0.24501812428360012,0.06596381079887802,2.7144325246862127,2.3268403010015217,0.08449273662166143,10.949697666799844,2.0399679889120512,-0.028605165431320967,0.8472175389904799,-0.042604308547798286,0.004425088524652565,0.0404670369993525,0.1805569494298807,0.05275714837656354,2.5578079781318173,0.32025183674215585,0.12108753154891694,0.026798092604427767,-0.020087142747412964,0.13333979345842348,0.21576208670979824,0.0846315805842415,-0.1130979020529824,2.178396815276474,0.2533637304003412,-0.2959680389481395,1.693090634062276,2.82145888373399,0.02143470467851394,0.16799537808023357,0.09783333486821111,1.815326221777771,3.2403383439855284,4.028347663775024,0.13865423579988032,0.1546660496522168,0.4161948047079799,0,0,93.53294383720771
C023,MockCompany_023,Finance,2021Q1,353.32358190522206,21.03063191588808,14.653684482474157,997.6495391516762,377.4688778107616,620.1806613409146,639.7138990795092,336.0273882738816,11.284885874420867,7.1178688843490985,908.0562159588488,0.2365442751184827,0.1886487201143085,0.062568882867686,2.1441314083477203,1210.205846438423,2.581797382465742,100.20118922481426,0.2986218726950918,0.0227897085983615,2021Q1,0.05952229908466727,0.041473836542174215,0.02362809000004495,0.01468820854156844,0.6086434185064947,1.903755233654353,0.03193923771953626,2.9546247977643976,2.5700413514993237,0.029321658588051358,0.016305366076255545,0.03901112242922311,0.028748223617539495,0.04103992952872891,0.14908296294256101,0.02851283501543619,0.6270378788260513,0.06156726049581937,0.09118377837234426,0.043601873648594996,0.043950407107197303,0.10004747440174336,0.2019274246561828,0.07374245419873522,-0.03193923771953626,0.5724155629142369,0.09146153680420352,0.14508273831427917,2.0171368307162387,1.0596861557236372,0.08980173726723795,0.10589855094231346,0.07548632107746037,0.5393942436078333,1.5831928990210682,9.06588379503426,0.07988326526557579,0.1576859952683404,0.5023493425078494,1,0,89.46569788714342
C023,MockCompany_023,Finance,2021Q2,385.05265337779423,40.776518029307205,30.759263251072028,1104.7668361446963,387.10348204838175,717.6633540963148,693.3081324731882,437.9176617709039,29.066208224679716,4.4977984432776665,943.4468782072717,0.0389740873157865,0.1576859952683404,-0.2543720125328942,2.2208792294172044,1228.0843462324983,2.6057783581353764,100.75952843282204,0.5023493425078494,0.010773688095255,2021Q2,0.10589855094231346,0.07988326526557579,0.04286029525606944,0.02784231228227737,0.5393942436078333,1.5831928990210682,0.07548632107746037,9.06588379503426,2.4501762809024434,0.08980173726723795,0.9389107370806884,0.03897408731578644,0.028748223617539495,0.04103992952872891,0.08271042501349037,0.032792962174556836,0.574018831057164,0.04896656116241676,0.05371277939849831,0.030792437943283988,0.1377591812171346,0.1397032195555862,0.17316735769132446,0.021893952702597252,0.01431541618977758,0.4822731748231385,0.27118660928701177,-0.23221252197122527,2.0577554595131526,1.1566239287891058,0.008453180264895277,0.13246894884711327,0.08150015618752884,0.5138888004781823,2.0604535200766803,5.850732845998175,0.09994456386829462,0.1759907925611989,0.3766477064931953,0,0,95.85180342908751
C023,MockCompany_023,Finance,2021Q3,388.307572868273,51.43869600736643,38.80923101717552,1127.5922620034237,382.76063259527655,744.8316294081469,579.7269442131349,281.35890402880807,31.647127837645986,8.791838109083907,961.3553641149596,0.0189819759027846,0.1759907925611989,-0.2754089848604629,2.123425715732347,1236.7078356332804,2.421566491383583,101.47198849196602,0.3766477064931953,0.0246126833940201,2021Q3,0.13246894884711327,0.09994456386829462,0.05210470324408987,0.03441778763911318,0.5138888004781823,2.0604535200766803,0.08150015618752884,5.850732845998175,2.475757444057389,0.008453180264895277,0.2614783824944549,0.01898197590278472,0.04912745876606661,0.0575221162960969,0.099296599624698,0.03691873167907267,0.5539754875308368,0.04903130546068953,0.06297523832817516,0.027045638345532697,0.0981667794456846,0.12025460328483858,0.17410850264794928,0.015566947162495405,-0.07304697592263357,0.4458144912545336,0.2224222852995374,-0.20344030939675278,1.9617596231805594,0.9984529903089279,0.05479988178947681,0.07268012822480192,0.041718514148348054,0.5001155714429047,1.5411977295882995,7.494458308486184,0.011119017432676325,0.1250280634789493,0.2992316380637128,0,0,81.64399883666988
C023,MockCompany_023,Finance,2021Q4,409.586781959413,29.7688198320668,4.554202568811629,1198.442814088507,399.5424914051888,798.9003226833182,676.752087749723,439.1078930079678,17.08735195819184,3.9721109384068862,1108.021629765659,0.1525619673279954,0.1250280634789493,0.2829548201981606,2.156806838188152,1211.7018938185754,2.221520579074987,101.97078519328448,0.2992316380637128,0.0615633379077479,2021Q4,0.07268012822480192,0.011119017432676325,0.005700589221831121,0.003800100025858633,0.5001155714429047,1.5411977295882995,0.041718514148348054,7.494458308486184,2.7052182310725805,0.05479988178947681,-0.4212757681920306,0.15256196732799543,0.051018266440536676,0.04080591124550895,0.09264248177472398,0.03295103898169142,0.5405105085088537,0.04824868133295871,0.05766105728321838,0.024507273404560475,0.11176557641626231,0.10188468411387412,0.1618383928556993,0.027636490489244343,0.013081367641128758,0.4637671075832143,0.16919852416262676,-0.01663655683463136,1.8959251641876713,0.9011081767670052,0.1423850757264684,0.10476347230926707,0.0572599316638986,0.443529839840924,1.457579385476282,9.146776924797496,0.0700885832672283,0.2725166496649891,0.2046570566488702,1,0,90.04169016956584
C023,MockCompany_023,Finance,2022Q1,467.9058269252645,49.01943914253442,32.7948565117428,1347.193111705927,413.93002664636,933.2630850595672,528.0865909656852,362.30382799470567,26.79225567493787,5.359203524521606,1465.0605504292369,0.3222310026015374,0.2725166496649891,-0.0125491972690314,2.1600835456733107,1225.88459013897,2.446246049081134,103.66586641356476,0.2046570566488702,0.0231453346036315,2022Q1,0.10476347230926707,0.0700885832672283,0.035139991109382054,0.02434309990658348,0.443529839840924,1.457579385476282,0.0572599316638986,9.146776924797496,3.1311013159494383,0.1423850757264684,0.6466705572832605,0.32223100260153736,0.07385996876201961,0.05654250661956771,0.10395277508087393,0.024464899218744878,0.49923211384246113,0.04054355253593524,0.06399123076930896,0.01807469560663442,0.133187258287026,0.13908257106696598,0.18280537524336943,0.06341333272148213,0.08512514406256981,0.3970641137464157,0.3044084796996341,0.017822522901903337,1.9799807352057466,0.9593629641228448,0.14277259232006334,0.07813652289147016,0.029850724989656907,0.38327647789615266,1.8767445684073902,4.502080176790938,0.05544878950130887,0.3489993737641898,0.4349534568606006,0,0,79.52252836818482
C023,MockCompany_023,Finance,2022Q2,534.7099547970474,41.78037662337461,29.64901972785131,1600.823439441514,443.5541118549937,1157.2693275865204,873.577484658064,465.4748969901147,15.96147980990839,9.280238240593349,1871.3482417633656,0.2773180202109009,0.3489993737641898,0.214986473339473,2.1500593711716856,1233.6247158251208,2.3256764205715563,102.72490113063893,0.4349534568606006,0.0518038744550176,2022Q2,0.07813652289147016,0.05544878950130887,0.025619809512845707,0.0185211054494408,0.38327647789615266,1.8767445684073902,0.029850724989656907,4.502080176790938,3.499744534343199,0.14277259232006334,-0.14767738362143845,0.2773180202109009,0.08710268252522596,0.06679445335203961,0.09701226806816311,0.027480927715902735,0.46020267241454094,0.05964020624942775,0.0525823317473581,0.02230746504306785,0.19277324151080458,0.1362931669663058,0.23063371986733178,0.09983822246793511,0.11292186733040643,0.3533285866072579,0.2507598402011904,0.026558180009710497,1.936594941857671,1.2502032845624547,0.1671517193701475,0.09445150024245073,0.09212853929623974,0.345056238581617,1.3475778771102809,10.116607658422062,0.059826087564291225,0.1515050441892693,0.6163547048548571,1,0,88.68776704355943
C023,MockCompany_023,Finance,2022Q3,624.0876431057078,58.94601417420372,37.33672198429403,1862.9248925484003,477.9085347844016,1385.0163577639987,1085.6141122249533,805.6039882099986,57.49628295225397,5.826658120423859,2672.815629533176,0.4282834001086779,0.1515050441892693,0.4127056834695188,2.0519876665493766,1237.3481060173744,2.072244084357917,102.49725959402122,0.6163547048548571,0.0137264194047107,2022Q3,0.09445150024245073,0.059826087564291225,0.026957603623212298,0.020041989955482842,0.345056238581617,1.3475778771102809,0.09212853929623974,10.116607658422062,4.282756851630489,0.1671517193701475,0.41085406447067685,0.42828340010867794,0.12677731730153902,0.049363598299623966,0.08750790591699747,0.014760915563008549,0.4179945319403996,0.06812061605039912,0.055239427524535825,0.02703263656652446,0.2950985975622779,0.11417413443512632,0.22451228277434937,0.10492635804588224,0.07502318007390776,0.31246515917956624,0.353731758908838,0.07455164119983987,1.8146855446227652,1.1553480882976006,0.04780861593542274,0.09473829157474778,0.07754940289732662,0.3119716044109336,1.7083302411846224,13.664209656334567,0.058910684792057105,0.0548190601059842,0.3080108260695718,0,0,94.87784779083798
C023,MockCompany_023,Finance,2022Q4,653.9244095449917,61.95168137941294,38.52313476859597,1979.7769291019213,470.76795173879015,1509.0089773631312,1059.0063869081428,619.9072997572638,50.71144750027853,4.533864959912164,2875.71155603234,0.0759109323730649,0.0548190601059842,-0.1560477383966652,2.0682899958783207,1229.9715091505748,2.009012017639552,102.94412823784332,0.3080108260695718,0.0135971203242348,2022Q4,0.09473829157474778,0.058910684792057105,0.025528764471558312,0.019458320885702825,0.3119716044109336,1.7083302411846224,0.07754940289732662,13.664209656334567,4.397620755629686,0.04780861593542274,0.050990168670718594,0.0759109323730649,0.1250295008380255,0.0527679815616035,0.09302244675448394,0.011021626130056153,0.3709585401824068,0.056476286892736996,0.06419714971178046,0.026995351912790008,0.2759358388235453,0.14760859871596163,0.20696003193110812,0.12999355846915633,-0.02974078696190388,0.2824159475892087,0.22009631040749714,-0.14418537803443224,1.7960471574764276,0.6452458337647646,0.05826568429207413,0.0607817853299769,0.012407078291704716,0.29854178769984635,1.9455765756677026,4.804639316071163,0.04021309368191182,0.1637705051696692,0.5220116908174545,0,0,75.77683994730698
C023,MockCompany_023,Finance,2023Q1,692.0257627424212,42.06256135388415,27.828496827497677,1962.8858431609808,451.2780830151849,1511.6077601457955,1367.0318734181265,702.6358615296492,8.5860178182343,8.75457210874984,3293.403671214155,0.1452482653573613,0.1637705051696692,-0.2084758436913292,2.1157423053278164,1216.230884092953,2.080864058942386,101.8788565123226,0.5220116908174545,0.0366141993596847,2023Q1,0.0607817853299769,0.04021309368191182,0.018409866343101593,0.014177338394101006,0.29854178769984635,1.9455765756677026,0.012407078291704716,4.804639316071163,4.759076682576098,0.05826568429207413,-0.3210424573260753,0.14524826535736102,0.10399965297942693,0.059834641166320666,0.08202702500966139,0.016149717214013058,0.33471152714713737,0.037819402576148596,0.052983936368732,0.037935862383027194,0.23169015451250125,0.15542433592513455,0.17977349580727814,0.12289047947656956,0.04585860600036941,0.2803958848478467,0.13145454791375574,0.013793717443605552,1.8336814927224565,1.0120366868353399,0.12585706017365728,0.16269986738358755,0.09605858975851926,0.28093230323825513,1.7510687191885979,21.818640111380535,0.12870568397882864,0.1720724669328066,0.443106925884282,1,0,100.0
C023,MockCompany_023,Finance,2023Q2,779.1220908056151,126.76306084985973,100.27744160028044,2157.1305245530434,473.0988867378065,1684.031637815237,1215.748933978135,694.2896761583019,74.84136929259243,5.809851584742986,4081.612219383805,0.2393294678872653,0.1720724669328066,0.2168656403200072,2.0888917144868397,1200.5580245699662,2.2760736102641133,101.49387711464531,0.443106925884282,0.069269914019096,2023Q2,0.16269986738358755,0.12870568397882864,0.05954605563724142,0.04648649697310801,0.28093230323825513,1.7510687191885979,0.09605858975851926,21.818640111380535,5.238732501036088,0.12585706017365728,2.013679071594487,0.23932946788726528,0.09977076994282541,0.056696338705127934,0.10316786113269075,0.04276942747770236,0.309125483482663,0.02711696636816297,0.06953590256094759,0.03890929161036082,0.22219301643159234,0.1528461612723094,0.13554176909943233,0.054474260965313166,0.029798470415138015,0.23522465475762522,0.3846155173157641,-0.1452860494284988,1.887905271033823,0.8802025179898519,0.007341587353716372,0.10847782948567507,0.10031027715583905,0.27886779124976974,2.0468467877560426,22.02518410370197,0.06605752306331299,0.2370293457803924,0.4471791226229759,0,0,100.0
C023,MockCompany_023,Finance,2023Q3,784.8420836944747,85.13796572829962,51.84472404477244,2158.0577300641507,470.582492334599,1687.4752377295515,1170.3565841561856,571.7851434484749,78.7277269390593,3.865482590538915,3978.217528640401,-0.0253318260496125,0.2370293457803924,0.3461956512300323,1.8024107851503752,1167.846471790843,1.9281688765766076,101.00245368507235,0.4471791226229759,0.0521716740333714,2023Q3,0.10847782948567507,0.06605752306331299,0.030723250264991904,0.024023789226068237,0.27886779124976974,2.0468467877560426,0.10031027715583905,22.02518410370197,5.068812709314378,0.007341587353716372,-0.3283692807864711,-0.025331826049612705,0.05981823693871763,0.04919880195792711,0.10667444344349682,0.04238988919951818,0.2925783716497012,0.015655358318751946,0.0715813370258474,0.04066816367181792,0.10878920989201975,0.11171310740398087,0.1569228444972131,0.07553947279727052,-0.09296868980212268,0.2486168185415304,0.2161296939952305,-0.241461520044843,1.6560568231416968,0.9328252869448986,0.022761428186061083,0.0660568607141182,0.035921970843946334,0.26000446635565955,1.6295187281644536,5.181801884212736,0.05004123233432071,0.2162571009835754,0.3364012736394237,0,0,79.70273557520714
C023,MockCompany_023,Finance,2023Q4,802.706210419885,53.02425233613006,40.168407971873634,2224.2640001815084,458.98136859327343,1765.282631588235,1302.6173680980137,799.3877858425706,28.83478908699368,10.23278263348815,4356.3735908586095,0.0950566577859925,0.2162571009835754,-0.3172479295859163,1.8105978979983688,1165.892391579674,1.7450763427237672,99.83221661832955,0.3364012736394237,0.0041093975167829,2023Q4,0.0660568607141182,0.05004123233432071,0.02275466106847215,0.018059190801351675,0.26000446635565955,1.6295187281644536,0.035921970843946334,5.181801884212736,5.427108367050532,0.022761428186061083,-0.3771961558801381,0.09505665778599282,0.053556440001377215,0.0527057935368154,0.09950408572833942,0.047231233681865964,0.2795865871358827,0.01575951249272882,0.06117447901250234,0.04383476710223751,0.11357564124525166,0.11023522917212784,0.19728235471661087,0.03511147389220453,-0.01316054265788525,0.2428293875365551,0.12474025974412561,-0.02968360195813312,1.5942537017266498,0.7954877621595542,0.05978972157469409,0.1233502019702272,0.09236544215382136,0.2652180466113845,1.5102015021237543,16.083032422682287,0.0738177288352426,0.1533959885321467,0.3861381068684229,1,0,98.30299490789207
C023,MockCompany_023,Finance,2024Q1,850.6997912471677,104.9339910664916,62.79672651055472,2391.7825099404795,501.3711959807305,1890.411313959749,1102.179560968628,729.8228477571724,78.57526235880054,6.524515296158804,4115.7963868603965,-0.0552241902538016,0.1533959885321467,-0.6728898387772599,1.742309180733686,1164.5703428574543,1.9107970812125652,98.07694896778028,0.3861381068684229,0.0552446190069554,2024Q1,0.1233502019702272,0.0738177288352426,0.03321855198749545,0.026255199312453868,0.2652180466113845,1.5102015021237543,0.09236544215382136,16.083032422682287,4.838130241952451,0.05978972157469409,0.9789810594838109,-0.05522419025380165,0.053937449322032205,0.05275666833683783,0.11514618988840201,0.039928633530323825,0.2712556518637672,0.01024083493303118,0.0811640699780315,0.030335579998113434,0.06345752734246093,0.13403773583480633,0.19468872555723027,0.038619978528404826,-0.032575720579127276,0.2325033469957211,0.2755053656987426,-0.3307295559525442,1.627958294538424,0.7720374423962908,-0.007023930299254855,0.09533162522050018,0.04201605094833475,0.26459765772933985,1.7880770135115343,8.7756731329993,0.056638452612304754,0.1735306878556446,0.5072396564586215,0,0,88.45216477950979
C023,MockCompany_023,Finance,2024Q2,844.7245352078569,80.52896280509195,47.843890557878,2414.2783588172283,505.15070540061214,1909.127653416616,1504.725429121839,841.5327850812084,35.49198910864372,9.176385853924067,4246.702396746144,0.0318057546052721,0.1735306878556446,-0.0305175628005591,1.7062033459764614,1161.8358053885054,1.990602736677146,96.97413548944492,0.5072396564586215,0.0170141110870776,2024Q2,0.09533162522050018,0.056638452612304754,0.025060603188178893,0.019817056464564938,0.26459765772933985,1.7880770135115343,0.04201605094833475,8.7756731329993,5.02732218580126,-0.007023930299254855,-0.2325750504041666,0.03180575460527213,0.020717201703804172,0.02874785867402572,0.09830412934763015,0.024355232452342765,0.2671719904865384,0.008136548069707527,0.06765343527548537,0.0333732123898864,0.011576599021962626,0.06633932025575943,0.19505328078793976,0.038341205109530666,-0.049039981247589605,0.23937313298846424,0.13032374586958007,-0.09851799126430796,1.642432870545314,0.9201434773027303,-0.05026003197062434,0.14107487857958254,0.12027362606583324,0.2864297156173707,1.4595764304883458,13.487307008279032,0.12417179213200834,0.2997941069458945,0.3511607501632429,0,1,100.0
C023,MockCompany_023,Finance,2024Q3,802.2686530619392,113.17995281905937,99.6191364221576,2254.678146076758,502.01484958688434,1752.6632964898736,1400.8697307866232,959.7782627364434,96.49175998283164,8.391590162224217,3993.5020464709937,-0.0596228147442481,0.2997941069458945,0.3042685746619863,1.95027808680864,1182.3702814940496,1.9851578250528767,96.94509586546228,0.3511607501632429,0.0,2024Q3,0.14107487857958254,0.12417179213200834,0.05683871889233479,0.04418330687040863,0.2864297156173707,1.4595764304883458,0.12027362606583324,13.487307008279032,4.977761540631574,-0.05026003197062434,0.4054564826942344,-0.05962281474424813,0.006316796872718994,0.046578579263651713,0.10645339162110704,0.0328619483921196,0.26906247157843866,0.011809357732438882,0.07264427250298391,0.04059595730262661,0.003003851848303726,0.07442193435397644,0.21074447107931527,0.06489463472612857,-0.1705336580364576,0.24602167826506574,0.21108847267479142,-0.2707112874190395,1.7321136535997457,0.8969765353742031,0.07597866099517381,0.15475063093213404,0.1507491101378443,0.2571314362948354,1.5381911801350252,12.971310109142626,0.10951176086643162,0.1679813752075314,0.3723437811863524,1,0,100.0
C024,MockCompany_024,Retail,2021Q1,659.4064582731431,84.37841870718493,44.98471118675688,1936.7085868802103,926.4807430748598,1010.2278438053504,1452.5314401601577,494.0825297805762,8.803004643770393,22.786956715309884,2623.602136477501,-0.0538799113627076,0.0521703904155666,-0.2524368735506969,2.0144690739723865,1171.514687357575,2.463908975445088,100.76882214129591,0.5763027361705957,0.028235969962168,2021Q1,0.12796116514846942,0.06822000394793652,0.044529272740358124,0.023227403178502075,0.9171007795469712,2.9398558997872124,0.013349891456644806,3.702926185258896,3.978732849150772,0.029321658588051358,0.016305366076255545,0.03901112242922311,0.028748223617539495,0.04103992952872891,0.14908296294256101,0.02851283501543619,0.6270378788260513,0.06156726049581937,0.09118377837234426,0.043601873648594996,0.043950407107197303,0.10004747440174336,0.2019274246561828,0.07374245419873522,-0.013349891456644806,0.7997474952375712,0.14131105660511423,-0.19519096796782182,1.9188867235033882,1.4282206218237334,-0.07043574699072641,0.10441647802247397,0.060161207077705836,0.927369558231224,2.794080356038427,3.1757975988158584,0.09168117263576006,0.2240783419550527,0.4940682616207504,0,0,84.25973614217597
C024,MockCompany_024,Retail,2021Q2,612.960671814165,64.00319451722906,56.19695317161761,1777.4533590927945,855.2361581927954,922.217200899999,1333.0900193195955,477.1122693145864,36.87645390756183,20.15342367470703,2156.27625313724,-0.1781237623047914,0.2240783419550527,0.1019175761111559,2.1149447746190315,1205.2898593734888,2.270536694680941,101.5944190563104,0.4940682616207504,0.0316717032065767,2021Q2,0.10441647802247397,0.09168117263576006,0.06093678703532489,0.03161655572232214,0.927369558231224,2.794080356038427,0.060161207077705836,3.1757975988158584,3.5178052235420636,-0.07043574699072641,-0.24147435448705434,-0.17812376230479132,0.028748223617539495,0.04103992952872891,0.1161888215854717,0.016648607927706983,0.9222351688890976,0.007261123042139028,0.03675554926717532,0.033100598711916014,-0.11600183683374951,0.08785366952187808,0.13812436618530965,0.121557278273459,-0.13059695406843225,0.830536895135462,0.0941419381094534,-0.2722657004142448,1.896505472067037,1.548683498711265,-0.09416603881350927,0.13704836158491043,0.12674322809124142,0.9890524328515976,3.1299289091925684,3.5855636563537474,0.10288098040914083,0.0801483692467741,0.4132116360572809,0,0,97.75804569692792
C024,MockCompany_024,Retail,2021Q3,555.2405934009577,76.09481361117173,57.12369661214653,1707.2895053213863,848.9463680956129,858.3431372257734,1280.4671289910398,409.1042212579306,70.37298517506055,21.22255268644957,1679.9497173835002,-0.2209023704920533,0.0801483692467741,0.4654075813378369,2.2426295001006853,1219.5763014503116,2.5723127756493507,100.4201497702787,0.4132116360572809,0.0463265276473575,2021Q3,0.13704836158491043,0.10288098040914083,0.06655111940046246,0.033458705412331285,0.9890524328515976,3.1299289091925684,0.12674322809124142,3.5855636563537474,3.025624814443866,-0.09416603881350927,0.18892211842156903,-0.22090237049205363,-0.08230089290211784,0.016779850267425435,0.12314200158528461,0.0168412650740569,0.9445075902099309,0.03891714542967759,0.06675144220853069,0.05698320452195898,-0.15096868138651742,0.08675928929032321,0.11879903387246445,0.0922414839301237,-0.22090926690475068,0.8535044174077165,0.16962555086264258,-0.3905279213546959,2.051102686947606,1.3468644227117714,-0.013388421548356955,0.10997882789975459,0.07228802377814088,0.9700061500997663,3.170679310320618,3.445645361923904,0.06240860044974641,0.2107147795006925,0.4629668451316662,0,0,88.58013175625763
C024,MockCompany_024,Retail,2021Q4,547.8067982757458,60.2471495899938,34.18785559730826,1783.0703285635482,877.9613122935843,905.1090162699638,1337.3027464226611,421.7716821964764,39.59987085965662,17.485011734611213,1758.7108898862907,0.0468830535151135,0.2107147795006925,0.1839644329781876,2.48234611079772,1233.352021362512,2.260742893340833,102.11120323544584,0.4629668451316662,0.03906796837582,2021Q4,0.10997882789975459,0.06240860044974641,0.03777208599485809,0.019173587855522794,0.9700061500997663,3.170679310320618,0.07228802377814088,3.445645361923904,3.21045831380466,-0.013388421548356955,-0.20826207817731324,0.04688305351511346,-0.05933006911753088,0.04151816377835425,0.1198512081639021,0.015244761665305124,0.9508822301823898,0.034237994655698864,0.06813558760093323,0.0466088743223524,-0.1015057476611097,0.12167351164628085,0.14177797027952146,0.08822955086223923,-0.08567644532649783,0.8633260106562406,0.16887843012953851,-0.12199537661442501,2.030086757857247,1.5370076352885993,0.058546962126199364,0.10249969688094836,0.006061119215459586,0.8948674936320571,3.2977557489784135,6.5316998942815845,0.04733466958805358,0.1553478571283426,0.3478797111184057,1,0,87.48473064448568
C024,MockCompany_024,Retail,2022Q1,579.8792221468705,59.43744449771684,27.44839138134697,1827.295902655045,862.9562278255331,964.339674829512,1370.4719269912837,415.577147401694,3.5147170960062155,9.099843142398784,1979.72238588344,0.1256667581170424,0.1553478571283426,0.1572533840129056,2.2322618412806867,1252.3826001651628,2.3174205760878337,103.04251961916523,0.3478797111184057,0.0301828093478293,2022Q1,0.10249969688094836,0.04733466958805358,0.028463405683449846,0.015021317205084123,0.8948674936320571,3.2977557489784135,0.006061119215459586,6.5316998942815845,3.4140253871324373,0.058546962126199364,-0.013439724497961048,0.12566675811704253,-0.029860811306598317,0.0679920625714968,0.11348584109702184,0.016025398847062677,0.9453239087036612,0.04238555330635418,0.06631339454063694,0.049516485705669855,-0.0566190802911722,0.16901006456924159,0.16757233695771548,0.06543848762197882,0.05248584291073978,0.8031438467861572,0.1671077782226073,-0.04144102010556491,1.968103626128531,1.3588572579436453,0.09225951167641844,0.15673092701470298,0.0907626751693412,0.8382734382253572,2.6850013421185532,4.292632857833646,0.14192872427591463,0.2094736257149217,0.343275667350469,1,0,98.05299758065095
C024,MockCompany_024,Retail,2022Q2,633.3785960134421,99.27001450461456,89.89461611599968,1989.0526545910384,907.0304628814072,1082.022191709631,1491.789490943279,555.6010224425153,57.48713576927219,23.125670838390853,2378.37288753683,0.2013668706764129,0.2094736257149217,-0.0345516098532983,2.219145498469449,1234.5701868220744,2.5120235726518807,102.95398107944833,0.343275667350469,0.0024726375867172,2022Q2,0.15673092701470298,0.14192872427591463,0.08308019632562261,0.04519468899350851,0.8382734382253572,2.6850013421185532,0.0907626751693412,4.292632857833646,3.7550572477548627,0.09225951167641844,0.6701595323201994,0.2013668706764129,0.010813003360187895,0.08270101329425962,0.1265644533450791,0.024994158922515154,0.9230498787021945,0.0696240386312361,0.07396376156354577,0.05060122699520459,0.038253577954128884,0.1839232482970341,0.16392115789768272,0.061525203376062675,0.0014968365070772427,0.7068900651604946,0.3397531138604626,-0.13838624318404968,2.0262802309390877,1.2611361947329627,0.05088369382993596,0.07195825424942599,0.05424512766198828,0.7353508545212033,3.4432222808042643,2.1027682283371547,0.024636606968446922,0.2943972591566071,0.1182530211782593,0,0,83.90238963839487
C024,MockCompany_024,Retail,2022Q3,665.6072385714248,47.89593490345288,16.398303932062113,2154.7088819570886,913.052835087619,1241.6560468694695,1616.0316614678163,469.337013318496,36.10594962910467,22.777562574847195,2428.41599169397,0.0210408991875816,0.2943972591566071,-0.1238553123198564,2.1677654447690493,1218.8325261721477,2.1654414514365983,103.70940879775512,0.1182530211782593,0.0180330584526005,2022Q3,0.07195825424942599,0.024636606968446922,0.013206800686384284,0.0076104498706851655,0.7353508545212033,3.4432222808042643,0.05424512766198828,2.1027682283371547,3.6484218484497957,0.05088369382993596,-0.5175186067770098,0.021040899187581674,0.0470754365210492,0.044134557524777386,0.11029192651120799,0.03505646906629604,0.859624484119596,0.09887025855195239,0.05583923645623248,0.036380449487756705,0.09873939537403761,0.08161621173079804,0.21748338037514098,0.05740655632091155,-0.00336143383205232,0.6824362907690339,0.17708707574135024,-0.15604617655376865,1.882272171523621,1.0950865711039002,0.07557127144314713,0.11450359398298118,0.06079901269024541,0.6727212407991152,2.933939772302319,4.070443410641465,0.09595754876355146,0.1694795184237031,0.49401064458824,1,0,90.72385722887314
C024,MockCompany_024,Retail,2022Q4,715.9080238720295,81.97404169471577,68.696779111014,2339.381273716003,940.8330777250624,1398.5481959909405,1754.5359552870025,598.0136238131604,43.52650102850483,20.13884813539932,2381.1694252889056,-0.0194557137519536,0.1694795184237031,-0.1136291620279629,2.18988900557536,1235.2935917983268,2.0993615326236985,103.82649639378944,0.49401064458824,0.0339113357658776,2022Q4,0.11450359398298118,0.09595754876355146,0.04912006558507611,0.029365362492563198,0.6727212407991152,2.933939772302319,0.06079901269024541,4.070443410641465,3.326082884791385,0.07557127144314713,0.7115031131547271,-0.01945571375195365,0.06931535976892522,0.018450431202803447,0.11142311803201463,0.035115949867611594,0.7853032567944331,0.09996685272807955,0.05296698368425862,0.03507919015969112,0.08215470355727084,0.10027364836876172,0.20717456510589363,0.06250335522010324,0.014772258752901717,0.595692240978926,0.25087387811637374,-0.27032959186832733,1.8718257659091684,1.273954662743771,0.02047071953358004,0.1539130848773064,0.16190871831737266,0.5174417306784754,2.9462360708375614,6.051973779433965,0.09426431231862677,0.1984236115323678,0.4449800652063964,0,0,100.0
C024,MockCompany_024,Retail,2023Q1,730.5631762405534,112.44323215310077,68.86603541372176,2496.6892548579326,851.3613293229596,1645.327925534973,1872.5169411434492,635.562424774801,118.28454751513874,18.579596714241795,2140.0917567996,-0.1012433915575141,0.1984236115323678,0.0189606775929088,2.1290940357952945,1223.95110251513,1.9928151580800728,102.45716803594216,0.4449800652063964,0.0212628205609759,2023Q1,0.1539130848773064,0.09426431231862677,0.04185550755256788,0.027582942202237663,0.5174417306784754,2.9462360708375614,0.16190871831737266,6.051973779433965,2.9293726078687548,0.02047071953358004,0.3716931583275722,-0.10124339155751427,0.05979629912077039,0.031244443048023686,0.12427646503110414,0.03985107914252978,0.6909468160560377,0.13430442841688478,0.09192888345973689,0.04928715733206828,0.02542716613863171,0.12784616024077916,0.2179435037068999,0.05368643408906295,-0.14143799878379262,0.43780067766549896,0.3362925227282591,-0.4375359142857732,1.8098535486109175,1.081204354404263,-0.0012840749615673497,0.15538485622187703,0.14335144800571695,0.4932432667957831,3.2127967905560393,11.391783568381385,0.11803488915181343,0.2828862360459832,0.3539951270714349,0,0,100.0
C024,MockCompany_024,Retail,2023Q2,729.6250783580998,113.37268789670448,86.12121524649953,2598.956468768524,858.4788610275574,1740.477607740967,1949.2173515763927,606.7042140053397,104.59281148406166,9.952145527060903,2376.96199416482,0.110682281080998,0.2828862360459832,-0.1126711395362339,1.8007266454605932,1199.9821636301645,1.985180775083778,101.80392878316616,0.3539951270714349,0.0029363842574003,2023Q2,0.15538485622187703,0.11803488915181343,0.049481369288186416,0.03313684406852479,0.4932432667957831,3.2127967905560393,0.14335144800571695,11.391783568381385,3.257785491023035,-0.0012840749615673497,0.008265999881061692,0.1106822810809982,0.036410402461273944,0.033753997010103017,0.12393994733289765,0.03948971363811503,0.6046892731986443,0.11794510512417591,0.10507607666883084,0.055495336077992695,0.0027560187397779844,0.08811290741316902,0.23629665628966529,0.06176613534712919,-0.1446355229672843,0.4166007327023114,0.29745222926602666,-0.18676994818502868,1.685062246279579,1.0534820958197293,0.02381931959227468,0.14246236572943372,0.04451528182952826,0.5228603412336625,3.0454069084079265,5.564029182551005,0.11939685995664641,0.1089419640199798,0.4727041630585658,0,0,97.02426078288161
C024,MockCompany_024,Retail,2023Q3,747.0042512820498,106.41999284772764,89.1899619774618,2568.385824912997,881.8320711841186,1686.5537537288783,1926.289368684748,632.5228209614608,33.253104773720715,19.126426075531832,2341.8473363016624,-0.0147729151536121,0.1089419640199798,0.1906530002309968,1.794403994864087,1185.8158368698494,1.859166840982228,100.2419721734388,0.4727041630585658,0.0587223870270876,2023Q3,0.14246236572943372,0.11939685995664641,0.052882964317155494,0.03472607624302254,0.5228603412336625,3.0454069084079265,0.04451528182952826,5.564029182551005,3.134985285932871,0.02381931959227468,-0.06132601403356985,-0.014772915153612232,0.029644308901858624,0.032577784143118675,0.1415659752028996,0.018943676017752716,0.5515666448767591,0.08178959628578697,0.10264361521071583,0.05859281525602231,-0.006197434845520441,0.08745269712714616,0.18993283250550846,0.07231940125399838,-0.020695962237253583,0.448372420075416,0.21079696715123666,-0.22556988230484876,1.634494543607165,1.0300185471539616,0.012628526913719185,0.11599484597909707,0.04701173378144791,0.5994098521686808,2.8403745436690726,7.586944113469143,0.10083790334260347,0.3182425435461571,0.2415488685915194,0,1,97.3315713733881
C024,MockCompany_024,Retail,2023Q4,756.4378145740278,87.74288779439513,76.27760323080686,2594.909643934407,972.4927003252982,1622.4169436091088,1946.1822329508052,685.1850708512445,35.56145316102147,11.564984066646511,2590.9999064702497,0.1063914655350927,0.3182425435461571,-0.1379611397924529,1.7134315935250244,1196.6076510517248,1.802456829779428,100.51900759043968,0.2415488685915194,0.0060717837851521,2023Q4,0.11599484597909707,0.10083790334260347,0.04701479698620401,0.02939509027186211,0.5994098521686808,2.8403745436690726,0.04701173378144791,7.586944113469143,3.42526491477147,0.012628526913719185,-0.17550372400472602,0.10639146553509282,0.013908622769501638,0.011161537158200473,0.14193878820192857,0.018234973700337248,0.5332387977191505,0.04595472636887245,0.09919679548351645,0.06217118090459545,0.025264359976241133,0.10244514483398004,0.22712358878612196,0.09345715929900764,-0.03438320686772873,0.5298813986880213,0.17563510667426416,-0.06924364113917146,1.5895432434720758,1.089672810825698,-0.027158968270759587,0.1298062524736367,0.09005047820311367,0.5744613555549115,3.1435313851831976,6.652226610750586,0.0992597760972454,0.1237990745525194,0.5760152888177841,0,0,100.0
C024,MockCompany_024,Retail,2024Q1,735.893743969209,95.52360912356671,73.04464825784657,2676.363620005204,976.5037850451026,1699.8598349601016,2007.2727150039032,638.5406948573477,66.26758355119702,14.359644477916596,2448.12241061012,-0.05514376727816,0.1237990745525194,-0.2231666871553792,1.855461678712584,1186.963965547218,1.8376053561915264,98.03395308070772,0.5760152888177841,0.0105659845076762,2024Q1,0.1298062524736367,0.0992597760972454,0.04297098311021513,0.02729249781749658,0.5744613555549115,3.1435313851831976,0.09005047820311367,6.652226610750586,3.3267335544970016,-0.027158968270759587,0.08867637622554514,-0.05514376727815995,0.002001200818416732,0.02198544112987783,0.13591208010101113,0.016892528898397964,0.5474937039382595,0.04820944986579054,0.0812322354549517,0.046388703335368306,0.036789266046079655,0.08448862840825515,0.20846745454115986,0.10749074850128579,-0.11720944647387325,0.49989267979940305,0.1926977624059908,-0.2478415296841508,1.6486626518806038,1.1997070431697066,0.008246226356819042,0.14371087268246735,0.04883100621785159,0.6169556257091203,2.656667233205238,5.836041814018545,0.13021069465944318,0.04,0.3967144060700096,1,0,96.12057721832869
C024,MockCompany_024,Retail,2024Q2,741.9620903565461,106.62801950259065,96.61139919642864,2706.983426629384,1032.8599172463655,1674.1235093830185,2030.2375699720385,764.2046939841705,36.2307554476595,18.27060581379443,2511.305779090241,0.0258089089852228,0.04,0.0057272241826884,1.865411222182656,1162.2466787151432,1.848208713889333,98.82378339591264,0.3967144060700096,0.0279240704782254,2024Q2,0.14371087268246735,0.13021069465944318,0.05770864494458721,0.035689689950074495,0.6169556257091203,2.656667233205238,0.04883100621785159,5.836041814018545,3.3846820635809856,0.008246226356819042,0.11624781015821517,0.025808908985222923,0.00438377614801333,0.022027100817295562,0.1329935842161587,0.01295677790071332,0.5784217936665939,0.04093944665829557,0.05760212500798536,0.02170445423267677,0.015570923022135863,0.06897947336812336,0.14774589552966408,0.11938380728260276,-0.040584779861032545,0.528292394332105,0.20078810525713797,-0.17497919627191516,1.6484409812397387,0.9650068004021146,0.04484481408059415,0.09047658392718642,0.07002737921621882,0.6066082729745129,3.0426507481936302,5.256651037539991,0.03859260832687435,0.1806689906270103,0.3361949311408025,0,0,93.43305946595865
C024,MockCompany_024,Retail,2024Q3,775.2352423534344,70.14063646819369,29.918350069374195,2852.356585680933,1076.9663840610913,1775.390201619842,2139.2674392607,703.0933275952568,54.28769229813128,13.343217185624988,2561.269121057432,0.0198953637518768,0.1806689906270103,0.2716669940963556,1.884209017976164,1167.7212678014869,1.7909920205383871,96.18064102586862,0.3361949311408025,0.0072789654678182,2024Q3,0.09047658392718642,0.03859260832687435,0.016851703947706957,0.0104889936340906,0.6066082729745129,3.0426507481936302,0.07002737921621882,5.256651037539991,3.3038605330669815,0.04484481408059415,-0.3421931984163924,0.01989536375187706,0.009640149770093198,0.029464198038943772,0.11999713876559688,0.022701258361111858,0.5993587766018064,0.018093170715895272,0.063980149354658,0.02027851654756646,0.024237992748508085,0.06601005761814581,0.16567765218142172,0.11697503127815798,-0.025182565135624668,0.5517244286538088,0.2053487772239994,-0.1854534134721226,1.636636743820539,1.0685883504216216,0.05155503545360873,0.11719319206998463,0.08168068428661093,0.5074847801941818,2.8976066385253127,3.5475619919720978,0.06685396116950162,0.1871503087903384,0.5257286763777165,1,0,93.25977408084103
C025,MockCompany_025,Finance,2021Q1,685.9319687099718,149.77861898541855,133.38283964368202,1130.066680649786,320.4828904789614,809.5837901708247,847.5500104873396,333.2371428289689,42.92722178737342,5.864474349066423,910.8574353515484,-0.1091401491437276,0.2373708702324202,0.386404514529547,1.9883101670867676,1183.4782679887144,2.345376921185447,100.68781125183686,0.3525143685892921,0.0598941457915882,2021Q1,0.21835783403839298,0.19445491058587033,0.16475482990509613,0.11803094625077269,0.3958612985703958,2.543383979617764,0.0625823314053197,25.53999046542374,1.3279122083539343,0.029321658588051358,0.016305366076255545,0.03901112242922311,0.028748223617539495,0.04103992952872891,0.14908296294256101,0.02851283501543619,0.6270378788260513,0.06156726049581937,0.09118377837234426,0.043601873648594996,0.043950407107197303,0.10004747440174336,0.2019274246561828,0.07374245419873522,-0.0625823314053197,0.3094218828349386,0.2809401654437127,-0.3900803145874403,1.8718339612918893,0.8993071216566509,0.0804669763075514,0.1979724911559957,0.1547245724489727,0.33846219150074197,2.998637991163463,22.836848226021324,0.13950550246074914,0.2219190778298399,0.3516684954321741,0,0,100.0
C025,MockCompany_025,Finance,2021Q2,741.1268401847492,146.72272681414427,103.39127222726027,1304.2471369541693,329.8100962698506,974.4370406843186,978.185352715627,326.20988448595466,114.67053347819817,6.424823834671065,1137.1106907018984,0.2483959032107224,0.2219190778298399,0.0303122546288054,2.1096584000200584,1230.5009663255591,2.37980328128516,100.83895657203344,0.3516684954321741,0.0,2021Q2,0.1979724911559957,0.13950550246074914,0.10610359408602274,0.07927276150180587,0.33846219150074197,2.998637991163463,0.1547245724489727,22.836848226021324,1.5342997028914829,0.0804669763075514,-0.02040272631684359,0.24839590321072236,0.028748223617539495,0.04103992952872891,0.20816516259719434,0.014414614188956048,0.36716174503556886,0.04058729784300491,0.1086534519271462,0.06515440347569246,0.0696278770334974,0.2528161671385001,0.22964497403113004,0.010926067189351293,-0.0742575961414213,0.2714559882872224,0.4331640399125198,-0.18476813670179737,1.9404618783544942,0.8450435615492364,0.07564290776197358,0.2184779553593103,0.12568307323137554,0.3376203405746838,2.603600925855772,21.688672064200286,0.16482373763050032,0.1812734341535883,0.1847878683228824,0,0,100.0
C025,MockCompany_025,Finance,2021Q3,797.1878293967671,174.16796700415085,131.39547763488562,1464.6678228121802,369.6875968217656,1094.9802259904145,1098.5008671091352,421.9159918855336,100.19301634136087,8.030365642807011,1265.977213465729,0.1133280372944922,0.1812734341535883,0.2965659034033657,2.164094037568321,1212.606382237122,2.644864641703893,102.4185272627837,0.1847878683228824,0.0089719633151848,2021Q3,0.2184779553593103,0.16482373763050032,0.11999803696538705,0.08971008687998278,0.3376203405746838,2.603600925855772,0.12568307323137554,21.688672064200286,1.5880538648239364,0.07564290776197358,0.18705513989507483,0.11332803729449226,0.07805494203476249,0.0034111315814868023,0.21160276018456634,0.0118043120352837,0.35731461021527383,0.03338506500825773,0.1143299923618893,0.047108571195255786,0.08419459712049567,0.18053967759354142,0.2135211274052828,0.028976279301432862,-0.05004016546940196,0.2638577388782129,0.41980393635265945,-0.30647589905816724,2.046917452416411,0.6299190413546836,0.03853438632393469,0.17710887366143266,0.12936739490389687,0.3252223228395312,2.6989584971262652,14.734929697989424,0.13839270042735546,0.1349802431163407,0.2630141259032109,0,0,100.0
C025,MockCompany_025,Finance,2021Q4,827.9069731874811,146.62967151785782,114.57628172219208,1527.1840795336798,374.7856832698111,1152.3983962638688,1145.38805965026,424.38150155592274,107.10416834416418,9.951161933479089,1403.819118979645,0.1088818219220245,0.1349802431163407,0.2278712790532609,2.151071749803963,1225.1275534191643,2.2718025717190606,102.2290689044008,0.2630141259032109,0.0562919968307262,2021Q4,0.17710887366143266,0.13839270042735546,0.09942419400578349,0.07502453912242361,0.3252223228395312,2.6989584971262652,0.12936739490389687,14.734929697989424,1.6956242240274646,0.03853438632393469,-0.15811343474909323,0.10888182192202445,0.06488142346448655,0.022944338820225847,0.20297928855378292,0.019757316964066796,0.3492915383713382,0.031631004373170686,0.11808934299739121,0.03919195311338263,0.09036640332087788,0.1479259326740477,0.19388590633304728,0.04584667346338967,-0.09083300857996218,0.267622563551867,0.3450106548892642,-0.2361288329672397,1.9155442785588075,0.6656169325714185,0.015450318515148886,0.15617551947022768,0.14796867836774735,0.31903348956352445,3.1133124242128867,29.328431901927257,0.13978238770342577,0.1827395501321743,0.2710691541808797,0,0,100.0
C025,MockCompany_025,Finance,2022Q1,840.6983996241405,131.29650927924538,117.51482963805095,1544.0745662627394,373.4639801938722,1170.6105860688672,1158.0559246970545,371.969069241974,124.39703109841236,4.476765402561092,1544.167516758035,0.0999761264687726,0.1827395501321743,0.5446850664685418,2.254771524155069,1252.269271348409,2.215995648115717,101.54852732017387,0.2710691541808797,0.0561496044939198,2022Q1,0.15617551947022768,0.13978238770342577,0.1003876361929954,0.07610696543134339,0.31903348956352445,3.1133124242128867,0.14796867836774735,29.328431901927257,1.8367675226294766,0.015450318515148886,-0.10457066485854483,0.09997612646877263,0.05252364722715214,0.03101322820012439,0.18743370991174158,0.026823421350235323,0.3300845861196204,0.009534851972734237,0.13943592973799812,0.014107525780230236,0.14264547222400292,0.07071850958463584,0.1802280763079858,0.03555702598282147,-0.13251835985259847,0.26920826860254155,0.3195945163531239,-0.2196183898843513,1.9404492916992975,0.7230169729155955,0.0744144905196309,0.15526554912656007,0.11960489638245747,0.2929935750195634,2.4261945439894435,17.26920289789282,0.10469084326668077,0.2466774501305451,0.3469974454953611,1,0,100.0
C025,MockCompany_025,Finance,2022Q2,903.25854271284,140.24493363772078,94.5628985245451,1662.2884128078226,376.6761368285095,1285.6122759793132,1246.716309605867,513.856694918388,108.03414440785838,8.121100577118368,1708.0870027826472,0.1061539530171958,0.2466774501305451,0.6045570258773179,2.3139001431543647,1228.5832485348878,2.1989247116519888,103.5628024538611,0.3469974454953611,0.0628850665774236,2022Q2,0.15526554912656007,0.10469084326668077,0.07355475697557291,0.05688717902133428,0.2929935750195634,2.4261945439894435,0.11960489638245747,17.26920289789282,1.8910277866298395,0.0744144905196309,0.06815432038214819,0.10615395301719577,0.05101052578017201,0.029295518451838913,0.17675697440438265,0.02958739445894392,0.31871743199932573,0.018810017435314335,0.13065601072136931,0.01222355959026218,0.10708498467562128,0.0055859053293719286,0.1864176693831621,0.045887695206155314,-0.04519040586282658,0.24750176670359691,0.3492849360286484,-0.2431309830114526,1.94806367374269,0.8411766623295032,0.04754255441393318,0.1773210082936237,0.04970250887629506,0.31263279801410215,2.973261640682131,24.920213339689848,0.1307713537314586,0.2474575504563288,0.3365388291906006,0,0,100.0
C025,MockCompany_025,Finance,2022Q3,946.2017611296152,167.78145033288317,123.73608520614076,1676.2748664972305,399.2422728937687,1277.0325936034617,1257.2061498729229,422.8373758528426,47.028601431360414,6.732745342943807,1909.5310164675363,0.11793545255992,0.2474575504563288,0.2333983427311216,2.102467972979406,1211.7260541591947,2.1719127735771773,101.69099177228009,0.3365388291906006,0.0482154180388645,2022Q3,0.1773210082936237,0.1307713537314586,0.09689344330428722,0.07381610717854868,0.31263279801410215,2.973261640682131,0.04970250887629506,24.920213339689848,2.018101312965049,0.04754255441393318,0.1963458927243278,0.1179354525599201,0.04398543744316191,0.024375857747742893,0.16646773763796102,0.012415662716266696,0.3124705463591803,0.013964941401858904,0.11166086963259919,0.04294851196856532,0.10823683849197822,0.007462280560599413,0.2029636984588472,0.05453244088501972,-0.0021599544623618766,0.2571964350445847,0.27456607158385193,-0.15663061902393194,1.8595510775425623,0.8411928146915142,0.07676760389447734,0.20611298212135232,0.12071157156653792,0.26992758996307736,2.601959103629188,46.17461262712452,0.18051004558944578,0.2540980357122075,0.0211190238193372,1,0,100.0
C025,MockCompany_025,Finance,2022Q4,1018.8394031322704,209.99602768253703,183.91074710791037,1904.396922783376,404.78628526783416,1499.6106375155418,1428.297692087532,548.9316454254619,122.98570552613054,4.547867663387905,2202.5680637104847,0.1534602186169465,0.2540980357122075,0.0042027769062059,2.14339732609285,1227.7148355236436,2.1162151635330333,101.57165632189216,0.0211190238193372,0.0,2022Q4,0.20611298212135232,0.18051004558944578,0.12263899875535639,0.09657164685974108,0.26992758996307736,2.601959103629188,0.12071157156653792,46.17461262712452,2.161840283107283,0.07676760389447734,0.2516045562003364,0.15346021861694648,0.053543741835797576,0.02864762392882873,0.17371876475294093,0.023879196660422694,0.29864686314006683,0.022120708469805305,0.10949691379825945,0.04196580905866108,0.11938143766570872,0.023909458636177047,0.23274314660781392,0.03350158923812592,-0.043943967672060574,0.21429200943895788,0.40359215758236755,-0.2501319389654211,1.859178822026152,0.4895090689705026,0.03768610056908428,0.22651919173739682,0.134366719436227,0.250877114749989,3.095418317222643,35.9534242718085,0.2033978797521601,0.2611276831481368,0.1897126890976445,0,0,100.0
C025,MockCompany_025,Finance,2023Q1,1057.235487342459,239.48412806913316,215.03945652440123,2021.5394739733356,405.4418972124666,1616.0975767608688,1516.1546054800017,489.8060456130119,142.05726410590128,6.660954634603804,2280.6470652926864,0.0354490754990192,0.2611276831481368,0.1346857604854192,2.1495680340441687,1202.8941101269882,2.268406025944381,101.5181716887609,0.1897126890976445,0.0403452426159333,2023Q1,0.22651919173739682,0.2033978797521601,0.13306093618138454,0.10637410710641966,0.250877114749989,3.095418317222643,0.134366719436227,35.9534242718085,2.157179826628146,0.03768610056908428,0.14042218184800603,0.03544907549901932,0.059102687349281424,0.019483389982862323,0.19130468281973323,0.03137785672054476,0.281607769436683,0.026913371503209382,0.10609642406537935,0.03819059496582236,0.10324967492327036,0.04947095739368131,0.25234017986180457,0.006738368969778349,-0.09668061886714271,0.19404863349141138,0.39857201174270807,-0.36312293624368885,1.9071591540340886,0.6448890057371927,0.0431795486901172,0.2022366912343771,0.08479367516693466,0.28645797128381534,2.5545361129537176,25.750984948798727,0.1667583153463261,0.2340737838388888,0.4000403457011822,0,1,100.0
C025,MockCompany_025,Finance,2023Q2,1102.8864385450825,223.04410413882587,183.91548451025412,2089.993090914119,465.3826197083378,1624.610471205781,1567.494818185589,613.6123150635741,93.51779441609396,8.661575646778505,2221.503373222404,-0.025932856061046,0.2340737838388888,0.0711750158830011,1.8899591642043168,1194.7008941667732,2.0338395971761605,101.73634218408874,0.4000403457011822,0.0659085790652735,2023Q2,0.2022366912343771,0.1667583153463261,0.11320589628702774,0.08799813038124703,0.28645797128381534,2.5545361129537176,0.08479367516693466,25.750984948798727,2.014263024351788,0.0431795486901172,-0.06864765553716135,-0.025932856061046006,0.051293951891903,0.0174546754608526,0.2030474683466875,0.02018933117614641,0.27997386850274597,0.026180132780083337,0.09739361876149864,0.03805232203685865,0.07022797265370992,0.08095284033207507,0.2491892632888905,0.011519526375933158,-0.04161412647681746,0.2285256589936643,0.33020991509142894,-0.35614277115247495,1.731739834733199,0.8626397885337354,0.05176354648157444,0.1768472726773448,0.11787981346956436,0.2906815772987367,2.488309873478617,18.390125557741253,0.1518347535004732,0.3247781706001032,0.5748457493661308,0,0,100.0
C025,MockCompany_025,Finance,2023Q3,1159.9757519706088,205.1385481080312,176.12463236713526,2112.7039707705367,475.8138129425174,1636.8901578280193,1584.5279780779024,636.7888481108945,136.7377252716309,11.154820419553294,2661.5185226621,0.1980708896252684,0.3247781706001032,-0.1238848654160972,1.908065724952785,1187.9186393811167,1.948702351982672,99.35060657282136,0.5748457493661308,0.0,2023Q3,0.1768472726773448,0.1518347535004732,0.10759709900188201,0.08336455783855816,0.2906815772987367,2.488309873478617,0.11787981346956436,18.390125557741253,2.2944604817284513,0.05176354648157444,-0.08027809611882863,0.1980708896252683,0.052349199908813315,0.01727898944636932,0.20292903444261776,0.020390934913271118,0.2744860633239046,0.018108776741833567,0.11443794490981599,0.021032860269300433,0.09026183192004703,0.10347700676297299,0.26851941832483406,0.039218035681268096,-0.06611626698798992,0.23927533313590635,0.34649063262848356,-0.14841974300321517,1.706244418741745,1.1388992531021405,0.09405647231393854,0.236671296184057,0.10036556527478477,0.2671546472575371,2.9114160883882816,53.886443592355505,0.21327295246123532,0.2221361614083908,0.2788872827079547,1,0,100.0
C025,MockCompany_025,Finance,2023Q4,1269.0789791706725,300.3545669604996,270.66022079443314,2351.7974000682475,495.8302494462604,1855.967150621987,1763.8480500511855,605.8385323496358,127.3718291229117,5.573842823600672,2855.03171702806,0.072707814248989,0.2221361614083908,0.4359302789505705,1.8217875082912127,1176.5352507242085,1.7369491460827404,100.48778242705242,0.2788872827079547,0.0381813007574303,2023Q4,0.236671296184057,0.21327295246123532,0.14583244143280308,0.11508653797578978,0.2671546472575371,2.9114160883882816,0.10036556527478477,53.886443592355505,2.249687973629142,0.09405647231393854,0.46415468828572015,0.0727078142489892,0.056671417013678616,0.025587772498631024,0.21056861295829393,0.026722778953107443,0.27379282764751955,0.018392308760289668,0.10935144333687769,0.021465686707566923,0.07007373082805765,0.094527496067505,0.2605289497488799,0.04583376797935275,-0.006309092960846224,0.20392681060950127,0.43109333377278036,-0.3583855195237914,1.598518404248146,0.7049502547258468,-0.09804084022738568,0.17044860539384155,0.10424294689976185,0.29946119168921254,2.62180670505219,37.767574672343514,0.1132552089062925,0.3217247527601761,0.2887836857483206,0,1,100.0
C025,MockCompany_025,Finance,2024Q1,1144.6574097378668,195.1052591437169,129.638414066111,2206.985684400599,508.6004624984613,1698.3852219021378,1655.2392633004492,631.3353536354153,119.32246158182764,5.165946206464278,2742.103214200956,-0.0395542025517867,0.3217247527601761,0.3588221710673936,1.811477784984771,1148.6992374830245,1.775186053868216,99.44244496517152,0.2887836857483206,0.0111556490158728,2024Q1,0.17044860539384155,0.1132552089062925,0.07633039453843325,0.05874003396685425,0.29946119168921254,2.62180670505219,0.10424294689976185,37.767574672343514,2.395566735401222,-0.09804084022738568,-0.3504168719053449,-0.0395542025517871,0.022739681814561125,0.08353480709651685,0.1965509663724051,0.03006402681658905,0.2859388468823254,0.013643838005576284,0.10182050020276141,0.013611262457323393,0.05132291131535617,0.1098777906422491,0.27567821715188967,0.05516269716235727,-0.20228378712714754,0.2484184491962084,0.1766507120662177,-0.21620491461800442,1.5999421148434525,0.858926887704705,0.06809208668731626,0.16665217056331036,0.059107235845051675,0.24732390585600814,3.2356405682751705,21.837166132129603,0.10994659961120722,0.2493707137658868,0.2400695925157117,1,0,100.0
C025,MockCompany_025,Finance,2024Q2,1222.5995213090166,203.7488639559785,134.420660054326,2426.244875118692,481.0846294699311,1945.1602456487608,1819.6836563390189,562.3874524807944,72.26447825011843,9.330371106824169,3329.547466484032,0.2142312693558677,0.2493707137658868,0.6950200253958299,1.8812942289299748,1174.0113788866204,1.9013422646003555,97.86740219336566,0.2400695925157117,0.0102561053564794,2024Q2,0.16665217056331036,0.10994659961120722,0.06910518573210103,0.055402758984784965,0.24732390585600814,3.2356405682751705,0.059107235845051675,21.837166132129603,2.7233345085203524,0.06809208668731626,0.04430226458372721,0.2142312693558679,0.02896781631386089,0.08644475272766844,0.18765483620463844,0.03294734749599862,0.2761553305253736,0.02356861159580671,0.09539889037229067,0.025333517238881848,0.1113639426695846,0.1188421423170063,0.2795024496336392,0.05174110655139541,0.00898485084226458,0.20610684011290856,0.29385149309567826,-0.07962022373981056,1.6761261864016017,0.7045319972367716,0.09860836972477416,0.22613628153232967,0.2619470359437572,0.20981324968873277,2.37625438951587,39.646608725202455,0.19608121867134481,0.1987137732378521,0.5370750376053851,1,0,100.0
C025,MockCompany_025,Finance,2024Q3,1343.158066931588,303.73677076628746,263.3680706323896,2911.49385014243,504.9291585329564,2406.5646916094734,2183.6203876068225,918.9337628322402,351.8362744369381,7.661103445994417,3752.9486603796686,0.1271647868539757,0.1987137732378521,0.4890116946007134,1.9401133753987336,1150.686034362314,1.842724961125591,97.67707527818855,0.5370750376053851,0.0310291820882936,2024Q3,0.22613628153232967,0.19608121867134481,0.1094373533986089,0.09045805493266462,0.20981324968873277,2.37625438951587,0.2619470359437572,39.646608725202455,2.7941228607221147,0.09860836972477416,0.49074092914654055,0.1271647868539756,0.04067902212466082,0.09345165920012803,0.19997708841838466,0.036575263624938126,0.2559382486228726,0.0375134491414612,0.13141569599083885,0.0893857054739177,0.09363741697676142,0.10621521790763178,0.24798635029307645,0.05333943999100414,-0.16333866621898302,0.16236686158790853,0.586691687200861,-0.45952690034688526,1.6691992280922077,0.8981556724311457,0.08243040198012985,0.2405359365996203,0.24743892085939231,0.181942360169646,2.8825124446831523,43.01243257209186,0.2119990426153863,0.0918133584610881,0.387877986547582,0,0,100.0
C026,MockCompany_026,Retail,2021Q1,119.22895434784172,25.07375836289896,19.798256059771624,318.044950248209,131.1710978732176,186.87385237499137,238.53371268615672,91.62897532145672,29.35560890476904,2.519281501097597,411.4097143581312,-0.165947683376443,0.1902604434311269,0.0483359971248726,1.944975398639164,1190.2017139592956,2.5184916340502705,98.96396825853488,0.3134375079597076,0.0460971657579181,2021Q1,0.21029923897124697,0.16605241711544003,0.10594449575501558,0.06224986765002368,0.7019232289881868,2.6032563591016835,0.24621208048910662,9.952741820246018,3.450585611565652,0.029321658588051358,0.016305366076255545,0.03901112242922311,0.028748223617539495,0.04103992952872891,0.14908296294256101,0.02851283501543619,0.6270378788260513,0.06156726049581937,0.09118377837234426,0.043601873648594996,0.043950407107197303,0.10004747440174336,0.2019274246561828,0.07374245419873522,-0.24621208048910662,0.5543093081157308,0.4565113194603536,-0.6224590028367967,1.9192739756290906,1.0580072595065653,0.05203061812102061,0.19997418735008404,0.2086772445499609,0.6391400513485055,2.7347611431172285,11.836022506758853,0.14868728274370607,0.286181432297335,0.1798897040865008,0,0,100.0
C026,MockCompany_026,Retail,2021Q2,125.43251054048288,25.08326436281389,18.65021916013436,338.11095846078604,131.8375785979817,206.27337986280435,248.03132731589585,90.69579181984484,26.17491067678057,2.1192308764751244,528.3588122938113,0.2842643084355472,0.286181432297335,0.0916078124279997,2.1481049579368228,1216.158899312719,2.512577765415525,100.25694449249052,0.1798897040865008,0.0009484455853886,2021Q2,0.19997418735008404,0.14868728274370607,0.09041505584699537,0.05516005528179958,0.6391400513485055,2.7347611431172285,0.2086772445499609,11.836022506758853,4.21229560034257,0.05203061812102061,0.00037912146146368286,0.28426430843554695,0.028748223617539495,0.04103992952872891,0.2051367131606655,0.0073009140174254625,0.6705316401683461,0.04439441065345825,0.22744466251953377,0.026541137023294484,0.05915831252955209,0.31834795238176067,0.23822093786423096,0.06782638168541506,-0.15664662642894028,0.5113285389771971,0.46068205002106555,-0.17641774158551837,1.9960866229671375,0.977399675361033,-0.00794104023107578,0.2047159569361344,0.21684283325038758,0.7643680367870817,1.9352136426918192,11.617260425218435,0.1570937783624918,0.1029282660472639,0.1895174129628114,0,1,100.0
C026,MockCompany_026,Retail,2021Q3,124.43644592799608,25.47412610608598,19.548191456985904,336.8242447382923,145.9206250202171,190.9036197180752,252.61818355371923,130.5376202290515,26.98315149485217,2.1927825633632327,524.3905095329068,-0.0075106209427576,0.1029282660472639,0.4421423911583308,2.146414887128279,1213.398934300474,2.3992218603179105,101.3614518756995,0.1895174129628114,0.0515193051603983,2021Q3,0.2047159569361344,0.1570937783624918,0.10239822317540184,0.058036770696588476,0.7643680367870817,1.9352136426918192,0.21684283325038758,11.617260425218435,4.214123166392313,-0.00794104023107578,0.01558257081767822,-0.007510620942757784,0.022044788944972415,0.04240636629977021,0.2049964610858218,0.005168238063248799,0.701810439041258,0.06261406890971197,0.22391071942981836,0.019740370779919213,0.03693533470544886,0.2283731412030356,0.1931233805919086,0.09166012242005238,-0.22478387348146336,0.6078897026848198,0.4136177499554462,-0.4211283708982038,1.9549925418963083,0.9003353816948951,-0.03125203507713681,0.22644326839779436,0.18302138173437174,0.8708239360588401,1.9130134400084566,7.309833159025896,0.18658673964907066,0.1718428456940393,0.3613706836938878,0,1,100.0
C026,MockCompany_026,Retail,2021Q4,120.5475537549801,27.297182069862945,22.49257502799941,319.22501900428523,148.59163504410998,170.63338396017525,239.4187642532139,125.15268280093343,22.06277985311793,3.734309862988818,560.6347839677326,0.0691169534458391,0.1718428456940393,-0.2567146336814527,2.249013813816921,1236.6612110566336,2.712119792730937,102.71723719315304,0.3613706836938878,0.0120941249730318,2021Q4,0.22644326839779436,0.18658673964907066,0.13181813843132373,0.07045993793997399,0.8708239360588401,1.9130134400084566,0.18302138173437174,7.309833159025896,4.650735469112916,-0.03125203507713681,0.0715650050637624,0.06911695344583912,0.004279180937602674,0.04296510718000949,0.21035816291381493,0.01152382354464707,0.7440638132956535,0.09876776613424124,0.21368838500595672,0.026034066976025737,0.04498073939054642,0.18715886806351364,0.18780324686744126,0.075592772931175,-0.21427341681150855,0.6736317177786445,0.3782126150550293,-0.3090956616091902,2.10739512560874,1.2068452471665716,-0.0545901476675561,0.14261316083244482,0.1494794673715693,0.9817268450728284,2.1838270849387333,3.643848951925305,0.08194185534265112,0.1663324123195781,0.1465720721103756,0,1,97.94303045248452
C026,MockCompany_026,Retail,2022Q1,113.96684499453308,16.25317199491427,9.338654726482314,313.0041320667589,155.05898799001594,157.945144076743,212.6020058677809,97.35294856074265,17.035703287950483,4.460440650999738,572.3811284084801,0.0209518652367876,0.1663324123195781,0.1513818251687488,2.351409012075026,1234.024189038113,2.366354313589856,103.20290955396818,0.1465720721103756,0.0181838462202626,2022Q1,0.14261316083244482,0.08194185534265112,0.0591259375589647,0.029835563718566785,0.9817268450728284,2.1838270849387333,0.1494794673715693,3.643848951925305,5.022347757638763,-0.0545901476675561,-0.40458425513238794,0.020951865236787715,-0.01043815121368702,0.04579373777347011,0.1934366433791144,0.0357883876361468,0.8140147173168139,0.1465157406966658,0.18950523172657238,0.03032607599464349,0.09170562654385407,0.13221075678453342,0.18182123908955408,0.07627717703936275,-0.2040696150391254,0.8417196766229285,0.23750248053645803,-0.21655061529967043,2.0214244206941427,1.1546241610528822,0.0007310032310474668,0.18200832969781722,0.14138510494005624,0.9862979293877783,2.0888791328908174,7.4842781634568984,0.14862820670575339,0.1670665270018404,0.1794767866229857,1,0,100.0
C026,MockCompany_026,Retail,2022Q2,114.05015512645636,20.758078236525275,16.951070031106823,320.2205897274046,159.00580669376498,161.21478303363963,219.43092467680952,105.04720987424884,16.12499315112511,2.773557820231135,586.422108496261,0.0245308228921213,0.1670665270018404,0.0646709018729363,2.235713417981771,1240.2660475110629,2.2957439580113275,103.16812003768776,0.1794767866229857,0.0677235789134116,2022Q2,0.18200832969781722,0.14862820670575339,0.10514587875892628,0.052935603065011806,0.9862979293877783,2.0888791328908174,0.14138510494005624,7.4842781634568984,5.14179141484645,0.0007310032310474668,0.27717089581163745,0.024530822892121273,-0.023263054936180305,0.024870930183975584,0.1889451789660477,0.03582178076215503,0.9008041868266321,0.10546926109607573,0.17268219682409622,0.034520212285119624,0.0267722551579976,0.03166117509013993,0.15204251276568043,0.0328338476160408,-0.14065410170900877,0.806783490675493,0.3241244378689209,-0.2995936149767996,1.9580898958509032,1.153326804300319,0.06275481325405075,0.18065513563805663,0.10551677206863809,0.8997086698137461,2.4017852178654118,7.186833264011014,0.13603092873478395,0.2207335898360065,0.1730738881872335,1,0,100.0
C026,MockCompany_026,Retail,2022Q3,121.20735131301264,21.896730491962536,16.487948568728374,345.3790717175713,163.5727362490209,181.80633546855043,226.29607240028665,94.2199455282707,12.789408461644014,3.04678426232961,640.4283334782298,0.0920944558527214,0.2207335898360065,0.366568865967492,2.18379332669843,1223.7919233803725,2.199738700669765,102.54754016092856,0.1730738881872335,0.0264461916124894,2022Q3,0.18065513563805663,0.13603092873478395,0.09068962600310392,0.0477387019621253,0.8997086698137461,2.4017852178654118,0.10551677206863809,7.186833264011014,5.283741675198133,0.06275481325405075,0.054853452350599685,0.09209445585272147,-0.005589091564898674,0.05089375565174791,0.18292997364152824,0.03427767267055622,0.9346393450832982,0.058247748143462674,0.14485068152865885,0.03182030099938578,0.051673524356867354,0.03473073328369374,0.1814938437128661,0.026273661767008762,-0.042761958814587345,0.7371716780338083,0.34892672096074545,-0.25683226510802404,1.9013737865929798,1.1309791560570484,0.027878090619044116,0.22731636163729543,0.2709158421811674,0.8619179195183838,2.285024998978188,6.983272944164704,0.2019300692071825,0.2672581942536334,0.4643513839147173,0,0,100.0
C026,MockCompany_026,Retail,2022Q4,124.58638083661111,28.320522801564223,25.15773650481121,365.83825578636487,169.3536245625926,196.48463122377228,274.37869183977364,120.0768884192447,33.75242428892507,4.055479861809766,725.6176038526268,0.1330192090529874,0.2672581942536334,-0.2050036892492613,2.137076527856003,1231.0791162735763,2.2065247135239905,104.93075405301572,0.4643513839147173,0.0187319692310942,2022Q4,0.22731636163729543,0.2019300692071825,0.1280392076876056,0.06876737494460823,0.8619179195183838,2.285024998978188,0.2709158421811674,6.983272944164704,5.824212879242508,0.027878090619044116,0.2933676473736395,0.13301920905298736,0.009193439859146557,0.04952405397187923,0.18314824695140353,0.034647898334258145,0.9324128409481841,0.06157534819479995,0.16682429664035775,0.07197605620138448,0.06764908825865443,0.054499676254841124,0.2053476808527646,0.048501806783096735,-0.24303775156212326,0.6659898740234776,0.5261102944375069,-0.39309108538451953,1.8895841693650703,1.3975994521918285,0.00610190645794817,0.20896429928310703,0.1144860775165707,0.8496923517668629,2.188973411988965,11.432029524074666,0.17090200195239455,0.2415335550741153,0.444213774224774,0,0,100.0
C026,MockCompany_026,Retail,2023Q1,125.34659527841042,26.19296345008521,21.42198407116781,366.0897703027131,168.170494725795,197.91927557691807,274.5673277270348,125.43200672107112,14.350440023596796,2.291191024611467,649.782264552698,-0.1045114381146283,0.2415335550741153,-0.3167992990993036,2.0229201962903893,1213.7009530227035,2.289216889594348,101.93098137551006,0.444213774224774,0.0223202089217288,2023Q1,0.20896429928310703,0.17090200195239455,0.108235966449535,0.05851565875057323,0.8496923517668629,2.188973411988965,0.1144860775165707,11.432029524074666,5.183884437421429,0.00610190645794817,-0.07512429648232,-0.10451143811462837,0.024366453390522624,0.028155674075454856,0.19973603156406908,0.022540242048688416,0.8994042176216928,0.06171737191392032,0.1580759491766081,0.07675495585349244,0.03628326242080045,0.10397756202959839,0.2241479665413989,0.04254683352974789,-0.10838417105862252,0.6721369848736851,0.32955228325762587,-0.4340637213722542,1.8733582659664691,1.3578843141725745,-0.04317695698792212,0.16648269075376568,0.056239735066819604,0.8715853199631799,2.3027259840121967,5.399239541341585,0.12895841059016164,0.2435145355346672,0.3857059068674566,0,0,94.25260412409807
C026,MockCompany_026,Retail,2023Q2,119.934510725492,19.96702005998276,15.466563878197102,376.07861532317753,175.13740718755022,200.9412081356273,282.0589614923832,122.48915565656227,6.745085108626545,3.698117096249852,571.7946743664659,-0.1200211123643361,0.2435145355346672,-0.0126928782381645,1.8900392694368031,1189.4078408865792,1.998496580587764,102.36087088157844,0.3857059068674566,0.0156250904647688,2023Q2,0.16648269075376568,0.12895841059016164,0.07697059265056681,0.04112587966445531,0.8715853199631799,2.3027259840121967,0.056239735066819604,5.399239541341585,4.767557485354911,-0.04317695698792212,-0.2376952650648697,-0.12002111236433621,0.013389463335780227,0.044346087713919895,0.19585462182805619,0.02741921121083173,0.8707260652655432,0.0212973411492347,0.13678960670829893,0.093011767112891,0.0001452786066860924,0.13102559859604707,0.2432599686746056,0.019029782646579698,-0.09941669205474173,0.726481450674228,0.17954546883266315,-0.29956658119699925,1.7178098997745719,1.3557018930763518,0.07880629368653436,0.23237530327050607,0.16116101477444336,0.9497874634921375,2.330776318764161,8.002388089315774,0.20952180086832023,0.2756064682094382,0.3930246305220014,1,1,100.0
C026,MockCompany_026,Retail,2023Q3,129.38610500087594,30.06613538880046,27.109209727330622,391.94942149975645,190.9278082020632,201.02161329769328,293.96206612481734,126.12195505673964,20.85199597981501,3.757145372759447,552.2186528656449,-0.0342361032349779,0.2756064682094382,-0.3888446055838028,1.8799504915873324,1179.069572825866,2.256435148359452,102.63224710653267,0.3930246305220014,0.0139076663055077,2023Q3,0.23237530327050607,0.20952180086832023,0.13485718914736639,0.06916507141031283,0.9497874634921375,2.330776318764161,0.16116101477444336,8.002388089315774,4.26799039091283,0.07880629368653436,0.5057898123244746,-0.034236103234978055,0.01740233344390113,0.05058899057159732,0.20878466373616855,0.029941227362236113,0.883245763685141,0.04525657281602507,0.15070066738475024,0.0909129095573328,-0.031437361165238736,0.11581695060687242,0.2569781882679635,0.017053816543115108,-0.082354721087909,0.7290803136206273,0.47234261173148373,-0.5065787149664617,1.801455845829134,1.3977114123520669,-0.0662089490232265,0.16122752617727595,0.10847088824594814,1.2046612067458953,2.1326539042043646,4.734237062069272,0.10749865978555652,0.2190107093633351,0.2892374442978936,0,1,95.05475690111177
C026,MockCompany_026,Retail,2023Q4,120.81958697055912,19.479443121184715,12.98794367528709,391.06237069208345,213.68256762107495,177.37980307100847,293.2967780190626,137.52666451819383,13.1054079163136,4.114589713413353,481.51362773008697,-0.1280380964472066,0.2190107093633351,0.0416243211362099,1.6479632059276628,1185.315564418751,1.8264242596818328,100.66675781754915,0.2892374442978936,0.0218451813502032,2023Q4,0.16122752617727595,0.10749865978555652,0.07322109648534536,0.033211949419394246,1.2046612067458953,2.1326539042043646,0.10847088824594814,4.734237062069272,3.985393757747534,-0.0662089490232265,-0.3521135034720576,-0.12803809644720665,-0.006119426466666522,0.06415021489026929,0.19226245487116367,0.034233293981409244,0.9689315854920189,0.16292047345808097,0.11008942890094545,0.042934238872040675,-0.09670168754028723,0.042773463439938465,0.24491631704538894,0.023283713605628475,-0.17467983726917463,1.0104366605005226,0.2034894653999976,-0.3315275618472042,1.5716302822889487,1.5186848141617513,0.0035396796456204083,0.23617222858414585,0.2113194053826867,1.2506590006479248,1.8486230748698689,13.218489964101147,0.21833148346807119,0.1829728951659464,0.4077553631370322,1,0,100.0
C026,MockCompany_026,Retail,2024Q1,121.24724960335108,28.63523314875779,26.47209187254148,390.8389916567062,217.18363491766223,173.65535673904395,293.12924374252964,158.56625816558923,25.621896690677666,2.166301386414563,456.9214584555253,-0.0510726339989423,0.1829728951659464,0.1008101681635146,1.7744245175258806,1161.7892550275733,1.921262028033372,98.77356927003387,0.4077553631370322,0.0741442618863603,2024Q1,0.23617222858414585,0.21833148346807119,0.1524403990149828,0.06773145064227762,1.2506590006479248,1.8486230748698689,0.2113194053826867,13.218489964101147,3.7685098832883397,0.0035396796456204083,0.4700231916597126,-0.05107263399894235,-0.0067599831697484625,0.06400012060477667,0.1990644371964234,0.04074229586480011,1.0691732477122844,0.1867154878665704,0.13429776086747444,0.06686815603758954,-0.08334198651136573,0.047594815546303966,0.23027615206834673,0.039134812597681874,-0.2077797257370663,0.9552880772660837,0.45103131361245297,-0.5021039476113953,1.6420270674540105,1.5460163355690622,-0.014114845237772955,0.14716493050109697,0.1400373492629061,1.112081601641695,2.2190267485570416,7.42044997470707,0.11664007737030291,0.2505527733246339,0.4750350732548898,0,0,99.61847202711874
C026,MockCompany_026,Retail,2024Q2,119.53586343969415,17.591487035638373,13.94267236024853,395.0776041930739,208.0215719427703,187.05603225030364,296.3082031448054,133.53070364531013,16.739485458087536,2.3706765881017025,454.76957915491823,-0.0047095168344265,0.2505527733246339,0.0465389243352757,1.8150142408758203,1183.417767201694,1.7980533597753223,97.78188753232156,0.4750350732548898,0.0377486723036906,2024Q2,0.14716493050109697,0.11664007737030291,0.07453741102300837,0.03529097122245247,1.112081601641695,2.2190267485570416,0.1400373492629061,7.42044997470707,3.8044614065179276,-0.014114845237772955,-0.38566985139419063,-0.0047095168344265526,0.0005055447677888292,0.06001331169387743,0.1942349971332562,0.04661365553023571,1.129297318131913,0.13282638103579977,0.15524716441649605,0.04319887468602434,-0.05451408762888833,0.05262862148711938,0.23203571151583838,0.04007535837286041,-0.15415219450067905,0.9484221900245464,0.2730874345262301,-0.2777969513606566,1.619598990388408,1.67401003660407,0.031683638256651436,0.16066816193349437,0.16060418293972592,0.9809336980780368,2.444437216729925,8.00633756130242,0.1143387666230117,0.2954282171962167,0.4296761665525783,1,0,100.0
C026,MockCompany_026,Retail,2024Q3,123.32319449561392,19.814110983537788,14.10062195475262,422.6447432163988,209.2884135091093,213.3563297072895,316.9835574122991,129.67547509111452,19.806220889645584,2.4748033447028703,494.8043216529293,0.0880330266866269,0.2954282171962167,0.0172576946744894,1.7091115475444605,1177.142100372478,1.8590877210795356,98.36120537596008,0.4296761665525783,0.0361590019062426,2024Q3,0.16066816193349437,0.1143387666230117,0.06608954125725558,0.03336282346116767,0.9809336980780368,2.444437216729925,0.16060418293972592,8.00633756130242,4.0122567670472975,0.031683638256651436,0.1263465643010524,0.08803302668662694,-0.011275119089681901,0.04119353836899025,0.1763082117990033,0.04043542007150712,1.137083876778388,0.11898738918849062,0.15510795645781672,0.043174355152086515,-0.023946805148487134,0.09033338901823211,0.23699114876253302,0.047749612740139204,-0.12892054468307448,0.8233288838292132,0.35295598312987175,-0.2649229564432449,1.6020123741301417,1.5484332675780081,0.00789401881001095,0.16316807114459753,0.0477214478762953,0.8406477530488659,2.316417675835841,5.216824957668195,0.15244486541458513,0.2210997585872528,0.4651173813116648,0,0,92.21347050802086
C027,MockCompany_027,Bio,2021Q1,365.0987835248103,12.664993201987416,-3.656638803219496,580.0338406330898,265.96224736622065,314.0715932668691,357.92220222632704,204.71957924860436,-12.959048678215826,2.9742626750137617,1292.5443644440736,0.2167549019440667,0.1595781499223118,0.1503203263020742,2.0263996283199166,1208.9208820953393,2.465033716800481,99.10711360585252,0.7253533206913992,0.0751286171827257,2021Q1,0.034689223227970786,-0.01001547791506403,-0.011642691926298404,-0.006304181837428794,0.8468204481625424,1.7483535455586805,-0.03549463669275606,4.258195923354557,3.540259301775237,0.029321658588051358,0.016305366076255545,0.03901112242922311,0.028748223617539495,0.04103992952872891,0.14908296294256101,0.02851283501543619,0.6270378788260513,0.06156726049581937,0.09118377837234426,0.043601873648594996,0.043950407107197303,0.10004747440174336,0.2019274246561828,0.07374245419873522,0.03549463669275606,0.8174449046022217,-0.0008054134647852706,0.21756031540885198,1.9346779354207406,1.7378710119086886,0.09682950430544035,0.04543605800652172,-0.039866653484907894,0.8047882065500555,1.9528854443942392,2.974105402527491,0.022608640754795458,0.3648709605489641,0.4530121031242519,0,1,58.62998861076255
C027,MockCompany_027,Bio,2021Q2,400.451117756037,18.194920215185192,9.05365546122514,643.4738835652804,286.9368221920189,356.53706137326145,431.5955820054699,221.0040446777935,-15.96464594926384,6.117779214128879,1484.569704110574,0.1485638287929024,0.3648709605489641,0.1665562093989811,1.9667027507116728,1213.890218445073,2.8457128932806173,99.81561590587415,0.4530121031242519,0.0596742168746386,2021Q2,0.04543605800652172,0.022608640754795458,0.025393308135564074,0.014069965685394563,0.8047882065500555,1.9528854443942392,-0.039866653484907894,2.974105402527491,3.7072432521247127,0.09682950430544035,0.43663087101618103,0.14856382879290253,0.028748223617539495,0.04103992952872891,0.04006264061724625,0.007599159748204798,0.8258043273562989,0.029721283072660924,-0.037680645088831975,0.00309148272119202,0.18265936536848454,0.0482183702415762,0.262224555235638,0.14516393852295156,0.13669615779034824,0.7682218029142825,0.10239890882705419,0.046164919965848206,2.0485125409308234,1.7228010243778467,0.13560550270039085,0.05458806844130766,0.003557614931375685,0.689452147837303,1.6730592117108551,8.687597961189987,0.04104686315031316,0.170936616621611,0.2575044290113299,1,0,74.86045411687132
C027,MockCompany_027,Bio,2021Q3,454.7544928862778,24.824169381722875,18.66624543653415,715.4152623984926,291.9553477074381,423.4599146910545,469.870792590158,280.8452858688721,1.6178413740059572,2.8574261244514334,1480.9683180893287,-0.0024258786982338,0.170936616621611,-0.0793891926347042,2.159792351422987,1233.4586409674398,2.8084579427051035,102.81286098871396,0.2575044290113299,0.0931667541193985,2021Q3,0.05458806844130766,0.04104686315031316,0.044080312655115146,0.026091483390957904,0.689452147837303,1.6730592117108551,0.003557614931375685,8.687597961189987,3.2566326254118474,0.13560550270039085,0.3643461520103295,-0.002425878698233963,0.1162175035029156,0.027418771412348178,0.044904449891933394,0.009960068553815638,0.780353600849967,0.08147995430535528,-0.02393455841542942,0.023909063745906074,0.12096428401291176,0.11216663855527227,0.23179524236429563,0.11538680067154021,0.13204788776901516,0.6518162868041537,0.19375118607307418,-0.19617706477130797,2.1089251952350634,1.2123052202061098,0.11555402801493808,0.03449372537292359,-0.006614286866219134,0.5331641517212544,2.6592741727837415,2.7193232379226524,0.005725214607009594,0.2590630689686738,0.3790761191615764,0,0,68.20422987006742
C027,MockCompany_027,Bio,2021Q4,507.30320629717767,17.49877747885294,2.904419726881128,838.5283349748039,291.60168394864286,546.926651026161,566.7487800013038,213.12160506013905,-3.3554489346088925,6.434975155620446,1742.9401146627586,0.1768922355553242,0.2590630689686738,0.1342840987971765,2.080777646524341,1205.6218965797448,2.456583971773201,102.34482784695405,0.3790761191615764,0.0725083572459279,2021Q4,0.03449372537292359,0.005725214607009594,0.005310437371129116,0.003463710891731448,0.5331641517212544,2.6592741727837415,-0.006614286866219134,2.7193232379226524,3.43569702107956,0.11555402801493808,-0.29509111826570733,0.17689223555532418,0.11599634500692309,0.01939178295367267,0.04230176876218094,0.009655625647801529,0.7185562385677888,0.14036254691289368,-0.01960449052812685,0.021356345765099014,0.13494627189851488,0.09575778720705697,0.2386121990153902,0.09519432461063058,0.12216831488115722,0.5147733338930937,0.14343346652164254,0.03345876903368167,1.9497631353780631,1.275080836904501,0.11050103343940454,0.08331184109632167,0.0540940285125309,0.41135635756155997,2.5857635863556996,13.35948857983848,0.028444037917163312,0.2202453600572514,0.4913832712265342,0,0,94.14231960758593
C027,MockCompany_027,Bio,2022Q1,563.3607348601392,46.93462002265824,16.024254103431232,976.9828208242805,284.7530975587618,692.2297232655187,626.6883801799054,242.36105090355773,30.47445165441883,3.5132048452910314,1972.567492829673,0.131747141645968,0.2202453600572514,-0.0302612223388855,2.2038138885816743,1237.9240521817871,2.693402682667537,103.69801426599422,0.4913832712265342,0.1039444387576,2022Q1,0.08331184109632167,0.028444037917163312,0.023148751873605485,0.016401776737379237,0.41135635756155997,2.5857635863556996,0.0540940285125309,13.35948857983848,3.5014287840203915,0.11050103343940454,1.6821656586797653,0.13174714164596812,0.11462251711504345,0.016069965040023962,0.054457423229268664,0.020916729836820108,0.6096902159175432,0.17283686875602475,0.0027926757731948897,0.0389046837096857,0.1136943318239902,0.07962341382845887,0.2537790015491251,0.08237457248265426,0.05640700492687364,0.37708550206642966,0.2479069030482571,-0.11615976140228909,2.0854030155917602,1.145121138277089,0.07067399778732897,0.0886917735480419,0.08254859283168628,0.3712846039727245,2.048271334785736,9.114896215107185,0.028020954100641666,0.2369557260242735,0.1982634155659705,0,0,96.46801574509061
C027,MockCompany_027,Bio,2022Q2,603.1756901891127,53.49672172402536,16.901558329440007,1020.38015729979,276.2748458689657,744.1053114308243,704.136896152517,343.7712983588312,49.791304455474965,5.869153137064148,1912.6453382274044,-0.0303777461709609,0.2369557260242735,-0.4812775880131387,2.1445241782951507,1230.6098718946666,2.447624605494477,102.86607031888892,0.1982634155659705,0.0234264613041919,2022Q2,0.0886917735480419,0.028020954100641666,0.022713933188996657,0.016563981775331336,0.3712846039727245,2.048271334785736,0.08254859283168628,9.114896215107185,3.170958925126052,0.07067399778732897,0.1398136748140113,-0.030377746170960895,0.10808364048551561,0.027194268667704163,0.06527135211464871,0.025399279784498064,0.5013143152732105,0.14307389244748153,0.033396487352343435,0.04217241611944028,0.06895893808302439,0.10092162654815431,0.22180019291795242,0.037451003609991006,-0.011874595044357311,0.3383547139553012,0.24191436416705717,-0.2722921103380181,1.9764350358947695,0.7735738555455453,0.17899109584307027,-0.009848966758485017,-0.07351138292994125,0.32596600924769376,1.8616344057720793,-1.1913426297714034,-0.054836056544018845,0.1346396138951166,0.469575805451,0,1,35.74474453794252
C027,MockCompany_027,Bio,2022Q3,711.1387679619622,-7.003982086337205,-38.99604569066089,1209.7494467071217,297.39615991874854,912.353286788373,880.8338019693937,473.1507965454808,-52.27679428805195,5.879066114246073,2269.4833879392586,0.1865678087724111,0.1346396138951166,0.0848789060050766,2.202387443446426,1210.1926073382424,2.2295174003640272,104.2807883591774,0.469575805451,0.0664632226595028,2022Q3,-0.009848966758485017,-0.054836056544018845,-0.04274226470744722,-0.032234811759388665,0.32596600924769376,1.8616344057720793,-0.07351138292994125,-1.1913426297714034,3.1913368953855974,0.17899109584307027,-1.1309235755130715,0.1865678087724112,0.11893003877118546,0.04478996036143714,0.04916209331470053,0.04628270779292204,0.4104427806258082,0.08894016199600756,0.014129237887014201,0.06925692470108621,0.11620735995068562,0.10060139998591225,0.21272594223632885,0.05443108197343731,0.2525024787730115,0.32917643763717036,0.09563074615464401,0.0909370626177671,1.9142244775351311,1.1858943357562985,0.08112568038376144,0.06741898795583957,0.015698452378302016,0.2651247511300149,1.7056308942089924,7.2559330974207095,0.017295069014494145,0.1602829351634445,0.2943876890090121,0,0,81.25082847030119
C027,MockCompany_027,Bio,2022Q4,768.8303843601462,51.83376642332763,13.296974557966085,1362.1571627853166,285.45926278109425,1076.6979000042224,1021.6178720889876,598.967734200822,12.069447175885088,7.143638966916222,2913.754857383716,0.2838846377410455,0.1602829351634445,-0.0258506659227672,2.069769475130485,1225.5768927527104,2.218633525566412,102.84735710135897,0.2943876890090121,0.0723900701973487,2022Q4,0.06741898795583957,0.017295069014494145,0.01234977291021148,0.009761703657430313,0.2651247511300149,1.7056308942089924,0.015698452378302016,7.2559330974207095,3.7898539348244915,0.08112568038376144,-8.400613791465958,0.2838846377410458,0.1103229518633913,0.04878478564690206,0.057393408960429534,0.04572891891993815,0.3434329304779983,0.0627868668679858,0.01970742269814449,0.06791482137928104,0.14295546049711594,0.13157139616452074,0.1880309087850215,0.048483636493115226,0.06542722800545943,0.24725030872678544,0.16424312071790304,0.11964151702314246,1.868614118069727,0.7673481609047014,0.09623360228832167,0.08970770607208722,-0.013868458519074816,0.25896053083027964,1.744245270860939,16.841121433154026,0.03186306718107973,0.320269989285487,0.5071776656821985,1,0,82.31301755568488
C027,MockCompany_027,Bio,2023Q1,842.817701795838,75.6072426651428,26.854757053755872,1461.8487309333332,300.69340069514806,1161.1553302381851,927.3117777738696,531.6407005732715,-11.688582336511416,4.489442282593997,3194.9530431843896,0.0965071529913,0.320269989285487,-0.153405674906996,1.959131121830744,1214.4099002767846,1.52496711425494,102.31116894749644,0.5071776656821985,0.0536959990690763,2023Q1,0.08970770607208722,0.03186306718107973,0.023127618118261653,0.018370407611594527,0.25896053083027964,1.744245270860939,-0.013868458519074816,16.841121433154026,3.7907996431172917,0.09623360228832167,0.45864844255492865,0.09650715299129975,0.10675609407562059,0.04928642170121713,0.05899237520437092,0.04703057153951182,0.3053339737951782,0.05336179753183271,0.0027168009402430593,0.06487794981896772,0.13414546333344893,0.1337341286840353,0.2130370660920804,0.08366632327399483,0.11010206080739648,0.23572977564628525,0.17207284984133409,-0.07556569685003409,1.5837573527130244,1.1732794914213671,0.058384044322898676,0.08416854148590527,0.02185839091470732,0.233912859377189,2.1794640768250075,14.770047605461764,0.044594674432431175,0.3181312525100179,0.1646489628777559,0,0,92.96522990953818
C027,MockCompany_027,Bio,2023Q2,892.0248078536099,75.08042704636742,39.779555891928304,1583.7137496626965,300.2246137590203,1283.489135903676,1060.5365268918963,486.60427036479615,19.498226955702748,5.083289440707939,3335.0700720378118,0.0438557396492337,0.3181312525100179,0.0228669099056272,1.9073961828954231,1207.5393942260082,2.079362992135668,101.819903043131,0.1646489628777559,0.0401030379714721,2023Q2,0.08416854148590527,0.044594674432431175,0.030993293810694714,0.02511789513753703,0.233912859377189,2.1794640768250075,0.02185839091470732,14.770047605461764,3.738763813148783,0.058384044322898676,-0.006967793034175385,0.04385573964923384,0.10368360570951302,0.05255990511791731,0.05786156718883676,0.046124086829576194,0.27099103764629434,0.03905630643942884,-0.012455749539001682,0.04358862785983048,0.15270383478849758,0.10545322289641046,0.2333309477135165,0.09970870933441184,0.03652565340819136,0.21422475516861336,0.16441097672351127,-0.12055523707427757,1.7576275295286843,0.7335306239645785,0.12956819135742204,0.04047301947643485,-0.016542709681820273,0.1694093348157502,2.169895684937381,12.152626460363864,0.010162313776042927,0.2070249561313896,0.5190479378421682,0,0,77.88320648023783
C027,MockCompany_027,Bio,2023Q3,1007.602848853154,40.78072972618541,10.239576311690668,1833.482335470299,265.6118893540044,1567.8704461162945,1211.7484069773368,558.4362489803908,-16.668481403169302,3.355713256475075,4325.15634750045,0.2968712063245106,0.2070249561313896,0.4808847765222953,1.821937769905786,1179.7769852910662,1.6852542115199491,101.35031699129028,0.5190479378421682,0.0670358961757141,2023Q3,0.04047301947643485,0.010162313776042927,0.006530881640793828,0.005584769546775356,0.1694093348157502,2.169895684937381,-0.016542709681820273,12.152626460363864,4.29252095944252,0.12956819135742204,-0.45683940101991616,0.2968712063245107,0.09132787958810096,0.029865078324648384,0.07044206374756673,0.022112317585794038,0.23185186903830843,0.04376178693850243,0.0017864187730285627,0.01981128363362446,0.18027968417652246,0.12904378980467004,0.2514272832725848,0.0805555637039867,0.14611090103924232,0.16255282750826247,0.1534985011520366,0.143372705172474,1.5814502890863271,1.0347366225210626,0.10640474831402069,0.05870827305190727,0.005307249147959587,0.1435432671887077,1.8999016691163155,19.855692470769597,0.009528809503675417,0.1767128668464649,0.2827818788516684,0,0,84.77408914454361
C027,MockCompany_027,Bio,2023Q4,1114.816576385864,65.44895596931245,10.62287478793004,2172.341476031807,272.68316107171086,1899.658314960096,1249.7970761324948,657.8219791300578,5.916609325160408,3.2962313475496727,4460.812038920614,0.0313643439730363,0.1767128668464649,-0.0292825498084589,1.7462557878696388,1148.2514140369915,1.827518837945059,98.91359141904044,0.2827818788516684,0.0902853845419929,2023Q4,0.05870827305190727,0.009528809503675417,0.005591992362135709,0.004890057527847713,0.1435432671887077,1.8999016691163155,0.005307249147959587,19.855692470769597,4.001386536050772,0.10640474831402069,0.604899088583192,0.031364343973036224,0.09764764657066577,0.029660512431683043,0.06826438502158365,0.022923332257459645,0.20145649805298163,0.053978675285563125,-0.0008113820345570445,0.017975151079448155,0.11714961073452013,0.12309490446412776,0.25553476619333987,0.07455437098046747,0.1010974991660611,0.13511608986383017,0.17042027051388753,-0.13905592654085122,1.5952965432462416,0.6957083347280246,0.027143416915136998,0.0047643476281107175,-0.045122672094512054,0.139064663478116,2.183626668740398,1.7903689968045071,-0.023662425752938882,0.1548132485770469,0.5136389012717715,0,1,55.18228720011615
C027,MockCompany_027,Bio,2024Q1,1145.076507502611,5.455542542530133,-27.09528784023876,2213.7879146709743,270.2740952613995,1943.5138194095748,1467.4280099724451,672.0141455392335,-51.66891177121452,3.0471609765790992,4078.06305487352,-0.0858025356611322,0.1548132485770469,0.3243963257152294,1.802264558868268,1187.51071828547,1.8038488490231643,100.11285449187156,0.5136389012717715,0.0515036372438021,2024Q1,0.0047643476281107175,-0.023662425752938882,-0.013941391910686886,-0.012239333163156046,0.139064663478116,2.183626668740398,-0.045122672094512054,1.7903689968045071,3.561389154480282,0.027143416915136998,-0.9166443152265391,-0.08580253566113227,0.0803751002273696,0.04624111245234746,0.047028545410589526,0.0333917788321202,0.17148253121494073,0.04371637618667914,-0.008624935428416355,0.028971911010995447,0.0715721885714121,0.16115347088607102,0.21417058101622982,0.07253793131310365,0.07226608900964905,0.13840211107852002,-0.013214907551264338,-0.07258762810986787,1.618392908247642,0.8791203499369874,0.09814385253272317,0.0009085647047500864,-0.010603886432043307,0.12710909963266667,1.874832690724897,0.4616967057881794,-0.0396171966242375,0.1987153079010416,0.4780475414239294,1,1,52.550250295556964
C027,MockCompany_027,Bio,2024Q2,1257.4587273936331,1.142482617390724,-49.81698965005664,2516.6954011321336,283.81891920840815,2232.8764819237254,1887.5215508491,1006.7679959844428,-13.333949538274394,2.474530579503818,4791.349705348384,0.1749081956009596,0.1987153079010416,0.1314701823320389,1.8780278538882764,1160.4619304308012,2.0650479502941788,99.49719344364186,0.4780475414239294,0.0637252794852909,2024Q2,0.0009085647047500864,-0.0396171966242375,-0.022310678648518305,-0.01979460431628981,0.12710909963266667,1.874832690724897,-0.010603886432043307,0.4616967057881794,3.8103435134413735,0.09814385253272317,-0.7905831347690542,0.17490819560095971,0.09031505227982572,0.044164966787288415,0.02621355121530073,0.028045499099098474,0.14478159127881013,0.017823761506624538,-0.01674050476510401,0.02105032131493608,0.10433530255934356,0.16686098584459802,0.18431659486398574,0.023461008293661934,0.10874773896476649,0.12699361279108787,0.08844853080542996,0.08645966479552965,1.7282151105930996,0.9125042010808254,0.12302029646254442,0.06848422502581987,-0.021852873889463772,0.10167417138820858,2.132345445189491,46.83686383066759,0.03342688302919665,0.20036362641626,0.2452033706190377,0,0,85.5991477310091
C027,MockCompany_027,Bio,2024Q3,1412.1516728270117,96.7101129325415,47.203828787106325,2792.502158951741,257.721702555241,2534.7804563965,2094.376619213805,982.1938672913084,-30.859572419105845,2.064828961122314,4874.013820858167,0.0172527827425134,0.20036362641626,0.4986609653308739,1.7727248466107426,1174.5217404777832,2.095695764959437,97.28425782694816,0.2452033706190377,0.0915949503603109,2024Q3,0.06848422502581987,0.03342688302919665,0.018622452555198295,0.01690377521670707,0.10167417138820858,2.132345445189491,-0.021852873889463772,46.83686383066759,3.4514804001877075,0.12302029646254442,83.64908915062037,0.017252782742513517,0.08867807855610632,0.04230736031978522,0.033216352602646985,0.03534105534820724,0.12784780042192473,0.018777382045957126,-0.018068045817014884,0.021200596033892207,0.03443069666384426,0.10722941311109883,0.18265126243520335,0.021463154103883556,0.1448731703520082,0.09471109455554473,0.1696516475989005,-0.1523988648563871,1.7063037361928977,0.6851512619428506,0.060838025811382535,0.1029902675570579,0.12029607489075872,0.09324974214720862,2.0733269657520927,30.056913200509484,0.07348121613290202,0.2773146224827995,0.125523915830915,0,0,100.0
C028,MockCompany_028,IT,2021Q1,698.6054279709397,189.33426771473776,148.27345572898258,997.6718140655064,206.87789627532183,790.7939177901845,576.8570362596593,340.9336211844468,152.59067771092262,4.223559814753766,4197.589876246721,0.2480098444990955,0.2365343887825808,-0.0005036293038572,2.012664282967242,1167.4832430866286,2.5014562138727268,100.34008250725074,0.4650687248026336,0.0904010476313778,2021Q1,0.2710174586882005,0.212242060814532,0.18749948930200974,0.14861946948728616,0.26160784955600735,1.691992224920184,0.21842183241246102,44.82812508266746,6.0085274293278506,0.029321658588051358,0.016305366076255545,0.03901112242922311,0.028748223617539495,0.04103992952872891,0.14908296294256101,0.02851283501543619,0.6270378788260513,0.06156726049581937,0.09118377837234426,0.043601873648594996,0.043950407107197303,0.10004747440174336,0.2019274246561828,0.07374245419873522,-0.21842183241246102,0.19070755499645317,0.48943929110066153,-0.24142944660156604,1.9301871468199776,0.8923106685816675,0.009159187468649632,0.20277325846723424,0.21966303713282442,0.2495853027677028,2.0901895299811635,36.8518204909117,0.15639670377722703,0.1862119622197137,0.4621774031289757,0,0,100.0
C028,MockCompany_028,IT,2021Q2,705.0040860523417,142.9559757617505,110.26031520821915,1073.1604587065297,214.3471737476396,858.8132849588901,636.026620608614,304.29136280873803,154.86333873352814,3.8792106826894512,3856.231255194671,-0.0813225281926008,0.1862119622197137,-0.3437689961164304,2.0821035880098058,1207.2368273618545,2.709116338032457,102.17682144338232,0.4621774031289757,0.0804999187517498,2021Q2,0.20277325846723424,0.15639670377722703,0.12838682998874282,0.10274354996363931,0.2495853027677028,2.0901895299811635,0.21966303713282442,36.8518204909117,5.469799865674683,0.009159187468649632,-0.24495455847888858,-0.08132252819260088,0.028748223617539495,0.04103992952872891,0.23689535857771737,0.04825593675289773,0.25559657616185505,0.00850122436114268,0.21904243477264274,0.0008776642746097053,0.08334365815324735,0.23287315399455383,0.21137317550114726,0.03558332906836537,-0.2105038496641748,0.19897607765996447,0.4315954830687083,-0.5129180112613091,2.039098022323348,0.8473654430086539,0.056837369887014155,0.23647428533393966,0.12958709789518857,0.21911557924058056,1.3611882460695643,79.2642140186089,0.20687833580085935,0.0796315817068853,0.051275140632548,1,0,100.0
C028,MockCompany_028,IT,2021Q3,745.074664063155,176.19099870499622,154.1398065489767,1141.1017487262716,205.0939015975563,936.0078471287152,758.4400054701468,557.1896522459577,96.55206343130638,2.2228315868289257,4031.511174905254,0.0454536847276641,0.0796315817068853,0.1473625894433948,2.157173478161797,1220.4378586136263,2.621373858939979,100.71386577056457,0.051275140632548,0.0440939756854218,2021Q3,0.23647428533393966,0.20687833580085935,0.16467789989330664,0.1350798092465432,0.21911557924058056,1.3611882460695643,0.12958709789518857,79.2642140186089,5.410882116048063,0.056837369887014155,0.23248432089774962,0.04545368472766409,0.032998278677831894,0.03371356610267478,0.23675500082979148,0.03412296612022527,0.24343624385476356,0.02190334342688172,0.18922398914682467,0.05165079133865295,0.07071366701138626,0.16611292229810434,0.1674593109030599,0.08011472502362614,-0.07274972800817442,0.16730037923413205,0.4228987531161424,-0.3774450683884783,2.0386229255697095,0.29820710157356534,0.038965286991276216,0.12703565354020643,0.08615227897357454,0.19272453597848205,2.133922109289124,24.605584022751728,0.11350165194765993,0.1655072604155578,0.5791956768084523,0,0,100.0
C028,MockCompany_028,IT,2021Q4,774.1067121783045,98.33915209155842,87.86239061612278,1212.8242810765903,195.97232197655703,1016.8519591000332,616.2743540808608,288.7988982334632,66.69105742298801,3.9966193030014177,4599.887641953855,0.1409834780036195,0.1655072604155578,-0.2460945632498886,2.186992309858144,1239.0781531741382,2.6504113591578102,103.15015189330228,0.5791956768084523,0.0815263994536285,2021Q4,0.12703565354020643,0.11350165194765993,0.08640627559374439,0.0724444521658631,0.19272453597848205,2.133922109289124,0.08615227897357454,24.605584022751728,5.942188033745396,0.038965286991276216,-0.441860521738618,0.14098347800361943,0.03498728144898,0.024086732151759722,0.2093251640073952,0.06152913946774464,0.2307583168856932,0.031028325195691916,0.16345606160351214,0.06659189532855328,0.08828111975944457,0.14010756660686965,0.1669712982811844,0.06542068023454504,-0.047186991982298324,0.16824164859722257,0.2521532195050572,-0.11116974150143771,2.0648147301078255,0.9129445858212326,0.11630188656176066,0.24326861616924986,0.16177317795776536,0.14578676624354753,1.6201648084260765,100.01501841459302,0.2295498692586318,0.162683571628312,0.2750313103766002,1,0,100.0
C028,MockCompany_028,IT,2022Q1,864.1367832047632,210.2173594314131,198.3624856064576,1419.2195718193811,180.57760663755676,1238.6419651818244,843.2131163636082,520.4489765341434,139.79415360939683,2.101857927576261,4731.345516582408,0.0285784968810054,0.162683571628312,-0.18961595928414,2.219349307610202,1220.2685285169218,2.6962167916328394,102.70990728382608,0.2750313103766002,0.0682130376584502,2022Q1,0.24326861616924986,0.2295498692586318,0.16014513570689426,0.13976870777791295,0.14578676624354753,1.6201648084260765,0.16177317795776536,100.01501841459302,5.475227543294853,0.11630188656176066,1.1376771607273035,0.028578496881005444,0.055315932727175166,0.045164108482240714,0.20238795337765755,0.05326419737909925,0.20180304605757823,0.04398147644552508,0.14929389798983822,0.056222089947541486,0.03342328285492204,0.09111165174980351,0.1485085939926172,0.04710085437373634,-0.0454712913960047,0.1103214213636898,0.5213436806887759,-0.4927651838077705,2.086528693290141,0.548036303368602,0.038624978060487036,0.19278379342758736,0.11287257675739874,0.12779488716025625,1.7963052761477452,76.64132101646797,0.1328172139009865,0.1911662479593271,0.6664978121125043,0,0,100.0
C028,MockCompany_028,IT,2022Q2,897.514047497307,173.02616273127146,119.2053152257228,1518.886253690582,172.1109925303272,1346.7752611602548,922.0547013231512,513.3062367320667,101.30472321709628,2.257609346496675,5599.548641932211,0.1835002585008696,0.1911662479593271,-0.1514424892014607,2.1460790237539813,1253.7174268677911,2.3843553118474627,104.40535965182202,0.6664978121125043,0.0318326096119508,2022Q2,0.19278379342758736,0.1328172139009865,0.08851166090097186,0.07848205547716286,0.12779488716025625,1.7963052761477452,0.11287257675739874,76.64132101646797,6.23895376071289,0.038624978060487036,-0.1769178187792616,0.1835002585008696,0.06268238037513452,0.0367444994342071,0.19989058711774582,0.05347388223144961,0.1713554421557166,0.04198788716040698,0.1225962828959818,0.03165657637838248,0.09962897952828964,0.07467199303574067,0.14974716542752053,0.04846808805006255,-0.0742475986969117,0.10315810403285157,0.34428134824547313,-0.16078108974460353,1.9617672455208426,0.9608221641046829,0.09659416149949851,0.14213834664653802,0.07064702563961439,0.1131599592147077,1.9159245976106711,63.42466890939551,0.0890298337548446,0.1827658512446022,0.4347337110326963,0,0,100.0
C028,MockCompany_028,IT,2022Q3,984.2086643493304,139.89379230595344,87.62393376718757,1610.2886085187786,163.69632392505028,1446.5922845937282,952.1285278113038,496.9551145158724,69.53141474508843,2.205668466986753,6753.781466761448,0.2061296184099137,0.1827658512446022,-0.2015310042780924,2.054744748827883,1238.606946425005,2.4685059278102983,103.1208098233108,0.4347337110326963,0.085327392269377,2022Q3,0.14213834664653802,0.0890298337548446,0.06057265388480622,0.05441504914310602,0.1131599592147077,1.9159245976106711,0.07064702563961439,63.42466890939551,6.862143884111785,0.09659416149949851,-0.19148763344406017,0.20612961840991395,0.0726215782782556,0.03987968926493052,0.1763066024458954,0.052758901981786274,0.14486653714924838,0.03458315192494116,0.10786126483208826,0.0399490812984192,0.13979796294885205,0.07891124598999995,0.1755307328119498,0.013691065481035103,0.02594713585988412,0.09707558970533947,0.3093795337856509,-0.10324991537573722,1.954719820750865,0.7405222878425222,0.04655992250297092,0.1950956315566946,0.09974449520278683,0.10714408675058337,2.0539062216649127,92.08652960665957,0.17625193298778016,0.3079536173586947,0.0,0,0,100.0
C028,MockCompany_028,IT,2022Q4,1030.0333434881877,200.9550056724768,181.54536783183545,1632.859187392321,158.02026901397338,1474.8389183783477,855.3803704487188,416.4651537757585,102.74015588836777,2.182241055654436,8098.555586355602,0.1991142482492843,0.3079536173586947,-0.2238120946184112,2.155268989786197,1229.0528029497882,1.9623388935007788,103.2801644095724,0.0,0.0681944594413189,2022Q4,0.1950956315566946,0.17625193298778016,0.12309504825878187,0.11118250075295993,0.10714408675058337,2.0539062216649127,0.09974449520278683,92.08652960665957,7.862420801759815,0.04655992250297092,0.43648265130292563,0.19911424824928425,0.07452023715617928,0.03787353158437871,0.19332159695001747,0.04130321324033368,0.12347142484227372,0.017219902059528527,0.11125931888939133,0.03801842573659824,0.15433065551026826,0.08436660847089027,0.211142322047734,0.06563775596210963,-0.05318457269981591,0.08624074347841303,0.3414000492624524,-0.14228580101316807,1.809878600035378,0.39419436083710774,-0.06476764327644702,0.1991096706239692,0.09207123121459047,0.10393929209725043,1.7777290017552572,65.6915554638975,0.1679817826522506,0.2830391432016621,0.1572226861317686,0,0,100.0
C028,MockCompany_028,IT,2023Q1,963.3205113342988,191.8064297172849,161.82029675958108,1590.1747237745942,149.7198589481999,1440.4548648263942,984.5816339050506,553.8423645736426,88.69410553290982,2.919803440443811,7284.073588937178,-0.10057126715172,0.2830391432016621,-0.0098248817417091,2.075200416887091,1235.099685569856,1.923724517554313,103.66702436242537,0.1572226861317686,0.0647957017822807,2023Q1,0.1991096706239692,0.1679817826522506,0.11233972039725908,0.10176258894077177,0.10393929209725043,1.7777290017552572,0.09207123121459047,65.6915554638975,7.561422707423119,-0.06476764327644702,-0.045525494249705534,-0.10057126715172005,0.02925285469662736,0.06773004486790207,0.18228186056369727,0.026889652421085587,0.11300955630569944,0.010572007936477378,0.09383383220359762,0.017683744816044126,0.12204321450208688,0.14871072956590733,0.24123121494107153,0.06357274447661124,-0.1568388744910375,0.08324397388287837,0.22641325856211264,-0.32698452571383263,1.7701536327254481,0.5235058032163091,0.09683987496378244,0.20025323129944012,0.17056299193745986,0.0869344501421552,1.3583256346439712,74.19138580775746,0.18844375241842248,0.2165925188320934,0.2604497362218428,1,0,100.0
C028,MockCompany_028,IT,2023Q2,1056.6083492019593,211.5892361458598,199.11124216044055,1775.4621498334018,142.0038031951935,1633.4583466382082,966.7629895194176,711.7313881597001,180.2182813461571,2.851938048710024,8515.104660522271,0.1690031074719982,0.2165925188320934,-0.4436938776551313,1.9184931756653432,1203.944986762085,1.7473413090781285,103.12775607005322,0.2604497362218428,0.0815303029676086,2023Q2,0.20025323129944012,0.18844375241842248,0.12189551240783457,0.11214614864023531,0.0869344501421552,1.3583256346439712,0.17056299193745986,74.19138580775746,8.058903440376508,0.09683987496378244,0.10313943311355067,0.1690031074719982,0.04380657892245121,0.07614679242599823,0.18414922003166048,0.0280944340198901,0.10279444705117417,0.011242973806792511,0.10825643599861288,0.04332431438397535,0.11841892674486905,0.14687904854875433,0.24758778265926312,0.05791782148098316,-0.07372311697367742,0.06952554558994856,0.46765609820068244,-0.29865299072868423,1.6442255656888403,0.5465678006438848,0.11081707642432304,0.18905835294519788,0.05157325999434255,0.06555707345329692,2.0069173780005483,102.37058726922729,0.15410694585610826,0.0718408389434941,0.3651823048635879,0,0,100.0
C028,MockCompany_028,IT,2023Q3,1173.6985973860506,221.89752367608472,180.8751061989164,2029.208257916654,124.8445138515379,1904.363744065116,1043.5967525424935,519.9998584795759,60.53146291803753,2.167590608717908,8606.044263007763,0.0106797985592715,0.0718408389434941,0.3630485439570536,1.8263302774488184,1167.4817634431136,1.950670422057136,101.13513524138284,0.3651823048635879,0.0725818590552286,2023Q3,0.18905835294519788,0.15410694585610826,0.09497928468892167,0.08913580234713217,0.06555707345329692,2.0069173780005483,0.05157325999434255,102.37058726922729,7.332414200857862,0.11081707642432304,0.04871839285396762,0.01067979855927148,0.04736230765365734,0.07968334636585879,0.19587922160632545,0.005056547712596419,0.09089372561082149,0.019077760585847196,0.10348799458729492,0.04945890958136009,0.0695564717822085,0.14033859174354238,0.2198565295839861,0.10594407011864883,0.059243816429980486,0.05316296112230925,0.3514486893638635,-0.340768890804592,1.6721947738600182,0.5494299213593717,0.18302051200779634,0.22892937898632268,0.27874721785933737,0.05196775500041093,1.8143000032522918,126.60430940531734,0.21082019007153346,0.2057296822808547,0.2639271195060567,1,0,100.0
C028,MockCompany_028,IT,2023Q4,1388.509515622478,317.8706211282825,292.7258399998745,2435.049909499985,120.2927337926537,2314.757175707331,1267.4176160456636,698.5711369519331,387.0431644512606,2.510740925761313,11175.99944815502,0.298622120292125,0.2057296822808547,-0.0523917120575605,1.6726472552790612,1183.6646840468106,1.7046035322276234,100.9457028923334,0.2639271195060567,0.0802970029383468,2023Q4,0.22892937898632268,0.21082019007153346,0.12646071176355614,0.12021348673705946,0.05196775500041093,1.8143000032522918,0.27874721785933737,126.60430940531734,8.04891815461322,0.18302051200779634,0.43251089900532036,0.2986221202921251,0.0814774550298637,0.10455530997011812,0.20433765846373247,0.01714860827689361,0.07709964267327836,0.022963252537850618,0.14823867525143256,0.10004971944920649,0.09443343979291866,0.17539969662861848,0.19430054581452608,0.08850324983591888,-0.09572670585154103,0.04007080912085349,0.6906971088534564,-0.3920749885613314,1.5371371808413827,0.5097276109077649,-0.006935282321768543,0.23037194725909343,0.14165647614531884,0.05913471456640221,1.9447798428150413,177.61737737012112,0.1723209268299145,0.3096226494392461,0.2653491321399905,0,1,100.0
C028,MockCompany_028,IT,2024Q1,1378.879810125174,317.6552268950157,237.60984686799884,2446.1556437271847,136.57631440782228,2309.5793293193624,1625.2124815655395,835.6794151111329,195.32725493040013,1.7884242601750882,9817.85102102518,-0.1215236662662906,0.3096226494392461,-0.205277794806679,1.7657821692177988,1199.0911763429256,1.9193299486851587,100.0717488762283,0.2653491321399905,0.0840348111015417,2024Q1,0.23037194725909343,0.1723209268299145,0.10288014092069314,0.09713602953974661,0.05913471456640221,1.9447798428150413,0.14165647614531884,177.61737737012112,7.120164461706638,-0.006935282321768543,-0.0006776160454913249,-0.12152366626629063,0.09593554526853332,0.07829107310294198,0.2121532276225135,0.020723128372487742,0.06589849829056632,0.015082464653866192,0.16063498648411464,0.09363708049757039,0.08919534001427601,0.1832994325341046,0.20094642237392207,0.09788846358957175,-0.1485917584670874,0.04551173522112945,0.36509314108264374,-0.4866168073489343,1.6495165941689127,0.6204835168003661,0.037310676279602495,0.2418825642512634,0.09846362231548976,0.05853395746530677,1.7673559576012838,119.2885740115427,0.18264141705627054,0.1411642144608084,0.4458743998834726,1,0,100.0
C028,MockCompany_028,IT,2024Q2,1430.326748349234,345.97110160812616,261.23690417217443,2466.741086413127,136.4038600857275,2330.3372263273995,1171.5445861330877,662.8798126900145,140.8351527373,2.9002870086732733,12457.088973883972,0.268820330152372,0.1411642144608084,0.0642293485787866,1.87779394931082,1153.64157287534,1.7751728817201493,98.45233351932283,0.4458743998834726,0.0923013723442457,2024Q2,0.2418825642512634,0.18264141705627054,0.11210261811925412,0.10590365791163413,0.05853395746530677,1.7673559576012838,0.09846362231548976,119.2885740115427,8.709261005048122,0.037310676279602495,0.08914027636154342,0.26882033015237194,0.08105324559748833,0.08354360629955886,0.22256056086046935,0.023074642301458316,0.058798375121354204,0.0055533898145784,0.14261014407862213,0.09792997836491846,0.11414964568436944,0.2034707462606469,0.18208934628110082,0.1010828186608837,-0.061152946035887265,0.044375613737823984,0.3776568628463557,-0.10883653269398369,1.624630862723441,0.631414228082105,0.09253307453190684,0.24365696236351903,0.2892459245782058,0.04524720385766175,1.9154196158406978,181.08124812521373,0.1861697052270802,0.1582762304214877,0.2475738088301717,1,0,100.0
C028,MockCompany_028,IT,2024Q3,1562.6792799592138,380.7576865035168,290.92354091465893,2780.5779035486894,120.36710050951292,2660.2108030391764,1639.1970090612224,855.7900292463311,451.9986131512969,2.1026897608920274,12982.085438864908,0.042144393933573,0.1582762304214877,-0.1083915876136888,1.944389462255376,1170.178535649491,2.029877064566421,97.19750597645388,0.2475738088301717,0.0515580455553875,2024Q3,0.24365696236351903,0.1861697052270802,0.10936108543810961,0.10462700596996961,0.04524720385766175,1.9154196158406978,0.2892459245782058,181.08124812521373,8.307581475832606,0.09253307453190684,0.10054766058117948,0.042144393933573054,0.07648224512438428,0.08185541547179734,0.23621021321504962,0.0076316345037602765,0.05372090772244541,0.006515416436570092,0.20202831022458795,0.09637272431210211,0.12201579452794482,0.19868926793419667,0.2036981941505992,0.07571387054138279,-0.19671285004629896,0.03422240761026099,0.6254359614736317,-0.5832915675400587,1.7420468450824762,0.4400724468619204,0.06383648732398095,0.19180053828141508,0.142429008815463,0.0446348967332065,1.2038023778854254,113.65414945635712,0.14239766516242175,0.2860615594965721,0.3428724541700454,0,0,100.0
C029,MockCompany_029,Retail,2021Q1,769.3576211572953,84.04084775180337,74.37078222940985,1230.553753071919,710.58077804621,519.9729750257087,333.45461190186387,300.53201850577227,48.24256622826199,15.73777296242806,3787.477304880739,0.0515386098857762,0.1403044821837646,0.1203527006132371,1.9905941393603264,1206.5361287660653,2.6747020576528704,100.38195968329968,0.3104353129628839,0.0341797922555,2021Q1,0.10923508839137368,0.09666607593675616,0.14302816838815471,0.060436841579404675,1.3665725185231226,1.1095477066259738,0.06270499557232057,5.340072445262756,4.9229086717547,0.029321658588051358,0.016305366076255545,0.03901112242922311,0.028748223617539495,0.04103992952872891,0.14908296294256101,0.02851283501543619,0.6270378788260513,0.06156726049581937,0.09118377837234426,0.043601873648594996,0.043950407107197303,0.10004747440174336,0.2019274246561828,0.07374245419873522,-0.06270499557232057,1.2172948486690272,0.17194008396369426,-0.12040147407791806,1.9948145075844383,1.6680346438156757,0.007660091885267839,0.09886197536919165,-0.005962826616692905,1.2171799103889875,1.1402947415952154,7.4639887741916775,0.05249222332367741,0.3093460070792972,0.3135610624455279,0,0,69.17555746613375
C029,MockCompany_029,Retail,2021Q2,775.2509712279913,76.64284242258245,40.69464711365002,1248.4696785093092,685.3806514717796,563.0890270375296,235.3958130210698,206.43418270141504,-4.622687125861255,10.268349100433715,3925.517274764591,0.0364464150599573,0.3093460070792972,0.1617340069615658,2.144967226090511,1222.8853786652492,2.5529932092968166,100.19432032046365,0.3135610624455279,0.011412590756231,2021Q2,0.09886197536919165,0.05249222332367741,0.07227036074149154,0.032595623116940586,1.2171799103889875,1.1402947415952154,-0.005962826616692905,7.4639887741916775,5.063543833478261,0.007660091885267839,-0.08802868518258344,0.03644641505995727,0.028748223617539495,0.04103992952872891,0.10404853188028267,0.007334898559999391,1.291876214456055,0.10563652627079137,0.02837108447781383,0.0485554827191635,0.04399251247286675,0.010671793304325071,0.22482524463153092,0.1195304085557457,0.013622918501960745,1.0968471000682365,0.10055924063776658,-0.06411282557780928,2.0111517659851392,1.7333770880950223,-0.023570551201887446,0.09136262785696476,0.03551013645447435,1.0872471727747717,0.8266029703041669,7.521861250080487,0.04125195638715451,0.3555684182165498,0.2288787945620978,0,0,72.08705612904296
C029,MockCompany_029,Retail,2021Q3,756.9778785163489,69.15948821093524,31.22681843063842,1294.4220188561935,674.2645043370527,620.157514519141,568.5332392873743,687.7948177192532,26.88038775916957,9.19446476132132,3587.3276339631766,-0.086151611909973,0.3555684182165498,0.1474120358550128,2.18581726907288,1224.6163638136034,2.5215250233350157,101.47839493598244,0.2288787945620978,0.0256460851402697,2021Q3,0.09136262785696476,0.04125195638715451,0.05035304370180982,0.024124140331147678,1.0872471727747717,0.8266029703041669,0.03551013645447435,7.521861250080487,4.73901250719437,-0.023570551201887446,-0.09763930949202737,-0.08615161190997311,-0.007955229658309804,0.022083399507744274,0.09981989720584337,0.008974654426347102,1.2236665338956272,0.13977560376455753,0.030750768470034006,0.03458042999666111,0.0006111376785868325,0.0755167175087111,0.26840630249320385,0.1133211590912271,-0.0590806876563618,0.9879134139400131,0.10330221310955168,-0.18945382501952468,2.0149547114868445,1.5723606267186607,0.039501876583272644,0.05880237704355461,-0.017410598487733093,0.9205530387485505,0.5931759887144815,3.0005615080489383,0.033579967922511056,0.1608277168512036,0.4351169645555688,0,0,49.90169713302029
C029,MockCompany_029,Retail,2021Q4,786.8799252497693,46.2704100525998,26.42340264878873,1404.7422522662505,673.3163432058725,731.425909060378,586.1950620470501,988.2312723359664,-13.700050436598572,15.420583755900324,4246.592128804478,0.1837759363264417,0.1608277168512036,-0.1581338313404075,2.3236307559803384,1240.5282608907962,2.297385043898944,102.1565202456878,0.4351169645555688,0.0194241526270571,2021Q4,0.05880237704355461,0.033579967922511056,0.03612587730546389,0.018810143003915078,0.9205530387485505,0.5931759887144815,-0.017410598487733093,3.0005615080489383,5.396747321328778,0.039501876583272644,-0.330960779937008,0.18377593632644174,0.007863805755551012,0.031536707361173075,0.08956551716527117,0.021778556459221738,1.1478881601088582,0.18972153455411153,0.01871042673059223,0.03710907448741922,0.04640233734055055,0.11040464489679598,0.24151165608270378,0.10702528402533097,0.05691247507100573,0.8664223318754684,0.08089365513909416,0.10288228118734755,1.9895140082249876,1.5192794883532466,-0.0347762584494431,0.07691698316138422,0.05467507560125601,1.108637041308513,1.0742987576171257,3.3334444993090067,0.029536472055388868,0.1853562900735642,0.2216570548730619,0,1,67.71015923410845
C029,MockCompany_029,Retail,2022Q1,759.5151856006048,58.419616741734245,22.43339905516529,1439.0487435917587,756.5942882258179,682.4544553659408,362.7082942911698,337.623302380624,41.52655019306973,17.525300556379644,4664.255612708419,0.0983526251722985,0.1853562900735642,-0.0370859467489739,2.228407167339945,1244.5346868445615,2.3074904798117477,101.15712813759482,0.2216570548730619,0.0636547344416215,2022Q1,0.07691698316138422,0.029536472055388868,0.032871642757615734,0.015589047386371086,1.108637041308513,1.0742987576171257,0.05467507560125601,3.3334444993090067,6.14109592688908,-0.0347762584494431,0.26256967844726975,0.09835262517229859,-0.0027962102956975154,0.03343032121155409,0.0814859908577738,0.017653091921408775,1.0834042908052055,0.12256686084370301,0.01670294673782609,0.03402481547867489,0.058105841162181135,0.11356660299532574,0.25277460805515367,0.09445695844595701,-0.0894513340506991,1.0233640246700992,0.09681580031319713,0.0015368248591013656,1.9609245825564605,1.4303773696167252,0.07373931039080883,0.11863949260009678,0.03795414604183633,0.9192424784331502,0.9077673551901478,6.037537180804328,0.0838222880983216,0.2039761772774118,0.167742570938919,1,0,77.20051464521582
C029,MockCompany_029,Retail,2022Q2,815.5213116181405,96.75303461506024,68.3588623328607,1615.1857639014747,773.6111415957114,841.5746223057633,478.7522721265893,527.3953391124078,30.95241496142277,16.025248658780622,4720.450858239014,0.0120480630129882,0.2039761772774118,-0.1884513836773527,1.9662630205044984,1229.5257106629324,2.303479912718025,102.44084736523564,0.167742570938919,0.0145672074385525,2022Q2,0.11863949260009678,0.0838222880983216,0.0812273332880315,0.04232260081818565,0.9192424784331502,0.9077673551901478,0.03795414604183633,6.037537180804328,5.788261803811117,0.07373931039080883,0.6561737308684035,0.01204806301298822,0.013723594330687733,0.05167041390971005,0.08643037016550009,0.025268988043173915,1.0089199328162464,0.10316558217639299,0.027682189902458403,0.031245081070473923,0.05200625315043885,0.11575187290206065,0.22643215060468233,0.08788555891477162,0.035785164348972505,0.8101840172153859,0.23033294903274193,-0.21828488601975374,1.863267739826763,1.2176879297806895,0.129279273837283,-0.0007973178189205915,-0.06468053363359919,0.7105942195954835,0.8240917843801735,-0.07652911931583749,-0.05867506880338155,0.2208374983527942,0.465120020082991,0,1,28.464551906667907
C029,MockCompany_029,Retail,2022Q3,920.9513145829624,-0.7342908934761364,-54.03688174777868,1874.864396159977,778.8333359108497,1096.0310602491274,657.1683412873966,797.4455682516608,-59.56762247785536,9.594921514373782,5865.080214789497,0.2424830574292837,0.2208374983527942,-0.0368964393575228,2.076867824522153,1226.7835509858928,2.289629256403958,103.06573742992182,0.465120020082991,0.0310200941352904,2022Q3,-0.0007973178189205915,-0.05867506880338155,-0.04930232701201626,-0.0288217547137948,0.7105942195954835,0.8240917843801735,-0.06468053363359919,-0.07652911931583749,6.3685019196036805,0.129279273837283,-1.0075893319149893,0.24248305742928378,0.05193605059048034,0.06863184280978736,0.06339038374652875,0.049586771618396704,0.9147566945214243,0.16260957833808434,0.0026345223804400165,0.054432890277552326,0.13416492048525303,0.10064644232543966,0.19274942063874342,0.025746415456315855,0.19395980747088218,0.711160789028789,0.06380142238476322,0.17868163504452048,1.8963090436199066,1.5910781149354563,0.062051126218514385,0.1001350584731852,0.06129581509803354,0.5481561562720645,1.1532720148561106,5.8382385380602235,0.05474150186259533,0.4108645685676395,0.0456254421757609,0,0,84.30228600116415
C029,MockCompany_029,Retail,2022Q4,978.0973808452566,97.9418384235092,53.54251959539497,2055.380754214678,727.749335454277,1327.6314187604007,573.51535787638,497.2940906285514,59.95327620422304,16.77592269983071,5482.459577923131,-0.0652370680117115,0.4108645685676395,-0.3616651370882958,2.187531338377416,1264.1099298198235,2.320594504145235,102.27563165176524,0.0456254421757609,0.0335271805125673,2022Q4,0.1001350584731852,0.05474150186259533,0.04032935560183329,0.02604992748208665,0.5481561562720645,1.1532720148561106,0.06129581509803354,5.8382385380602235,5.605228768918356,0.062051126218514385,-134.38288584766738,-0.06523706801171159,0.05757336299929078,0.06819476629317751,0.0737235541039364,0.05253115721590224,0.8216574739023028,0.24427997763538875,0.022311125776881675,0.05882030301321769,0.07191166940071472,0.13189282277626632,0.2552586335678524,0.10474452969936854,0.0007553111204808421,0.4932665075113249,0.22348199978973315,-0.28871906780144463,1.9570770238288748,0.9505118293752062,-0.011558516605588487,0.09171150300146995,0.049127400879040765,0.5148491231012018,0.6928079447694268,12.882258351578635,0.06187787305524696,0.335666844158316,0.3434236053462558,0,0,78.93434326728745
C029,MockCompany_029,Retail,2023Q1,966.792026026874,88.66594979685259,59.823034257377806,1992.695876751544,677.2540638589314,1315.4418128926122,643.5097976320092,928.8429823729616,47.495979429331385,6.8827954978177335,4411.055808840615,-0.1954239249472744,0.335666844158316,0.1083274698304311,1.8946497498834245,1215.539473963715,2.0432895753653004,102.10882170900904,0.3434236053462558,0.0091308514862353,2023Q1,0.09171150300146995,0.06187787305524696,0.04547752220661398,0.03002115624129769,0.5148491231012018,0.6928079447694268,0.049127400879040765,12.882258351578635,4.562569497975398,-0.011558516605588487,-0.09470813266284472,-0.19542392494727445,0.06337779846025443,0.05792977576698763,0.07742218406395783,0.053345466215965566,0.673210494350475,0.1849740445585367,0.020924207096327863,0.057860399031100185,-0.0015324681291784964,0.18382979502147545,0.29283627208904034,0.09805623648851766,-0.06068591748462925,0.4676315362026018,0.12928038727492222,-0.32470431222219664,1.7429406060261678,1.1467219857071735,-0.053577237767718944,0.019332088057034662,-0.0026432359555066706,0.5000800116726087,0.9816414495107287,1.8712773588442069,-0.0202279125339032,0.1723618383600511,0.4805704421093911,0,0,49.16071696775855
C029,MockCompany_029,Retail,2023Q2,914.9939797764976,17.688744188715177,-18.508418191987214,1968.5685944497136,656.2595315123081,1312.3090629374055,753.3248539872546,767.4134526020131,-2.418544986420025,9.452764499736874,4021.576509773201,-0.0882961621765976,0.1723618383600511,0.041403428547832,1.950519672883722,1204.9043410789266,1.877224735635921,101.7791703045232,0.4805704421093911,0.0311577982870624,2023Q2,0.019332088057034662,-0.0202279125339032,-0.014103703704175305,-0.009401967624679895,0.5000800116726087,0.9816414495107287,-0.0026432359555066706,1.8712773588442069,4.395194502537757,-0.053577237767718944,-0.800501272142882,-0.08829616217659764,0.03154866142062249,0.0808008260520672,0.0525953329281923,0.05081770977148485,0.5684198776603396,0.096892251042843,0.010774861596992116,0.05743647512213991,-0.026618524426574947,0.1881545884898366,0.2849326873597002,0.10834079359282583,-0.050934001812212276,0.4904124208513909,-0.036888385666190945,-0.05140777651040665,1.701181845305553,1.143344701320833,-0.02045440837795276,0.06814404311760837,-0.004667784760891504,0.5597470391356884,1.2094503349064534,7.830401141007891,0.03106982490931479,0.3963013053261507,0.4559731633695703,1,1,70.18265209877408
C029,MockCompany_029,Retail,2023Q3,896.2783192507808,61.07602843247091,27.847210449167772,1914.246357260884,686.9663501636583,1227.2800070972255,344.5643443069592,284.8933390327273,-4.183634280120913,7.799859461194743,3639.503595773315,-0.0950057553477786,0.3963013053261507,0.4526068543752892,1.777791924180154,1177.6707388326345,1.930814546942804,100.19971669956594,0.4559731633695703,0.0439135594573862,2023Q3,0.06814404311760837,0.03106982490931479,0.022690185033657946,0.01454734932289494,0.5597470391356884,1.2094503349064534,-0.004667784760891504,7.830401141007891,4.060684630653118,-0.02045440837795276,2.4528187971328888,-0.09500575534777866,-0.005884759133186451,0.04876584610768735,0.06983067316232455,0.036286261413298396,0.5307080825453909,0.027912252964506452,0.025778048815169034,0.034358027561177194,-0.11099072762084052,0.05771459901291918,0.3287986391030393,0.10925668796233982,-0.015786623617061256,0.5216036127658724,0.043021849978764105,-0.1380276053265427,1.6513134865428256,1.3738780814615934,0.038302189502983364,0.06007968733057662,-0.01176044740397368,0.5366753711325182,0.7307821219575553,5.2754059028632785,0.004120390136056758,0.1850455750108094,0.2348245231155181,1,0,62.55096146283765
C029,MockCompany_029,Retail,2023Q4,930.6077412821396,55.91062212370517,3.8344669577211072,1956.224387830997,683.2005439017893,1273.023843929208,706.3400876617073,966.5535957131716,-10.94436339509111,10.598354543312718,3564.388000974873,-0.0206389670519012,0.1850455750108094,-0.031414334328566,1.613117324086623,1184.3364012539762,1.7941109396946422,99.34287106631068,0.2348245231155181,0.0351773618831402,2023Q4,0.06007968733057662,0.004120390136056758,0.0030120935880375605,0.0019601365679581826,0.5366753711325182,0.7307821219575553,-0.01176044740397368,5.2754059028632785,3.8301723087540918,0.038302189502983364,-0.08457338241102086,-0.02063896705190127,-0.011821993312069207,0.037993517658816624,0.059816830376672396,0.03014241788765182,0.5278378862605042,0.02604805012612462,0.00751398318966723,0.02801633319847367,-0.09984120238088795,0.07203175326581024,0.27234389071383175,0.11104450127127917,0.050062636906957045,0.5044320826368552,0.0866214294295863,-0.1072603964814875,1.5478308126996354,0.9743648176701398,0.011426423373102734,0.08167365274005368,0.0542633544039763,0.5800601497574599,0.921242420747489,6.318600788393536,0.0656530759461021,0.0571972175808168,0.4638953934043152,0,1,74.70461078568442
C029,MockCompany_029,Retail,2024Q1,941.2412593283162,76.87461175907339,61.79538388235238,1924.9690201825065,706.6805768739334,1218.2884433085728,570.2797971193185,619.0333665439294,51.07490803463165,12.166397961707542,3341.651265686168,-0.0624894751154437,0.0571972175808168,-0.3781116764493035,1.7287047180577535,1166.176522219419,2.0919789612752915,99.48302437580251,0.4638953934043152,0.0684113172920782,2024Q1,0.08167365274005368,0.0656530759461021,0.05072311423596906,0.03210201475162518,0.5800601497574599,0.921242420747489,0.0542633544039763,6.318600788393536,3.5502600768556083,0.011426423373102734,0.37495539915446296,-0.06248947511544367,-0.006075758317396401,0.03974445346715667,0.05730736781131834,0.026838759291090176,0.5441406429245688,0.03430665670617267,0.008797971570901113,0.030561290604042023,-0.06660758992293027,0.03369927360308201,0.20272648406945698,0.14128529657337602,-0.04283693103087356,0.5326845185178256,0.14736343051713272,-0.20985290563257641,1.6870922444323915,1.0537771295029574,0.017539720815723525,0.08289899558573696,-0.02100038475940814,0.6668333450112761,1.2274404443293363,5.667990762163401,0.0366794516249993,0.2944826239176814,0.3895840217017323,0,1,67.71586067231397
C029,MockCompany_029,Retail,2024Q2,957.7503682371748,79.3965435488144,35.1297583006174,1967.921834518556,787.286805583149,1180.6350289354068,702.1547722648412,572.0479356106483,-20.113126236466503,14.00788160650455,3414.1075052906067,0.0216827651492116,0.2944826239176814,0.1872495266298949,1.7245925607601331,1182.831888491149,1.9632931133481903,98.22272375653291,0.3895840217017323,0.0176559368613028,2024Q2,0.08289899558573696,0.0366794516249993,0.029754968673311837,0.017851195959312022,0.6668333450112761,1.2274404443293363,-0.02100038475940814,5.667990762163401,3.5647154190825447,0.017539720815723525,0.032805782455783916,0.021682765149211525,0.011703481328464216,0.024329403331405295,0.07319909469349392,0.011008763287988301,0.5858289762592357,0.05683699340275004,0.004208684369925744,0.03403318004745628,-0.03911285809147798,0.05068817956405803,0.23325668045886455,0.14566332300658993,0.03854010557513167,0.6115535304867641,0.07943833164205234,-0.05775556649284074,1.6456095524852576,1.3341602816813096,-0.04639053038114105,0.11011648772816697,0.097582018074233,0.720935535234889,0.7983048482019544,6.76771661957257,0.06537021967144195,0.1163562433476775,0.3156522531570425,0,1,82.87112521992168
C029,MockCompany_029,Retail,2024Q3,913.3198206819192,100.57157082612233,59.7039173083244,1839.492106478459,770.6013381634987,1068.8907683149605,616.7852539478008,772.6186999066913,89.12359124943586,14.8604878827959,3419.581088752878,0.0016032252803372,0.1163562433476775,-0.4511467466904383,1.8730280449757972,1164.2324826639554,1.82600177274646,99.87261329404907,0.3156522531570425,0.0,2024Q3,0.11011648772816697,0.06537021967144195,0.05585595748234222,0.03245674015018726,0.720935535234889,0.7983048482019544,0.097582018074233,6.76771661957257,3.744122279308408,-0.04639053038114105,0.2666996109760009,0.0016032252803372948,0.005219450827667144,0.03627842940091349,0.08369220584613356,0.020497946586491192,0.6261261002840358,0.08320539540325757,0.02977113507870687,0.05627552526127688,-0.014960612934449025,0.0360940176921831,0.16327041496424624,0.10188762449402472,-0.14397254845537405,0.6415486462163968,0.1613079754212589,-0.1597047501409217,1.6439301810019764,1.0735571427211168,0.0012438375011503133,0.02342495871588388,-0.03267200741170758,0.7790654447564381,0.8034088281771423,2.2754423313509142,0.0013370363055597054,0.1292256207029949,0.2361224918810833,0,1,45.40489784391053
C030,MockCompany_030,IT,2021Q1,215.16376628996085,44.81825927735563,34.49561681407742,569.1149668746805,346.3144345120151,222.80053236266536,279.31234339394723,216.2952506105665,19.746062195185367,7.630763477380399,873.006507744532,-0.1213000610896768,0.1537051339615002,0.157530279185432,1.9216827976989008,1208.3466290555305,2.432552415702244,99.28494760523849,0.3733939512756357,0.1220291936074366,2021Q1,0.2082983582688777,0.16032261104516,0.15482735363384176,0.06061273876427989,1.5543698699370458,1.291347556657866,0.09177224648727908,5.873365018367485,4.057404844661373,0.029321658588051358,0.016305366076255545,0.03901112242922311,0.028748223617539495,0.04103992952872891,0.14908296294256101,0.02851283501543619,0.6270378788260513,0.06156726049581937,0.09118377837234426,0.043601873648594996,0.043950407107197303,0.10004747440174336,0.2019274246561828,0.07374245419873522,-0.09177224648727908,1.2305971778865503,0.30007060475615677,-0.42137066584583355,1.8864863134070595,1.757696263123686,0.009453978819057518,0.1613398532062296,0.1148843257032728,1.9014373022852578,1.6182787327815444,7.307943502667805,0.10147272467178256,0.0925094502540703,0.3024285337233898,0,1,90.05138236371127
C030,MockCompany_030,IT,2021Q2,217.1979199790948,35.042680526286894,22.03966473342402,582.3560860079466,381.6431202142814,200.7129657936652,158.1303889929052,97.7151746408283,24.952636581066592,4.795149347581358,819.4976978730303,-0.0612925670047352,0.0925094502540703,0.1848665848480673,2.1973833715385225,1227.165578473466,2.6398228938409445,100.50740129996088,0.3024285337233898,0.0742166916551175,2021Q2,0.1613398532062296,0.10147272467178256,0.10980688091655819,0.037845684561259016,1.9014373022852578,1.6182787327815444,0.1148843257032728,7.307943502667805,3.773045791359943,0.009453978819057518,-0.2181159846162931,-0.06129256700473518,0.028748223617539495,0.04103992952872891,0.18481910573755364,0.03320467736418129,1.7279035861111518,0.24541373494242397,0.10332828609527595,0.016342707940949816,-0.09129631404720599,0.042431705989473836,0.12310729210778526,0.04327188292887082,-0.10543034688421528,1.594659687053705,0.2856781577285599,-0.3469707247332951,2.061171866424853,1.9895976710311651,-0.04055418470636285,0.2636398243987783,0.17945021699202862,2.248411269279418,1.291221574815323,6.596786653710027,0.20204431942674667,0.1310826909868051,0.4976672604555446,0,1,94.21721466978369
C030,MockCompany_030,IT,2021Q3,208.38963541442476,54.939806887448015,42.10394206309736,563.8178360683539,390.2505783143273,173.56725775402663,198.86419763606307,154.01244953889065,37.395565294187705,8.328267952996953,791.0529483380924,-0.0347099810149131,0.1310826909868051,0.1944028065708545,2.2700763851381485,1213.5787399646472,2.466938342707972,100.57980935214368,0.4976672604555446,0.0243022695320696,2021Q3,0.2636398243987783,0.20204431942674667,0.2425799808540099,0.07467649898524716,2.248411269279418,1.291221574815323,0.17945021699202862,6.596786653710027,3.7960282754040446,-0.04055418470636285,0.5677969282696711,-0.03470998101491318,-0.015550102943652666,0.03536111154351051,0.21109267862462855,0.05120719867544989,1.9014061471672405,0.34702070072008745,0.12870226306086016,0.04544291113662932,-0.0724342030364417,0.0443572151057273,0.12576575840079188,0.0309423699027419,-0.22000440169839147,1.6556405170703579,0.4025358566844441,-0.4372458376993572,2.022028776735536,2.2843904685127074,0.07170094840255259,0.2110449470675717,0.13028683492206627,2.7470211403523686,1.392061476918183,4.049549804632198,0.17452626171705662,0.3130971767593526,0.4010424603228807,0,1,83.37306153488669
C030,MockCompany_030,IT,2021Q4,223.33136991090117,47.13295714158546,38.97718911487325,589.225266519583,431.9736139544668,157.25165256511616,227.093556983089,163.1347183634794,29.097137324630783,11.63906098490787,853.41539170943,0.0788347271852707,0.3130971767593526,0.1054983434334944,2.241769701536682,1209.2297249732085,2.5600954055541867,102.06895463203972,0.4010424603228807,0.1105628534521604,2021Q4,0.2110449470675717,0.17452626171705662,0.24786505247367982,0.06614989432655581,2.7470211403523686,1.392061476918183,0.13028683492206627,4.049549804632198,3.8212965426490766,0.07170094840255259,-0.1420982378379304,0.07883472718527074,0.013533580838415752,0.05623865300487152,0.21108074573536434,0.04181050944878233,2.1128098954635224,0.508967998660405,0.12909840602616168,0.037112439496439616,-0.0346169704810136,0.08385869464300744,0.17259861299043205,0.09701315329818047,-0.058585886519513686,2.1672762091932025,0.4130327303921906,-0.3341980032069199,2.0434217049737664,2.8814158462754356,-0.015649615032742092,0.17704639549573664,0.12422425660989163,3.1938843016549003,1.395941149451195,6.941911479513784,0.1359718346664164,0.1158231177924481,0.3819388003723379,0,1,83.70818157708135
C030,MockCompany_030,IT,2022Q1,219.83631994706064,38.92122804585164,29.891547749651117,594.0835532281249,452.4288220781724,141.65473114995245,218.4760475005865,156.5080645305735,27.30900342140212,5.606701865007906,838.6548402143744,-0.0172958580762053,0.1158231177924481,0.064233127596484,2.226468160841471,1228.5515850611962,1.9646800117164935,103.23698841175244,0.3819388003723379,0.0443068260004059,2022Q1,0.17704639549573664,0.1359718346664164,0.21101693891041023,0.050315393495033535,3.1938843016549003,1.395941149451195,0.12422425660989163,6.941911479513784,3.814905746295781,-0.015649615032742092,-0.1742247801483391,-0.017295858076205373,0.006237781870626291,0.04818131164170558,0.20326775504207906,0.045279797272170894,2.522688503392986,0.5662773135841905,0.13721140855681482,0.02886307561857736,-0.008615919727645728,0.06104284336442435,0.16312810894816904,0.10122975066067999,-0.1398738716426337,2.628418598416482,0.28562103707288616,-0.3029168951490915,1.8354673359136462,3.126180516581268,0.011743703564234709,0.2558799839202586,0.1909107290227511,2.744344298474014,1.4050202531862765,8.265844470970208,0.2306245180811096,0.1874536803188855,0.7307826540947614,1,1,92.82153122925214
C030,MockCompany_030,IT,2022Q2,222.4180125211712,56.91231746774904,51.29504695048393,607.0128608223011,444.8982654665959,162.11459535570526,207.34869271966272,147.5770133904024,42.46198491839908,6.885239331487576,796.2739134163091,-0.0505344091107039,0.1874536803188855,0.1674592797300594,2.0658290441690905,1232.7378750892535,2.551807882184708,102.87604790025122,0.7307826540947614,0.1375491983568471,2022Q2,0.2558799839202586,0.2306245180811096,0.3164122689731792,0.08450405297988521,2.744344298474014,1.4050202531862765,0.1909107290227511,8.265844470970208,3.5800783596019885,0.011743703564234709,0.4622436219304995,-0.05053440911070395,0.006810213056920589,0.048245818180018954,0.22690278772058634,0.04052332134850903,2.733415252440175,0.3862491308294871,0.1562180093866844,0.0338592493115325,-0.005926380254137902,0.05811506480401725,0.18686416646437282,0.0896168213703551,-0.1791670254585164,2.04212152350883,0.45853441650724447,-0.5090688256179484,1.9859942867506055,2.9603578579224767,-0.02748365848194756,0.1590226637073162,0.10214945999304749,2.6909639093949234,1.0941820576292833,5.586944439248096,0.1365215657016177,0.2047867960756638,0.2578818314976074,0,0,78.0971361246411
C030,MockCompany_030,IT,2022Q3,216.3051518248058,34.39742141695508,29.530317996585136,619.5496631670115,451.69387308807626,167.85579007893529,177.10186069818403,161.8577634884717,22.09545445272021,6.156750221055971,815.9844751338685,0.0247534942253648,0.2047867960756638,0.2392907828533941,2.131611931435175,1226.8366653667945,2.313043522929353,102.42339577141556,0.2578818314976074,0.0639384650669061,2022Q3,0.1590226637073162,0.1365215657016177,0.17592671651375497,0.047664166009847395,2.6909639093949234,1.0941820576292833,0.10214945999304749,5.586944439248096,3.772376516445594,-0.02748365848194756,-0.39560673422853765,0.02475349422536488,0.010077844613024411,0.04424534137917205,0.20074849754772078,0.04261585195565881,2.8440534124690515,0.2346452757006111,0.13689282013693913,0.03798757295477035,0.008939488555931574,0.055859541336388034,0.20529019273658752,0.08153751260732706,-0.12963311847499503,2.2630396605826895,0.23368846521841613,-0.20893497099305133,1.9236804086376231,2.725708288155961,0.05663493649678353,0.16066594868974263,0.04772173480334836,1.6956409969051915,1.1840350743064476,6.052151148684317,0.11364201083108068,0.2653152307059493,0.3275459735059025,1,0,78.26532979055969
C030,MockCompany_030,IT,2022Q4,228.5555803623308,36.721099147409255,25.97351573915357,674.8242321734066,424.4851725781332,250.3390595952734,291.56242681570745,246.24475502578085,10.907068793924246,6.067445812112598,873.0856065962477,0.0699782081675159,0.2653152307059493,-0.141170014656314,2.045706037667953,1236.7781888522,2.2385282957476718,103.24169400054768,0.3275459735059025,0.0818607359960855,2022Q4,0.16066594868974263,0.11364201083108068,0.10375334868254901,0.03848930506757615,1.6956409969051915,1.1840350743064476,0.04772173480334836,6.052151148684317,3.8200143930343717,0.05663493649678353,0.06755383498917711,0.06997820816751599,0.006311341636582146,0.0373557688834003,0.1881537479532635,0.04587815563921799,2.5812083766072575,0.6319970936394643,0.11625154510725966,0.05925302123517957,0.006725358801492876,0.05222271696438348,0.19334470622323668,0.061522295886792304,0.008913201693435166,1.423209227500198,0.26502261998987453,-0.19504441182235863,1.8705154733511287,2.0249836334054847,-0.04258648574441626,0.1570283110498873,0.1311250029166392,1.83062031112792,1.3415143763451778,3.9298977423823156,0.12459099935627732,0.2109985779466569,0.5492322488890918,0,0,81.11312925454507
C030,MockCompany_030,IT,2023Q1,218.8222013974236,34.361280705812746,27.26327675357018,669.762684492477,433.1492885320116,236.61339596046545,309.90071970465203,231.0081242271918,28.693061796593707,8.743555928010721,929.1695249855592,0.0642364482538618,0.2109985779466569,-0.3092817537015254,1.983063439412654,1211.1167749246022,2.0419309922538504,103.54108868496564,0.5492322488890918,0.0895138297330694,2023Q1,0.1570283110498873,0.12459099935627732,0.11522287925747976,0.040705875953941276,1.83062031112792,1.3415143763451778,0.1311250029166392,3.9298977423823156,4.246230588338523,-0.04258648574441626,-0.06426328449819829,0.06423644825386199,-0.0004228760413363952,0.04439848180747353,0.18314922684180118,0.04850997874032024,2.2403923789755122,0.5542711301178427,0.11797673168394654,0.059661579261966115,0.02710843538400965,0.05552856264201428,0.21713857126178887,0.03362761332421672,-0.17371148866105546,1.5431610954978834,0.24556682822211023,-0.18133037996824844,1.772083083560657,2.303391922333632,-0.008995035810490437,0.12507458826849754,0.12113645832629322,2.029445140588223,1.3924618235564414,4.052723239222275,0.08727052186615977,0.374177911948454,0.7262658702590661,0,1,74.56626176959563
C030,MockCompany_030,IT,2023Q2,216.85388785972344,27.12291073860292,18.924951962311024,671.5310989459516,449.86308127934615,221.66801766660544,254.1403636541391,182.51154850597987,26.268911949735188,6.6925149173904925,1012.2880276749456,0.0894546156049171,0.374177911948454,0.2142994500579867,2.014969520646778,1220.314684556132,2.2719601004267265,102.11519373146317,0.7262658702590661,0.0742233998939685,2023Q2,0.12507458826849754,0.08727052186615977,0.08537520279848976,0.02818179529136896,2.029445140588223,1.3924618235564414,0.12113645832629322,4.052723239222275,4.668064924550016,-0.008995035810490437,-0.21065483644750604,0.08945461560491696,-0.005607560885017682,0.043709678548812976,0.1504478779288609,0.016980791593933214,2.0616675895040646,0.44136547810058646,0.10053316400983206,0.03720222131328338,0.0621056915629149,0.027139558667280184,0.263819629169181,0.07843495444686706,-0.13013149413678365,1.7756131252156475,0.23721601078430032,-0.14776139517938322,1.8665197727425662,2.876056907423168,-0.04619757761401655,0.13462364580215908,0.01121247224479496,2.7882723799355955,0.8760782767519383,4.4631416376902715,0.1034471360576139,0.2683729779777556,0.8074779061032351,0,1,55.11475540566018
C030,MockCompany_030,IT,2023Q3,206.83576354442263,27.8449845707581,21.39656737306379,635.8069268921167,467.971337704589,167.83558918752772,285.2684135256197,325.6197774728267,2.3191402579840243,6.238875399147105,794.0851462157605,-0.2155541461458952,0.2683729779777556,0.4796712508395666,1.8110283822471829,1199.683109018091,1.9191205921249137,100.21600222412918,0.8074779061032351,0.0884468147658023,2023Q3,0.13462364580215908,0.1034471360576139,0.12748528173621915,0.03365261759197646,2.7882723799355955,0.8760782767519383,0.01121247224479496,4.4631416376902715,3.8392062020810713,-0.04619757761401655,0.026622283983978257,-0.21555414614589508,-0.01028604066803493,0.04765515402762953,0.14434812345257164,0.017253919381202222,2.0859947071392324,0.48784693105420107,0.07779891707276894,0.057908564252694944,0.0020287814700999038,0.14545620791072364,0.279716174644704,0.06826708139689375,-0.05741004985881151,2.412904986659203,0.09963854043293749,-0.3151926865788327,1.665457073735661,3.4887558707401936,0.021989027046408482,0.1617439522402418,0.15330199147342863,2.459661912828573,1.22649835008337,3.735788111527762,0.1230070333417133,0.3125273465495441,0.270237947523031,1,0,81.27707423327391
C030,MockCompany_030,IT,2023Q4,211.3838807431655,34.19006431144127,26.00170406659831,650.9065702476825,462.7649001522221,188.1416700954604,222.91388689760564,181.7482158710012,32.40556988346231,9.152035203014592,864.3362825615997,0.0884680146463176,0.3125273465495441,-0.2512672838720385,1.8188042427533904,1209.4781927017652,1.5263348180445724,99.62473799234436,0.270237947523031,0.0698953561092059,2023Q4,0.1617439522402418,0.1230070333417133,0.1382027918284515,0.03994690675293724,2.459661912828573,1.22649835008337,0.15330199147342863,3.735788111527762,4.088941311507532,0.021989027046408482,0.22787154809008459,0.0884680146463177,-0.01894751803062869,0.03202196728840034,0.14461762434019643,0.017598732131079164,2.276999936120078,0.430233679116789,0.104193981240289,0.06342839832566877,0.006651233089800326,0.14859528196523392,0.2915192036056027,0.06902444748586042,-0.13131296442702015,2.0618264738728866,0.33703497076007893,-0.24856695611376134,1.5336421290898163,2.6445917679454616,0.015943779964762372,0.12565540908924022,0.06163269766868045,2.88366357361537,0.7319642746823507,3.5149787386776685,0.11027159144303181,0.3195239744606624,0.7323930386946469,0,1,57.036368070860206
C030,MockCompany_030,IT,2024Q1,214.75413882583211,26.985019167893075,23.681280657412564,668.2579948167046,496.1890238188568,172.06897099784777,217.73250102935648,297.46328961630473,13.235876911411973,7.67715004003974,845.2470413645802,-0.0220854331608588,0.3195239744606624,0.1525033774834851,1.9828628968758013,1188.7064180013574,1.7703356799138372,99.49044214529832,0.7323930386946469,0.0855087841300707,2024Q1,0.12565540908924022,0.11027159144303181,0.13762667679096624,0.035437332349271225,2.88366357361537,0.7319642746823507,0.06163269766868045,3.5149787386776685,3.9358824280734757,0.015943779964762372,-0.21073505676727022,-0.02208543316085887,-0.004314951603334033,0.030975113921184478,0.13677439885003467,0.017210673394958895,2.54026075174194,0.38594646745476285,0.08682090492829932,0.0631093573385148,-0.014929237263879822,0.14362978526516051,0.31865055273410403,0.043395002262897824,-0.04568891770391808,2.5213156475969907,0.20323188672268305,-0.22531731988354187,1.6702314272767806,3.5732326607523,0.027404498088322127,0.1713938768529313,0.14765988080795803,2.4853222511483883,1.2240228727582774,5.707456612906178,0.1576338982490699,0.1977683416749545,0.6545309200191746,1,0,81.5317329815256
C030,MockCompany_030,IT,2024Q2,220.63936821274388,37.81623670453498,34.780243718744366,705.1449567061669,502.8265178670204,202.3184388391465,302.9521180788985,247.5052752854089,32.57958281198458,6.625759819761798,827.3158857204755,-0.0212141004541776,0.1977683416749545,-0.4133613093280934,1.9719630951726344,1160.4256169236417,1.9117743649230572,98.02381148435168,0.6545309200191746,0.039120900695613,2024Q2,0.1713938768529313,0.1576338982490699,0.1719084227722048,0.049323537505194026,2.4853222511483883,1.2240228727582774,0.14765988080795803,5.707456612906178,3.7496295081801323,0.027404498088322127,0.4013789083955497,-0.02121410045417771,0.004784931871369108,0.03430919133815213,0.1483542209961431,0.02170925610525785,2.654230029381982,0.21369268626416232,0.09345176054871551,0.06903217546207702,-0.0425964162786535,0.12645178953919203,0.27454816016572914,0.05597176631243008,-0.1202553827196359,2.0593532352952115,0.34645825574921146,-0.36767235620338906,1.7074357961105846,2.9116524969893405,-0.025027969168675335,0.18964006199530267,0.19000959573483775,4.405944489925152,0.7190716264821119,7.556100144538931,0.17941758506301098,0.4114537075877383,0.7717649669142698,0,1,77.29886616025622
C030,MockCompany_030,IT,2024Q3,215.1172129077193,40.79484159226625,38.59581084556799,651.2019294662259,530.7415861024641,120.4603433637618,223.5372413222756,310.8692278892434,40.87433466039077,5.398928124873262,702.7809976577737,-0.1505288248566018,0.4114537075877383,-0.1567853099343548,1.824771576113064,1172.8131183993448,1.998149667013208,96.30987096460645,0.7717649669142698,0.0395216895538097,2024Q3,0.18964006199530267,0.17941758506301098,0.3204026301726316,0.05926857568917947,4.405944489925152,0.7190716264821119,0.19000959573483775,7.556100144538931,3.26696775285939,-0.025027969168675335,0.07876523809081393,-0.1505288248566018,0.010077333982704412,0.0238671080876142,0.162108325044429,0.026914468606414225,3.058648056879371,0.9189331002423364,0.13815104142122622,0.054357875541321966,-0.026340085956330153,0.09772089614714928,0.3103183425682248,0.08753187631911387,-0.21503756490351308,3.570400903707884,0.3546216885614651,-0.5051505134180669,1.6898663706139985,4.753619578209892,-0.04520242385835638,0.15624280800900375,0.018936786707637043,9.008055832162489,1.3841330461980756,2.71651597262228,0.11010420961105445,0.2601745561632378,1.0,0,1,52.5441797829448
C031,MockCompany_031,Finance,2021Q1,788.5520146280664,130.19872319516537,107.59052696054856,1392.6213723412882,612.4259342077513,780.1954381335369,660.4977704378912,396.21503357501336,76.23361449078902,6.182004399408861,1866.3353646524124,-0.068434998867038,0.2497994098591927,-0.3863440579526407,1.7533664189554503,1197.6599710141154,2.715324845987931,100.73960821465128,0.0755104756505927,0.0319517920833252,2021Q1,0.1651111414082312,0.13644062149934263,0.1379020200602553,0.07725755836964436,0.784964771996199,1.6670184482315347,0.09667544191951521,21.06092373317534,2.3667878973466747,0.029321658588051358,0.016305366076255545,0.03901112242922311,0.028748223617539495,0.04103992952872891,0.14908296294256101,0.02851283501543619,0.6270378788260513,0.06156726049581937,0.09118377837234426,0.043601873648594996,0.043950407107197303,0.10004747440174336,0.2019274246561828,0.07374245419873522,-0.09667544191951521,0.6553583425266546,0.2617865833277464,-0.33022158219478437,1.9233399340344182,0.9806682280364399,0.09250812588306112,0.183542275051671,0.19382260998481868,0.7080941355022765,1.0899875529736882,21.322293579759886,0.15946577068337014,0.2016013521746804,0.1631607095658071,1,0,100.0
C031,MockCompany_031,Finance,2021Q2,861.4994836626211,158.12157518746088,137.37967910574477,1553.843286507425,644.1491108700859,909.6941756373392,569.1168330064279,522.1314972383691,166.9780784242567,7.415786419723389,2306.15774857112,0.2356609601086459,0.2016013521746804,0.2279475696515787,2.08045512320826,1214.7194351544863,2.4416932240632763,102.3540818889951,0.1631607095658071,0.0347313857397826,2021Q2,0.183542275051671,0.15946577068337014,0.15101743287445413,0.08841282792066167,0.7080941355022765,1.0899875529736882,0.19382260998481868,21.322293579759886,2.676911353172182,0.09250812588306112,0.21446333195172507,0.23566096010864612,0.028748223617539495,0.04103992952872891,0.1743267082299511,0.013032779584231803,0.7465294537492377,0.05435574833897866,0.14524902595216693,0.0686934213120453,0.08361298062080395,0.21502831472313225,0.22570038101693654,0.03408117342873903,-0.10131448410175756,0.5781289269214425,0.4698730109195508,-0.2342120508109049,1.9471677520913835,0.94289098866193,0.011027907369233425,0.16196794004086737,0.0510602517366092,0.6532494813765145,1.676774051508692,9.315333254359514,0.12443346600994445,0.1781287825000025,0.2839880492374251,0,0,95.25715288178915
C031,MockCompany_031,Finance,2021Q3,871.0000201670948,141.07407904218024,108.38155140424756,1516.5301509328522,599.2274885001269,917.3026624327252,791.0922045204351,471.7941596287027,44.47348029237461,15.144286863472455,2356.061096233237,0.021639173509721,0.1781287825000025,-0.2606936210371762,2.072054483688258,1226.2852383198974,2.2254111403071324,101.9011507189092,0.2839880492374251,0.0019662903668457,2021Q3,0.16196794004086737,0.12443346600994445,0.11815244394548793,0.07146679631625401,0.6532494813765145,1.676774051508692,0.0510602517366092,9.315333254359514,2.7050069364849607,0.011027907369233425,-0.10781258740352162,0.021639173509720555,0.05176801662614727,0.05761521504368924,0.17020711883358985,0.011655029911133676,0.7154361296249966,0.06616387310330712,0.11385276788031436,0.07291480047644774,0.06295504491710964,0.15620127716811125,0.20984318151129186,0.03653923260859959,-0.04003234436737577,0.5474440085451955,0.22405609914670999,-0.202416925636989,1.8719985398943557,1.009560840282623,0.017188096538838682,0.17101295757451077,0.19963252009024962,0.5938779771434617,1.42911997500159,18.777037580452795,0.13515526168447775,0.2059060706725107,0.3148105235433456,1,0,100.0
C031,MockCompany_031,Finance,2021Q4,885.9708525990573,151.5124958279467,119.7436224279806,1596.200300091579,594.7432732797239,1001.4570268118551,793.1959638170755,555.0240551460796,176.86859403105652,8.069030866024184,2325.4624865882943,-0.0129871885299847,0.2059060706725107,0.1442823377917009,2.165396529321653,1230.518606913533,2.438420190974699,104.71970852575602,0.3148105235433456,0.0286955934004663,2021Q4,0.17101295757451077,0.13515526168447775,0.11956940659657221,0.07501791750135338,0.5938779771434617,1.42911997500159,0.19963252009024962,18.777037580452795,2.6247618415027576,0.017188096538838682,0.07399245032565793,-0.012987188529984373,0.04024137659704441,0.045369006968930085,0.17040857851882008,0.009524818047538023,0.6850465915046129,0.08131749408768926,0.13529770593279816,0.07337520170088982,0.04396948655533605,0.13307027603688457,0.20885890380159658,0.02989903382256318,-0.18244442355141094,0.4923171478337906,0.3878335742035991,-0.4008207627335838,1.980491434177783,1.013033742049647,0.15029987380679888,0.1688143868693953,0.034133998746183385,0.4694867393881585,1.6610940342930738,23.928681359207868,0.14641872150646942,0.1386138245246899,0.3726735847518555,1,0,96.303720389527
C031,MockCompany_031,Finance,2022Q1,1019.1321599411976,172.0441707195246,149.2200279048633,1836.9620131463864,586.8915198864323,1250.0704932599542,1023.7678291289676,616.3214170852166,34.78705586966214,7.189872609900108,2921.203679120912,0.2561818115615505,0.1386138245246899,0.1432489028891199,2.112228348081412,1240.494640754792,2.2847211239813427,103.3271673294072,0.3726735847518555,0.0,2022Q1,0.1688143868693953,0.14641872150646942,0.11936929053945229,0.08123196170463803,0.4694867393881585,1.6610940342930738,0.034133998746183385,23.928681359207868,2.8663639456599963,0.15029987380679888,0.13551142946581174,0.25618181156155084,0.06775600089948303,0.0663358831823466,0.17133438988411112,0.009004009789239483,0.6061770833526028,0.10236928953754097,0.11966234513946522,0.0892866526412084,0.12512368916248318,0.14044972912263531,0.18106250746797087,0.030819605234283218,0.11616587506061549,0.39023062333503494,0.3532482594223776,-0.09706644786082708,1.9110807074484017,1.017683907672196,-0.014719534697983927,0.22008924998012924,0.22142387937120084,0.5027698496816848,1.743080817463501,14.108173948960712,0.16919949123291775,0.1282075885704245,0.6586703351878103,0,0,100.0
C031,MockCompany_031,Finance,2022Q2,1004.1310087511118,220.9984405980429,169.8984558120538,1841.034909856279,615.9405214868674,1225.0943883694115,871.170588462721,499.7878352701335,222.33858335480983,15.664567319870246,2355.7967254173354,-0.1935527323016811,0.1282075885704245,0.4447627524416121,2.233810891459346,1241.013668825805,2.405935689134917,103.06360182999344,0.6586703351878103,0.040864761705761,2022Q2,0.22008924998012924,0.16919949123291775,0.13868193130657328,0.09228421194100263,0.5027698496816848,1.743080817463501,0.22142387937120084,14.108173948960712,2.3461049453547025,-0.014719534697983927,0.28454477518059074,-0.19355273230168135,0.040949085754221765,0.07419894805007057,0.18047113361622566,0.026691447790548915,0.5548460118974549,0.08407312133082169,0.12656266248606074,0.09760725121448754,0.017820266059901425,0.18480481065412274,0.1627140665669069,0.03593828680841507,-0.23614341406918476,0.39211561055262045,0.42679359465334615,-0.6203463269550272,1.9962154038557336,1.1789935343108553,0.05585291761502886,0.22561267040936206,0.13027786508939831,0.4416475954740526,1.6886843490542984,33.94959490757644,0.20321043192244448,0.3221961876783609,0.1513470450856728,1,0,100.0
C031,MockCompany_031,Finance,2022Q3,1060.2146552575834,239.1978595800302,215.44667802560232,1977.9106736275487,605.9313634017951,1371.979310225754,1025.3297190805029,607.1766577649767,138.12250182358068,7.045676397531904,2538.5203092071542,0.0775633915347466,0.3221961876783609,-0.1101442775373625,2.117791458556304,1229.1657311286876,2.2957590042086493,101.7187844652682,0.1513470450856728,0.041256224391474,2022Q3,0.22561267040936206,0.20321043192244448,0.1570334744989663,0.10892639435043727,0.4416475954740526,1.6886843490542984,0.13027786508939831,33.94959490757644,2.3943456135191945,0.05585291761502886,0.08235089321326416,0.07756339153474667,0.052155338315670624,0.07150985614472133,0.19638231620834934,0.030659568387406157,0.5019455404218394,0.06618576971122352,0.14636706582425804,0.08431262776915684,0.03180132056615782,0.18728875350616905,0.1987309178614965,0.08922398884152143,-0.07442494747436945,0.3420063020792779,0.41174345311378924,-0.3341800615790426,1.9134923813063398,0.8155495348433116,0.08155941415067036,0.21855183522469737,0.1028073026238139,0.4163880223235532,1.6449061918182468,18.725581567446014,0.19077555675130806,0.1595264766813878,0.6326764544022419,1,0,100.0
C031,MockCompany_031,Finance,2022Q4,1146.6851414143468,250.61014208121568,218.7594962719652,2117.607096628152,622.5315500601656,1495.0755465679863,1159.808270583928,705.0908291008706,117.8876063477184,13.383303539056431,2908.308627540839,0.1456708134232651,0.1595264766813878,0.5105628796198393,2.169841039546009,1229.6405714832376,2.123061531890591,101.5691775819692,0.6326764544022419,0.084767244859901,2022Q4,0.21855183522469737,0.19077555675130806,0.146320028291541,0.10330504493500745,0.4163880223235532,1.6449061918182468,0.1028073026238139,18.725581567446014,2.5362747998558093,0.08155941415067036,0.0477106380517891,0.14567081342326516,0.06824816771862854,0.06818346237169338,0.208267035620896,0.026475928658375388,0.4575730517168623,0.037123726927090345,0.12216076145764912,0.07755067433960385,0.07146582105447027,0.1913969627329666,0.18713601936371577,0.09097710199103887,-0.021247888473143545,0.3253856558791584,0.4029185519991816,-0.2572477385759165,1.8714080714477812,1.1175885869627882,0.06675797920439619,0.22016218440742258,0.2074402838658869,0.36749332064036977,1.5954778905713782,39.83850805841092,0.19140778312416887,0.1840885970491947,0.43534334095609,0,0,100.0
C031,MockCompany_031,Finance,2023Q1,1223.235524238876,269.3102050614098,234.1367999334852,2321.111104370967,623.7637979258652,1697.3473064451018,1275.254334810763,799.2930158076142,253.74832438315684,6.760047455258884,3417.047669731665,0.1749260850011633,0.1840885970491947,-0.3025752251128386,1.910197592060328,1222.8369709731585,2.184991484796223,102.8721244655305,0.43534334095609,0.014774861877209,2023Q1,0.22016218440742258,0.19140778312416887,0.13794277638070418,0.10087272405550643,0.36749332064036977,1.5954778905713782,0.2074402838658869,39.83850805841092,2.7934503225411422,0.06675797920439619,0.07461814124878452,0.17492608500116336,0.04736269406802787,0.042707843832115525,0.22110398500540282,0.0030961475047174363,0.4320746970299151,0.05629171322314408,0.165487332737575,0.057900604904152525,0.05115188941437347,0.16815845485970207,0.19850471249484197,0.08557334849276273,-0.1406823046614907,0.2865851884130486,0.4943604474777057,-0.3194343624765424,1.8001672681917402,0.9060171264183332,-0.02215627506955331,0.16196345479683733,0.09188119710124518,0.3852970553901781,0.8435610631082876,26.398040564523995,0.14132926813254912,0.1374139175380573,0.3510827685087764,0,0,95.27131104181933
C031,MockCompany_031,Finance,2023Q2,1196.1331814889902,193.72986247125124,169.04862712903787,2365.522009527556,657.9301249400977,1707.591884587458,1405.056777540772,1665.6254526052749,109.90214860782126,7.33879705849094,4042.846916373604,0.1831403325699234,0.1374139175380573,-0.3767635350127544,1.7834289417617155,1192.672280272384,2.02263908895058,101.54209550472603,0.3510827685087764,0.0281156917560709,2023Q2,0.16196345479683733,0.14132926813254912,0.09899826103342006,0.07146356129771499,0.3852970553901781,0.8435610631082876,0.09188119710124518,26.398040564523995,3.379930411542919,-0.02215627506955331,-0.280644183434951,0.18314033256992346,0.045503508975135526,0.04632039665533646,0.20657253620957983,0.029892468381791056,0.40270649845703843,0.03289706031468997,0.13310166217008607,0.052125104208991364,0.1453251556322746,0.04795129049095945,0.20080629473675016,0.0831416550030396,-0.11403747217079849,0.32289301317613645,0.2316883768285292,-0.04854804425860579,1.6899254948310185,0.8113896992229701,0.11061386738989554,0.16641990950445346,0.10046210826049878,0.3206323468275582,1.4996479440215904,24.318312568188137,0.13535747906505044,0.1983408115627518,0.1578923844922432,1,0,100.0
C031,MockCompany_031,Finance,2023Q3,1328.4420986068671,221.07921383222748,179.81457355144605,2727.761147715883,662.264907018592,2065.496240697291,930.3030381384092,620.3476234842996,133.45809392814775,9.091058978208574,4181.612997818346,0.0343238525512151,0.1983408115627518,-0.2478055589149657,1.863092494862204,1206.2292614343944,1.9065056128266489,100.64932176189288,0.1578923844922432,0.0655672870642723,2023Q3,0.16641990950445346,0.13535747906505044,0.08705635479184189,0.06592020481776771,0.3206323468275582,1.4996479440215904,0.10046210826049878,24.318312568188137,3.1477570623517894,0.11061386738989554,0.14117261537329995,0.03432385255121506,0.059193746418852194,0.05721099995503417,0.1917743459833527,0.03190841050547763,0.37245268629541484,0.04002180430553757,0.1256477229628612,0.05473025146735141,0.13451527088639173,0.06870273395446075,0.1698424507078479,0.02691429818673956,0.010151759129396754,0.26727274068431545,0.3774958851548478,-0.34317203260363266,1.6812281161214169,0.6336576958687072,0.12422028665985674,0.18599174081124537,0.14838212983213772,0.2860388271913111,1.3799254821937301,34.086769053068636,0.14284112868359664,0.2899795359121389,0.3764415553592279,1,0,100.0
C031,MockCompany_031,Finance,2023Q4,1493.461556906834,277.7715148039608,213.3277344342765,2943.538555437963,654.6974308925093,2288.841124545454,1671.7614141240051,1211.4867329393398,221.60300663640476,8.148954051274856,4987.201665472772,0.1926502208776187,0.2899795359121389,0.0217151029798433,1.6845268724582088,1182.459282802484,2.0196713944690634,100.72764983419252,0.3764415553592279,0.0574780870999778,2023Q4,0.18599174081124537,0.14284112868359664,0.09320338233460766,0.07247322581866553,0.2860388271913111,1.3799254821937301,0.14838212983213772,34.086769053068636,3.339357241841979,0.12422028665985674,0.25643433405166705,0.19265022087761885,0.06985896454614879,0.06606193023564677,0.1836343223799897,0.026494053662480258,0.3398653875123543,0.045072340317408505,0.13704142976494216,0.05311027368505665,0.14626012274998013,0.07497478922600621,0.20245571551553565,0.06388828295354634,-0.024161843172280983,0.23283796778239213,0.4585941573032398,-0.2659439364256211,1.6512071782652902,0.899259059053759,0.15784456701796334,0.12023409526720444,0.13789977491494007,0.24704632685490874,1.3332336641583746,15.20288617135544,0.09455285054088616,0.1067234458913612,0.3133645052443342,0,0,100.0
C031,MockCompany_031,Finance,2024Q1,1729.1963497147665,207.90835864742763,163.5004440105208,3420.530344397684,677.624751608581,2742.905592789103,1956.029297181112,1467.1316437351993,238.4557874095402,13.675584773104193,6884.434486450858,0.3804203134821965,0.1067234458913612,0.0836602017350139,1.6331771985243448,1170.088334715572,1.9778756204967125,99.2033125564273,0.3133645052443342,0.0454489776260691,2024Q1,0.12023409526720444,0.09455285054088616,0.05960848395230657,0.04779973499672711,0.24704632685490874,1.3332336641583746,0.13789977491494007,15.20288617135544,3.98129135975939,0.15784456701796334,-0.2515130329538635,0.3804203134821966,0.09263061149954058,0.0790573513169124,0.15865230009493514,0.027656843530820624,0.3097536390659891,0.058650812269114144,0.11965630252720544,0.02767592825354497,0.19763367987023844,0.1417932122325326,0.18311442772607728,0.08077976819616331,0.019944792103023273,0.21734293525642273,0.41597843720010785,-0.03555812371791134,1.6148949870720415,0.6573756784951413,0.06987305826301626,0.11968899554656465,0.06861076142178017,0.2317163297315601,1.349734758759778,15.57700173497833,0.0946461081532259,0.1220538450706471,0.5378982358335531,0,0,92.56446461595424
C031,MockCompany_031,Finance,2024Q2,1850.0205870065813,221.4271057994033,175.097248563614,3755.258545581233,706.4570846154429,3048.8014609657903,2550.7604114648334,1889.823459690172,126.93132112055886,14.215001676902256,7184.0033661318885,0.0435139415257138,0.1220538450706471,0.0386450914452134,1.778440466469255,1160.9338894498892,2.03933948048542,97.94290187602512,0.5378982358335531,0.0734914768242478,2024Q2,0.11968899554656465,0.0946461081532259,0.057431502446239895,0.046627215260478444,0.2317163297315601,1.349734758759778,0.06861076142178017,15.57700173497833,3.883201850068087,0.06987305826301626,0.06502262458288577,0.04351394152571397,0.11563794483268297,0.036399275379303195,0.14808368528236698,0.03344196895074753,0.2713584576513345,0.04002502306579096,0.11383869360733918,0.036499696369652765,0.16272708210918602,0.16225997603441794,0.17927440960922472,0.08397814798247998,0.0012622968412360908,0.20398243497425309,0.2581728152313611,-0.2146588737056473,1.6845031482691026,0.8651968127196894,0.13713677980849792,0.11104060909254618,0.006291658504232476,0.18702760904933866,1.7876150878052102,17.443869164284823,0.0910643580463493,0.1352324333635537,0.4015403393539565,1,0,89.93210804018898
C031,MockCompany_031,Finance,2024Q3,2103.726452888091,233.59906669290632,191.57449893746855,4286.282885489131,675.3450666782248,3610.9378188109063,2191.872038789565,1226.1431746354883,13.235928427898472,13.391470921700169,8161.828986933124,0.1361115204109,0.1352324333635537,0.1457224702474046,1.882528020679648,1190.731844487021,1.8187842009632589,96.42357728047428,0.4015403393539565,0.0149873224851082,2024Q3,0.11104060909254618,0.0910643580463493,0.053053945692286004,0.04469478661475751,0.18702760904933866,1.7876150878052102,0.006291658504232476,17.443869164284823,3.879700697647413,0.13713677980849792,0.05497050981883822,0.13611152041090002,0.12226867293733357,0.037575763797027595,0.13423886017939016,0.03475797993872515,0.23795727320677965,0.040935831071066124,0.0902960811682726,0.06624977189227076,0.18817399907410726,0.14214513228808265,0.16349731505942522,0.08512243956822715,0.13084512130426545,0.1662599494233775,0.2544690474052766,-0.1183575269943766,1.6526788309211236,0.833877843445153,0.04667239430770165,0.14081489692530894,0.0350493360051172,0.18123431025299658,1.2561143729331485,20.29303984977011,0.10542039580576047,0.2314254820971928,0.1172614996253629,0,0,95.09935868151669
C032,MockCompany_032,Retail,2021Q1,664.1841967094143,57.08902012392714,50.19429984647073,1076.1864790079674,513.6030856485701,562.5833933593973,381.3062373245948,372.6745998391825,-9.464416560564729,10.561215546500238,824.4766523966189,0.0266092608727153,0.0550581428186588,0.0497309723197581,1.9260587454342768,1184.6695437917024,2.5302384711432047,100.16587117569026,0.147312238385547,0.0254676648154976,2021Q1,0.08595359601550122,0.07557286080438849,0.08922108337868355,0.04664089432966429,0.9129368049432454,1.0231613248880227,-0.014249686468663803,5.405534984790618,1.2413373526201081,0.029321658588051358,0.016305366076255545,0.03901112242922311,0.028748223617539495,0.04103992952872891,0.14908296294256101,0.02851283501543619,0.6270378788260513,0.06156726049581937,0.09118377837234426,0.043601873648594996,0.043950407107197303,0.10004747440174336,0.2019274246561828,0.07374245419873522,0.014249686468663803,0.8344666036234712,0.07170390954683742,-0.04509464867412212,1.915104888939629,1.051086671296341,-0.0065883738019272275,0.028311503848918992,-0.02816914026222142,0.8573716007247153,1.188060166874896,2.7065788547734857,-0.0202717289974593,0.1002063339489786,0.6024420189707488,0,0,47.477614857672876
C032,MockCompany_032,Retail,2021Q2,659.80830294816,18.68016530849385,-13.375455107658896,1152.4784223819634,531.9895434029652,620.4888789789982,398.50164695248327,335.4221091340215,-18.58623263195317,6.901762818711823,682.2150820715469,-0.1725477245614425,0.1002063339489786,-0.0874948260907804,2.145717817507751,1239.1002665943815,2.3774192694815524,100.72527459682551,0.6024420189707488,0.0658265068705693,2021Q2,0.028311503848918992,-0.0202717289974593,-0.021556317221424467,-0.011605818250377873,0.8573716007247153,1.188060166874896,-0.02816914026222142,2.7065788547734857,1.0339595288847305,-0.0065883738019272275,-0.6727888258032191,-0.17254772456144252,0.028748223617539495,0.04103992952872891,0.057132549932210105,0.04075911425277026,0.8851542028339803,0.03929053270093792,-0.02120941336544261,0.009842540167837406,-0.0729692318443636,0.14082525492116343,0.07763223838381869,0.031924592106555474,0.021580766460294193,0.8330981213508437,-0.0064460102152296556,-0.16610171434621285,1.9548280604245707,1.5573272407308654,-0.028523294914602593,-0.0058060376319691255,-0.026223632711379143,0.9307879443025159,1.4877552594837533,-0.635328606174849,-0.05749496321099367,0.1597856110498497,0.8927260135370619,0,1,30.570510328156164
C032,MockCompany_032,Retail,2021Q3,640.9883961360662,-3.721602749627339,-36.853604254574456,1135.2667513172871,547.2856865574987,587.9810647597884,569.4522363442749,382.7593501772498,-16.80904427255442,5.857760398038471,642.0257768789139,-0.0589100215588874,0.1597856110498497,-0.0284887229559321,2.289782397986708,1228.000561346811,2.4947204662079274,102.25820328992768,0.8927260135370619,0.0395547425220885,2021Q3,-0.0058060376319691255,-0.05749496321099367,-0.0626782161251533,-0.032462506465356755,0.9307879443025159,1.4877552594837533,-0.026223632711379143,-0.635328606174849,1.0016184079900659,-0.028523294914602593,-1.1992275061899549,-0.05891002155888747,-0.01755583435826491,0.015510331463564722,0.03615302074415036,0.04637967908678479,0.9003654499901588,0.03828862886159265,-0.022880819814088123,0.007537811156261996,-0.06828282841587152,0.09990877510553856,0.10501669593916237,0.05252918557703164,-0.0022996622032234494,0.9361921341345194,-0.060552965257950855,0.0016429436990634538,2.0429761708721657,1.9887037587214311,0.06727689394105618,0.06627815877486411,0.0076050182285185754,0.9091518714459023,1.1002463922580725,4.026960691162119,0.03155895003746031,0.1304493333865775,0.3180080606480343,1,0,62.96764978614475
C032,MockCompany_032,Retail,2021Q4,684.11210448036,45.341690680622,21.589859725349065,1219.0931716397474,580.5409485965622,638.5522230431852,431.86228860669786,392.5141601412318,5.202685024930947,11.259531481423554,747.8923638873423,0.164894605202736,0.1304493333865775,-0.0601596435544816,2.2690293728548103,1220.9857166799122,2.609102116570318,102.87614403357094,0.3180080606480343,0.0359821705392637,2021Q4,0.06627815877486411,0.03155895003746031,0.03381064061201324,0.017709770038570397,0.9091518714459023,1.1002463922580725,0.0076050182285185754,4.026960691162119,1.0932307131947847,0.06727689394105618,-13.183377359435331,0.16489460520273602,0.010721741741508787,0.050191125921723465,0.0436843052518288,0.04075451803343792,0.9025620553540947,0.03156970647999985,-0.015259360303436447,0.01643854144913684,-0.00998847001121965,0.14229349170862576,0.11137485530101615,0.04473531401633838,0.059671875712537605,0.8488949593597459,0.14116007094443886,0.023734534258297135,2.0736417363027684,1.3570242291068952,-0.009284174331553485,0.09660855249089328,-0.003506947364636317,0.7953328974940168,1.2541465289139748,5.707779302131123,0.08020633328660964,0.1684843068861906,0.1698837701115398,0,0,73.20635322370094
C032,MockCompany_032,Retail,2022Q1,677.7606884400384,65.47747904552003,54.36069966566392,1235.2822050785085,547.2303085182886,688.0518965602199,477.5551513318847,380.780985571254,-2.3768710601823955,11.471620673098696,652.9577034356,-0.1269362611998036,0.1684843068861906,0.265940529585104,2.222401138646533,1233.2093739809518,2.380161662195287,102.37184397272166,0.1698837701115398,0.0330338932906907,2022Q1,0.09660855249089328,0.08020633328660964,0.07900668530578948,0.04400670506069908,0.7953328974940168,1.2541465289139748,-0.003506947364636317,5.707779302131123,0.9634045092487006,-0.009284174331553485,0.44408993274491193,-0.1269362611998036,0.005720262723243219,0.04218402442877481,0.046348044370676814,0.044604533402626496,0.8731610784917875,0.06033994311734216,-0.012573675527429575,0.01750166747000717,-0.04837485052934938,0.14965031291737343,0.1397313963178991,0.030969278552523762,-0.005777226966917168,0.7184969375187319,0.08381743079470348,-0.2107536919945071,1.9808597924889224,1.0568650145164624,0.051821870700196726,0.031936425930870004,0.0040009899555731926,0.6823211628238035,1.5389353205343614,4.021083574476846,-0.026227852865587434,0.1433148185388349,0.7461359758241471,0,1,58.886419015743414
C032,MockCompany_032,Retail,2022Q2,712.8835152020544,22.766951580620585,-18.69740394704847,1309.6224964713776,531.1608534682827,778.461643003095,438.7582620596816,285.10506985166444,2.8522397838211297,5.661894649767767,809.0228441528873,0.239012634196879,0.1433148185388349,0.0220611610318999,2.2265947205043184,1230.2098818022623,2.7147255942581814,102.63952406155832,0.7461359758241471,0.031456447645309,2022Q2,0.031936425930870004,-0.026227852865587434,-0.024018401054283052,-0.014276941635785984,0.6823211628238035,1.5389353205343614,0.0040009899555731926,4.021083574476846,1.1348598009345876,0.051821870700196726,-0.6522934005325256,0.23901263419687901,0.020322823848774207,0.046401840158463825,0.047254274891164565,0.044150447854408685,0.8293984690165597,0.11464819820926594,-0.004531142972980923,0.015184386594063909,0.05451523916023099,0.1751312174488621,0.15050851746536317,0.016963820725585332,0.04782088074462353,0.660530263546216,0.08775928658663992,0.15125334761023906,2.0985250747075535,1.5978019386538216,0.04774004864059478,0.06945035442587381,-0.004883188273537062,0.6319478615965586,1.2816063740199666,3.8851332902274534,0.03808960562238274,0.2422590738854752,0.1610079948421034,0,0,67.47676242066245
C032,MockCompany_032,Retail,2022Q3,746.9166088928786,51.87362321425164,28.44975906557533,1403.3195155915623,543.4148895834481,859.9046260081142,820.2005321708913,639.9785057224063,-3.647334425860656,13.35182587965459,825.5128869827008,0.0203826665081132,0.2422590738854752,0.0138569487091361,2.155798866961639,1217.0873334042926,1.979532965639561,102.83606013490255,0.1610079948421034,0.0,2022Q3,0.06945035442587381,0.03808960562238274,0.033084784294757114,0.020273187074977862,0.6319478615965586,1.2816063740199666,-0.004883188273537062,3.8851332902274534,1.1052276481108336,0.04774004864059478,1.2784615248361528,0.020382666508113267,0.03938865973757355,0.03352177806918795,0.0660683729056253,0.026515242047434783,0.7546884483400703,0.12357615192225041,0.0008039681364795973,0.005983392887984171,0.07433841117698115,0.1620089916504547,0.17112688317426955,0.04998314969677085,0.05262323691413184,0.5880588586300045,0.11230721479293153,-0.09192454828481833,1.8124923414317078,1.043949164271715,0.08024001764702993,0.06809467974131876,0.008338373652346508,0.5833495314782243,1.2291480224758384,4.7638640036334365,0.04719793539119651,0.04,0.3380755436457718,1,0,68.90218946217907
C032,MockCompany_032,Retail,2022Q4,806.8492107713029,54.94213860707576,38.081616920469045,1552.2632659243995,571.8964959449281,980.3667699794714,604.7231503752282,491.9856187507198,6.727810200520345,11.533103917409711,966.890055258281,0.1712597955827463,0.04,0.0675755045994206,2.104779693749617,1241.9053803536722,2.149516063130436,103.37853016361322,0.3380755436457718,0.0007124714638962,2022Q4,0.06809467974131876,0.04719793539119651,0.0388442551161007,0.02453296277533583,0.5833495314782243,1.2291480224758384,0.008338373652346508,4.7638640036334365,1.1983528549687614,0.08024001764702993,0.0591536739230718,0.1712597955827464,0.042629440664066987,0.037506435033488064,0.06652250314723897,0.026535580859657185,0.6732378633481508,0.09087441910579858,0.0009873069924365805,0.006265820056322143,0.07592970877198371,0.16322167104212174,0.1485145498276252,0.08364462867309277,0.07190164399468342,0.5436265319549662,0.15667307104069522,0.014586724542051066,1.86157512901412,0.9936037195954216,0.08009824241380281,0.07886400800857833,0.06275755857605197,0.4776366385050497,1.4214459629083107,5.71551578455127,0.03544760440479751,0.1859602715589217,0.4162610321871359,0,0,80.81522578255145
C032,MockCompany_032,Retail,2023Q1,871.4764144470481,68.728122928318,30.89175118746577,1729.4747183696454,559.0416949174745,1170.4330234521708,544.04196650928,382.7384091300497,54.691732127371125,12.024833018285223,1111.338845727149,0.1493952592472181,0.1859602715589217,0.1849545721183938,2.0391478414701023,1207.3105396289145,2.0007937098055266,103.7444666048982,0.4162610321871359,0.019793399461404,2023Q1,0.07886400800857833,0.03544760440479751,0.026393437786234635,0.017861927011323518,0.4776366385050497,1.4214459629083107,0.06275755857605197,5.71551578455127,1.275236859314223,0.08009824241380281,0.2509182327217747,0.14939525924721808,0.06497504485040606,0.01762367331745513,0.062086367026660226,0.02066265808240122,0.5938137986009091,0.08735825413509196,0.017553433477608654,0.030634408620160106,0.14501258888373914,0.0914271107298818,0.15288354099580795,0.08547184772634721,0.017340683837750837,0.4399682988207971,0.22171980899843313,-0.07232454975121502,1.7761727048351443,1.0595302864046054,0.08614828132716346,0.04893693155663544,-0.008330599964172843,0.5198955031280967,1.0631898591300861,3.2811117202321722,0.009210114525589596,0.2202753435292446,0.4241330178917743,0,1,58.584542927820564
C032,MockCompany_032,Retail,2023Q2,946.5526097688202,46.32138027906034,8.717857940475762,1744.207113662331,596.6235396126291,1147.5835740497018,696.3242285017467,654.9387416753804,-7.885351137036174,14.117587033123492,1378.913482237081,0.2407678248076158,0.2202753435292446,0.4051683962096994,1.9399974703302232,1198.9643392904766,1.915206951069896,101.19349342190483,0.4241330178917743,0.0272692319012378,2023Q2,0.04893693155663544,0.009210114525589596,0.007596708542719691,0.004998178182042717,0.5198955031280967,1.0631898591300861,-0.008330599964172843,3.2811117202321722,1.4567742648476782,0.08614828132716346,-0.32602000017703703,0.24076782480761572,0.07355664750714774,0.01744043118392156,0.06633649343310158,0.012549511601498906,0.5532073836769823,0.06814012730792192,0.014470535997672146,0.03298332108218195,0.14545138653642334,0.09203085758535401,0.17212367224341038,0.09107812444785139,0.0944788812913363,0.4944534124749145,0.12675461291962606,0.11401321188798974,1.7090108492771845,1.2333406551872699,0.016522634368062672,0.06488917011267886,0.04584924045508536,0.5203794855120932,1.5944808363047003,6.375090681590022,0.007046293727738495,0.2710598069683749,0.2855401497578792,0,0,80.12894438317468
C032,MockCompany_032,Retail,2023Q3,962.192152450166,62.43585026148834,6.779888528695852,1748.2789692977126,598.3825217615647,1149.896447536148,838.3966063464409,525.8116543362654,44.11577936172966,9.793719552165024,1348.6717199079549,-0.021931587963056,0.2710598069683749,-0.1243515780600554,1.779570799916277,1200.0694263083533,2.0426635789584795,101.63932234710376,0.2855401497578792,0.0,2023Q3,0.06488917011267886,0.007046293727738495,0.005896086159077229,0.0038780358556938254,0.5203794855120932,1.5944808363047003,0.04584924045508536,6.375090681590022,1.4016656823403097,0.016522634368062672,0.34788406315501286,-0.021931587963055832,0.06575229393901472,0.032940633766876296,0.06519619735480285,0.012378317578670429,0.525315289655866,0.04356972667655566,0.027153643179827748,0.0328141739086147,0.13487282291863106,0.11155908394747295,0.17932385551413532,0.09924328338836401,-0.029326606087022686,0.4866124925535507,0.1272610449358269,-0.1491926328988829,1.6978028604986708,1.043212449279805,0.08594933503341307,0.023585923347372667,-0.02217045223131108,0.465077527429599,1.1926616826258478,3.7480181112187463,-0.028557319437164178,0.1126447136920287,0.4463097118703532,0,0,55.29564195927698
C032,MockCompany_032,Retail,2023Q4,1044.8919281276262,24.644740923130207,-29.83931256888357,1951.152683911202,619.3783256395745,1331.7743582716275,826.8049625897102,693.2435028583844,-23.16572657945824,6.575406038091005,1668.5825291086155,0.2372043577976815,0.1126447136920287,0.4092492796902708,1.8007720668054816,1180.5185144042491,1.7783874122316985,99.7885959536232,0.4463097118703532,0.0161242615613791,2023Q4,0.023585923347372667,-0.028557319437164178,-0.022405681851080637,-0.015293171474952742,0.465077527429599,1.1926616826258478,-0.02217045223131108,3.7480181112187463,1.5968948406913266,0.08594933503341307,-0.6052790052523467,0.23720435779768123,0.0671796232856105,0.033887723014708576,0.054069008256316324,0.0237165525328467,0.49574728864370965,0.028626976128132958,0.019526436708913353,0.041135811383148695,0.15135896347236485,0.12301334285788044,0.19748503393714248,0.06649146693390849,0.10811978726472415,0.4541082445170589,0.08736480614947464,0.14983955164820686,1.6068613719842877,1.1211824573441649,0.07148285328074877,0.06365208546511314,0.04133515132559074,0.3857667513268099,1.15966770525731,7.46934049348931,0.04930882453871684,0.1514842296287052,0.2769813924862435,0,0,77.80525323911505
C032,MockCompany_032,Retail,2024Q1,1119.583784520212,71.263842737699,55.20536038734901,2105.3080307314717,586.071096582671,1519.2369341488002,1040.7626887553774,897.4663035246726,46.278165154861874,9.540848056444496,1857.8418346278809,0.1134251990642444,0.1514842296287052,-0.2041568104218491,1.737412632049562,1183.4854538872073,1.9345722537940533,98.94652330826982,0.2769813924862435,0.0792641902259245,2024Q1,0.06365208546511314,0.04930882453871684,0.03633755811646535,0.02622198727287529,0.3857667513268099,1.15966770525731,0.04133515132559074,7.46934049348931,1.6594040216671981,0.07148285328074877,1.8916450353436112,0.11342519906424453,0.06502577600234699,0.03305653817879353,0.05026602762045003,0.01920605200917863,0.4727798168491497,0.06355106918653552,0.014170834896298043,0.03448876718918345,0.1423664484266214,0.12451037520852974,0.18886602345458836,0.07059143009229076,0.030147701955158028,0.3612118931017567,0.17647009007145265,-0.06304489100720824,1.6402403462114277,0.8198252171718635,0.0027764027309131745,0.036577885693704064,-0.019317896263296556,0.41320980605159174,1.0793882726029902,2.9521471100540575,-0.01831516978821641,0.3420635042819779,0.4815280566051182,0,0,54.92319159191216
C032,MockCompany_032,Retail,2024Q2,1122.69219999704,41.06570696074145,-20.562298262870318,2197.116926475894,642.4171805025271,1554.699745973367,604.2579718357143,559.8152093847021,-21.688051455174325,13.910454129447952,1637.525866679999,-0.1185870421482948,0.3420635042819779,0.0523860826733381,1.790605949676322,1157.9839959899543,1.5777603518211982,96.99721782424363,0.4815280566051182,0.0748178433445694,2024Q2,0.036577885693704064,-0.01831516978821641,-0.013225896714856309,-0.00935876375766775,0.41320980605159174,1.0793882726029902,-0.019317896263296556,2.9521471100540575,1.4585706275351853,0.0027764027309131745,-0.4237511565031358,-0.11858704214829485,0.04418280635328442,0.04069934829707771,0.047176266154717185,0.02044528903143873,0.44610839258002344,0.05944031736951367,0.011424010821517117,0.03720853647841892,0.05252773168764377,0.15560464203876898,0.21931306364277167,0.10602560025271741,0.02209429899420973,0.398095464998319,0.020036392161320683,-0.1386234343096155,1.5263234043211182,1.2437813248796248,-0.0009185216383613692,0.13530111950153798,0.12641343249716577,0.36462312138787495,1.1400146816924013,11.94718816384371,0.10326554409145573,0.1535465229280047,0.3617046088280126,0,0,98.03858425264409
C032,MockCompany_032,Retail,2024Q3,1121.6609829181232,151.76198669015284,115.82893168730028,2277.1337330748647,608.4431639464696,1668.690569128395,685.9052544137986,601.6635271700208,141.7930149489512,12.70273679437723,1562.6416420426913,-0.0457301018329141,0.1535465229280047,-0.394084974498425,1.840899530605252,1169.8402187795566,1.759620418454414,96.6331908620327,0.3617046088280126,0.0390503187997029,2024Q3,0.13530111950153798,0.10326554409145573,0.06941306784500595,0.05086610856659833,0.36462312138787495,1.1400146816924013,0.12641343249716577,11.94718816384371,1.3931496823362044,-0.0009185216383613692,2.6955892865849433,-0.04573010183291437,0.03982251735167841,0.045322205915233164,0.06477925350193196,0.04988924963465606,0.40716930154896885,0.0434284734615449,0.031565058832037224,0.06968560100605535,0.046578103220179246,0.159799075009573,0.18993474263267912,0.10314949212694516,-0.12733195413552714,0.31528920486795026,0.2607960303603424,-0.3065261321932565,1.61113404780475,0.8305403366239675,-0.005432383455476808,0.07755345380614423,0.013263754183818036,0.3888178731193174,1.0135074078579833,10.212316454654115,0.025884734082597102,0.1775120207776394,0.3713800553437193,0,0,75.86317256663608
C033,MockCompany_033,Finance,2021Q1,581.2399898481253,38.31039960663657,29.51642536309941,1712.227165596167,883.1846856783918,829.0424799177752,707.4132327168961,509.4294773593837,-9.919245145524275,14.614613955519962,2874.038772331324,0.0799980779128235,0.1463200308818912,-0.4272171763460033,1.9738869911906487,1171.9451819862245,2.819265669860525,100.47754658511978,0.2571671688976996,0.0148434871430928,2021Q1,0.06591150002700424,0.0507818214138382,0.03560303130183541,0.01723861527030794,1.065306913784347,1.3886382004872748,-0.017065661893117593,2.6213760911245485,4.9446679900282655,0.029321658588051358,0.016305366076255545,0.03901112242922311,0.028748223617539495,0.04103992952872891,0.14908296294256101,0.02851283501543619,0.6270378788260513,0.06156726049581937,0.09118377837234426,0.043601873648594996,0.043950407107197303,0.10004747440174336,0.2019274246561828,0.07374245419873522,0.017065661893117593,0.995090937107682,0.048845838133886654,0.031152239778936844,2.029186985963778,1.4156437987803903,0.11544294340425654,0.044362039218291245,0.014608521111769213,0.972946870322004,0.909442836358916,1.8291344721003895,-0.015389012374387457,0.1347024618703565,0.4650097687321149,0,0,50.554967718027605
C033,MockCompany_033,Finance,2021Q2,648.3400451004532,28.76168650757938,-9.977312976877185,1886.3599074961628,930.2470309302988,956.112876565864,654.7446809835935,719.9404457393362,9.471289236469982,15.72420559802981,3345.4647084812987,0.164029080153143,0.1347024618703565,0.1249800698624482,2.046795619833228,1199.9393176369626,2.469952910961769,101.34154232764148,0.4650097687321149,0.0289746689053634,2021Q2,0.044362039218291245,-0.015389012374387457,-0.010435287737890266,-0.005289188419040968,0.972946870322004,0.909442836358916,0.014608521111769213,1.8291344721003895,5.160046388863417,0.11544294340425654,-0.24924598012814914,0.16402908015314277,0.028748223617539495,0.04103992952872891,0.05513676962264774,0.015237769868754702,1.0191268920531755,0.065308413042907,-0.00122857039067419,0.022397029591299158,0.12201357903298324,0.05941889151403189,0.14051124637612383,0.008214861828958862,0.10083442229248732,0.9297849631034655,0.174413503734317,-0.010384423581174002,1.9408437810693377,1.6303316159984242,0.0964963955450342,0.12081349272758797,0.11190666100054111,0.7513008255644472,1.163076114958649,4.894118274838471,0.07555124907947562,0.2416940601451084,0.3963275837455646,0,0,85.41205891377169
C033,MockCompany_033,Finance,2021Q3,710.9025225401518,85.8866167370494,53.709573551734096,2234.5770963042887,958.624350959508,1275.9527453447809,936.9695515946986,805.5960736730009,79.55472759444221,17.5489458793249,3979.966334990156,0.1896602361101858,0.2416940601451084,0.3549780575496713,2.1383470052367337,1232.7427420753058,2.5446359306106494,102.4510633455882,0.3963275837455646,0.0234277706143692,2021Q3,0.12081349272758797,0.07555124907947562,0.04209370115597729,0.024035677104423465,0.7513008255644472,1.163076114958649,0.11190666100054111,4.894118274838471,5.598469844731447,0.0964963955450342,1.9861467516661881,0.189660236110186,0.10596966947464537,0.013397232471331582,0.07702901065762782,0.039419607657707106,0.9298515365569328,0.16137800873735259,0.036483173406397576,0.06721116222700443,0.1445624647253841,0.05736426651047693,0.17423885096578537,0.05870601256689228,-0.015410265455506916,0.660533548738886,0.32921654927316324,-0.13955631316297745,2.0088668501691758,1.298555192629559,0.0779834967603843,0.11442844582776483,0.10765154195310987,0.8058808440757057,1.3717870786808635,5.0919238853069375,0.05753211770094212,0.2036008620393078,0.3221780036143615,0,0,86.85463021846834
C033,MockCompany_033,Finance,2021Q4,766.3411871036108,87.69123101418495,44.08923137558217,2366.2549923308284,1055.9498301200126,1310.3051622108158,881.6830170108095,642.7258506161764,82.49781045398802,17.221630366889716,4511.773427021216,0.1336210026089016,0.2036008620393078,-0.2425360998411066,2.206861451763888,1213.5762411534383,2.705273180641684,101.83498720462352,0.3221780036143615,0.0496876647559806,2021Q4,0.11442844582776483,0.05753211770094212,0.03364806355578944,0.01863249375847461,0.8058808440757057,1.3717870786808635,0.10765154195310987,5.0919238853069375,5.887421298687589,0.0779834967603843,0.021011588832990924,0.13362100260890153,0.09664094523655835,0.018730141661938055,0.08637886945016207,0.03722386890629489,0.8988588634366259,0.1456162454922439,0.05427526554307565,0.06540484988900522,0.14182709919626346,0.04715614077899387,0.18157935373416598,0.050131120054378295,-0.029668045192725576,0.7136651515657555,0.30006348454125903,-0.16644248193235742,2.0833199936879816,1.2394440172194248,-0.062122069187689144,0.12230668128320939,0.07666817669571939,0.9407707014842647,1.363655471248096,3.194059427747972,0.10223385351497731,0.2395553239370301,0.2276552849530172,0,1,80.29875367762426
C033,MockCompany_033,Finance,2022Q1,718.7344868569844,87.90602981139054,73.47899624560156,2290.2963569668614,1110.2000399654014,1180.09631700146,866.5826783327989,635.4850595350811,55.104062635735154,27.52172644144451,3890.757405687036,-0.1376434414048556,0.2395553239370301,0.1729753692763418,2.2099710603595075,1230.1197082032536,2.363100778746002,104.41869220387146,0.2276552849530172,0.0,2022Q1,0.12230668128320939,0.10223385351497731,0.06226525342630011,0.03208274598265567,0.9407707014842647,1.363655471248096,0.07666817669571939,3.194059427747972,5.413344533801139,-0.062122069187689144,0.0024494900427483035,-0.13764344140485574,0.05695019163049647,0.08084121777731518,0.10047766476421335,0.037566117640926835,0.8677248103616054,0.1061235200355912,0.07770872519028489,0.04490281945599997,0.0874167193668437,0.15177845949254634,0.2048881769979507,0.0499472251445213,-0.13879024588340855,0.8257081591372474,0.13685278879123963,-0.27449623019609526,1.9696110561479043,1.2929187680272947,0.08198170489869616,0.11007680104265836,0.03929842184779362,0.8506663868056199,0.729946892807958,3.0732571738193366,0.05961369752078612,0.1674258655658726,0.0313761998721746,0,0,70.62073879326334
C033,MockCompany_033,Finance,2022Q2,777.6575654590096,85.60205711245955,46.35904288208394,2532.449714401889,1164.0508865762947,1368.3988278255945,809.5739311777623,1109.0860707177824,30.560715060575635,27.85385415793337,4705.834368350882,0.2094905638353257,0.1674258655658726,0.5044719739656887,2.065502306996456,1235.6775444026578,2.355068784068382,102.02428396699445,0.0313761998721746,0.0383698901036287,2022Q2,0.11007680104265836,0.05961369752078612,0.03387831233070789,0.018306007269729602,0.8506663868056199,0.729946892807958,0.03929842184779362,3.0732571738193366,6.051293753655221,0.08198170489869616,-0.026209495570148622,0.2094905638353255,0.04858488200410638,0.07423199781991084,0.11690635522030514,0.005692453785775002,0.8371546894825094,0.0801410907169123,0.083881200374291,0.03361600528427678,0.09878209028738938,0.16085810035681583,0.21306902792182975,0.03508969830505709,0.04268328305090254,0.7570277521915406,0.23135692778914815,-0.021866363953822465,1.9179031451934907,0.9985131006804903,-0.00534046589994519,0.11331095825627883,0.03223477510434646,0.8015848519307616,1.2730343825388597,2.8391474051568655,0.05966429768043987,0.2436218532389772,0.4685124068668571,0,0,71.03554308700058
C033,MockCompany_033,Finance,2022Q3,773.5045117488413,87.64653744192961,46.15060344620583,2527.908329963697,1124.7502565297802,1403.1580734339166,1127.2066586700385,885.448715391909,24.93374397845345,30.870724528037638,4239.7540785101,-0.0990430715061728,0.2436218532389772,0.1035582997677969,2.2832172063458933,1221.1417581482513,2.200877880239641,102.64674057508824,0.4685124068668571,0.0268462445487346,2022Q3,0.11331095825627883,0.05966429768043987,0.03289052339857164,0.018256438692478352,0.8015848519307616,1.2730343825388597,0.03223477510434646,2.8391474051568655,5.48122734141372,-0.00534046589994519,0.023883542036660765,-0.09904307150617275,0.02312566664286153,0.06964412377833287,0.11503072160247786,0.005189773285490417,0.849725696074088,0.06462710945824421,0.06396322890024234,0.03504821385417512,0.026606263383299727,0.1709430145248346,0.21355097619529695,0.03562309339900627,-0.03757524100429165,0.7107565042347697,0.1402052674606801,-0.23924833896685288,1.9357758077494123,1.422890764340604,-0.04781615368464076,0.08480580096601238,0.04779411367825231,0.9692597550011461,1.5261052179687342,2.3025626314584193,0.0395749177599389,0.142280828220458,0.3712443160717855,0,1,69.38967625739835
C033,MockCompany_033,Finance,2022Q4,736.5185011392957,62.46104141548968,29.147659111300666,2255.534436837999,1110.1627147435122,1145.3717220944866,788.9446149352976,516.9660686855308,35.201248969635294,27.126750238982616,4428.427062528246,0.0445009263566644,0.142280828220458,-0.0778056629683398,2.0097682985389675,1236.3341637218157,2.0545966035050034,102.87713072516024,0.3712443160717855,0.0,2022Q4,0.08480580096601238,0.0395749177599389,0.02544820912635619,0.01292272848298846,0.9692597550011461,1.5261052179687342,0.04779411367825231,2.3025626314584193,6.012648773482334,-0.04781615368464076,-0.2873530063081685,0.04450092635666447,-0.008324245968394733,0.06485338403843256,0.10762506038703974,0.016068696892662885,0.8905704238054482,0.07793767358987394,0.04899887183152794,0.019512180322734184,0.004326244320240424,0.15763566664740883,0.19822096774058448,0.05114491481302573,-0.09561026736289308,0.8870609051341529,0.08478376095962392,-0.04028283460295952,1.7934279648319345,1.4005860494263964,0.03533370636295219,0.12508085361080348,0.0954974802358568,0.9079563905270058,0.8354141654424732,3.926506589164161,0.08085935154111674,0.2395754506836205,0.4364711209746316,1,0,77.31202213726324
C033,MockCompany_033,Finance,2023Q1,762.5424295894333,95.3794580076274,61.65868637927011,2446.8582336497448,1164.4084639393488,1282.449769710396,724.4003522077915,867.1152371749416,72.82088059881463,24.29117482367562,3957.6127967717034,-0.1063163645034157,0.2395754506836205,0.3590762935383134,1.9489982071941965,1231.3178864236104,2.1327468288381635,102.1400400471084,0.4364711209746316,0.0180986799298941,2023Q1,0.12508085361080348,0.08085935154111674,0.04807883149540107,0.02519912495595404,0.9079563905270058,0.8354141654424732,0.0954974802358568,3.926506589164161,5.19002306389346,0.03533370636295219,0.5270231787069484,-0.10631636450341553,0.0160396979192656,0.05554364120610243,0.10831860346893828,0.01694933407139226,0.8823668460661334,0.07242433316392613,0.05370619771656229,0.028577788733913506,0.0121580135456004,0.14875937951800314,0.19822599942723207,0.05115033753467877,-0.06016377387290461,0.7943884301585039,0.25591204020961245,-0.36222840471302814,1.798006128538409,1.4704350018167558,0.05976615690140963,0.14296533432856173,0.15927022597906607,0.8941140467503266,1.4400810547301983,6.732013158974829,0.09673640928947087,0.0612195998084265,0.3017152379321495,1,0,96.92991048647845
C033,MockCompany_033,Finance,2023Q2,808.1166600802575,115.53266848499766,78.17430398326073,2610.3257500126697,1232.2008401160183,1378.1249098966514,1152.0414725002706,799.9837708542507,128.70892306859,17.161681914457116,4270.9114994356205,0.0791635561011632,0.0612195998084265,0.3626410058600581,1.825817617384248,1208.5374284121842,1.9571436747463145,101.97374348660666,0.3017152379321495,0.0476474265000727,2023Q2,0.14296533432856173,0.09673640928947087,0.056725122245316985,0.029948102830787058,0.8941140467503266,1.4400810547301983,0.15927022597906607,6.732013158974829,5.285018500925563,0.05976615690140963,0.21129508280240605,0.07916355610116299,0.010485810919943966,0.0472424968389466,0.11654073679041412,0.0244180982846565,0.89322876105231,0.06927482688691858,0.08369914874938042,0.05711958694310998,-0.020423738387940222,0.0960752900539071,0.17167443298787055,0.08727587230315448,-0.09950406907765644,0.7662867331288029,0.3620017172090374,-0.2828381611078742,1.6865976807693521,1.129221570869379,0.04420186405530524,0.08442866756687738,0.06862216633370352,1.0511364673858632,1.0523513297997353,5.286827679670278,0.06135687271821874,0.284320691204874,0.1374666193747369,0,1,75.56767667271936
C033,MockCompany_033,Finance,2023Q3,843.8369228299523,71.24402703835123,51.77519466907211,2637.001742186976,1351.3721489757856,1285.62959321119,1162.3426114815677,1104.5195445343445,57.90591767702615,13.475761146334102,4663.351766291813,0.0918867709874231,0.284320691204874,0.151267244919253,1.8651190982324128,1178.3863351907564,1.7810977756896282,102.07950412418748,0.1374666193747369,0.0291980481160405,2023Q3,0.08442866756687738,0.06135687271821874,0.04027224866511511,0.019634114699565247,1.0511364673858632,1.0523513297997353,0.06862216633370352,5.286827679670278,5.526366102406297,0.04420186405530524,-0.3833430148148743,0.09188677098742315,0.022871393408756574,0.04819492058101717,0.10932016411806375,0.02944450946604655,0.9556166649160854,0.07156405142020164,0.09279599655671968,0.048427487792306184,0.02730872223545875,0.09130623174126318,0.18184914247934475,0.09991643677825397,-0.02442030227839828,0.9623904160135203,0.19725269795588615,-0.10536592696846306,1.6296918064299413,1.3841777265931312,0.11828503744259922,0.13442074795250208,0.07046790152355578,0.9063148574820197,1.436081875103055,7.867822493574307,0.10110649731256978,0.0658869438031807,0.474701205516243,1,0,87.13605042432636
C033,MockCompany_033,Finance,2023Q4,943.6502048423408,126.84616634057367,95.40916689999916,2908.178939064513,1382.6287773745855,1525.550161689928,1123.8783392765351,782.6004622434554,66.49704970758378,16.122143888769962,5331.6933845305,0.1433178648605649,0.0658869438031807,-0.5300809306163691,2.01219331695102,1182.653324388381,1.7651985783282895,99.18940923296356,0.474701205516243,0.0256314028423414,2023Q4,0.13442074795250208,0.10110649731256978,0.06254082579247812,0.03280718583659679,0.9063148574820197,1.436081875103055,0.07046790152355578,7.867822493574307,5.650073890902865,0.11828503744259922,0.7804463281152167,0.14331786486056508,0.06439669119056657,0.03731793063079842,0.12172390086468618,0.02591403725171158,0.9398804405363038,0.07442727915062036,0.09846444351804554,0.042349789149459915,0.05201295686143387,0.10913575081920356,0.16275067137502544,0.11600640305577749,0.047817135919043435,0.7844873364588212,0.3231736869186571,-0.17985582205809222,1.6768831606642725,1.3728926216972883,0.12608372978201832,0.12234328550931506,0.08133463131250178,0.5732891348486181,1.0962027297768677,6.984843237820144,0.07973218317847545,0.2883219108625343,0.2795650233541435,0,0,87.70666112091142
C033,MockCompany_033,Finance,2024Q1,1062.6291422784288,130.00554054441074,84.72574142300968,3387.3412262868555,1234.309624366963,2153.0316019198926,1072.3977450325192,978.2841402426628,86.42854950921733,18.612520869974244,7264.759768470924,0.3625614311485106,0.2883219108625343,-0.044560419299706,1.7300454638726184,1183.483272816622,2.063054183946534,99.5784228016153,0.2795650233541435,0.0030749012862039,2024Q1,0.12234328550931506,0.07973218317847545,0.03935183364118717,0.025012461326743732,0.5732891348486181,1.0962027297768677,0.08133463131250178,6.984843237820144,6.836590000616211,0.12608372978201832,0.024907131961358298,0.3625614311485106,0.0870841970453331,0.04114861599595666,0.12103950883931407,0.025831846726279896,0.8562136266167069,0.20164966077851745,0.09492373128720678,0.04326274357798726,0.16923240577441545,0.13183628785345716,0.17493728641975387,0.1286396669971849,0.04474909846951654,0.5031510585444454,0.32976164660383517,0.032799784544675414,1.6826298585816897,1.1157870912306398,0.05162903245121919,0.13845909987842844,0.10934049628250782,0.6303407449375711,1.2703606000343224,6.268288158682146,0.10319210832158539,0.1630345963425093,0.2592540017195798,0,1,92.94846424105985
C033,MockCompany_033,Finance,2024Q2,1117.491656748733,154.72688891522176,115.31632009178637,3557.4139646737854,1375.407549315887,2182.0064153578983,1294.958945259471,1019.3632778151444,122.18709234057768,24.68407402340665,7023.927082904288,-0.0331508120353615,0.1630345963425093,-0.2904657756441369,1.8355358389504528,1164.4875830505978,1.5570846427376268,98.45493473476982,0.2592540017195798,0.0662617510057767,2024Q2,0.13845909987842844,0.10319210832158539,0.05284875391753559,0.03241577202903021,0.6303407449375711,1.2703606000343224,0.10934049628250782,6.268288158682146,6.285440289848469,0.05162903245121919,0.19015611386474762,-0.03315081203536152,0.08504991593278549,0.04310400590687337,0.11991295022678075,0.024627063075846802,0.790270301163518,0.22669787914072248,0.08244129886306722,0.018789378228061517,0.14115381374028427,0.16516190060264993,0.2003910355532746,0.10686889191664384,-0.057711463831288626,0.543064332776817,0.29942862861215547,-0.332579440647517,1.5367634435060071,0.965352930838906,0.0793684435239419,0.12333717435217686,0.08127667172592073,0.5369156445678952,1.339077134568554,9.98714860435214,0.07550130301103967,0.1460194608061531,0.339991529152575,0,0,92.13062768133149
C033,MockCompany_033,Finance,2024Q3,1206.185230195871,148.76747803781208,91.0685565525346,3807.3236338087054,1330.074054584987,2477.2495792237187,1073.8818394894524,801.9566698329999,98.03472099536523,14.895891101790149,6227.30032781007,-0.1134161482161664,0.1460194608061531,0.1766591963274073,1.793197269387624,1173.6556514072613,2.0998299367567776,97.70753066319357,0.339991529152575,0.0395086936688841,2024Q3,0.12333717435217686,0.07550130301103967,0.03676196266870917,0.023919310600189005,0.5369156445678952,1.339077134568554,0.08127667172592073,9.98714860435214,5.1628059869325895,0.0793684435239419,-0.038515677004757554,-0.11341614821616641,0.09384156079994466,0.03477743370024817,0.1296400769231056,0.008033258515546824,0.6617150954590261,0.16753849995841735,0.08560492521112152,0.016628048677014607,0.08982808393938688,0.21108976139907595,0.16581572795359434,0.0920020899014612,-0.0019082282019788344,0.4706939861014133,0.28398228960203953,-0.39739843781820594,1.714656217572719,0.9567049760601414,0.03763337242246201,0.12310205154370667,0.10525276482514039,0.5379780885840534,0.8491575124527554,7.939350890887379,0.09309764326108588,0.1902211118953925,0.1805419948527422,0,0,89.98523260988836
C034,MockCompany_034,Manufacturing,2021Q1,807.1630397190278,157.20540645391856,116.73326806161684,1074.224852422048,561.3295937159849,512.8952587060633,720.9484654353389,284.3455109335802,34.84125355608688,10.230604893941177,3135.421757557867,0.007925785254984,0.1098062048728869,0.4178687295824874,1.8828336391959868,1184.2546856297026,2.3703791103554432,99.81960105244652,0.2745087244670871,0.052037649645478,2021Q1,0.19476289016955825,0.14462167160442194,0.22759669948184932,0.10866744313195736,1.0944331892071253,2.5354663172481335,0.04316507550713906,15.366188809779311,3.884496196264658,0.029321658588051358,0.016305366076255545,0.03901112242922311,0.028748223617539495,0.04103992952872891,0.14908296294256101,0.02851283501543619,0.6270378788260513,0.06156726049581937,0.09118377837234426,0.043601873648594996,0.043950407107197303,0.10004747440174336,0.2019274246561828,0.07374245419873522,-0.04316507550713906,0.8812782181796586,0.2379279656766973,-0.2300021804217133,1.8439008680319113,1.2655931475196325,0.024879701878223193,0.1985568477671631,0.18045746393449827,1.129290042122828,2.460334298340174,11.362617916749945,0.16517217158923309,0.2069878554587519,0.505324826401413,1,0,100.0
C034,MockCompany_034,Manufacturing,2021Q2,827.2450155143576,164.25516261182733,136.63785564904043,1122.9551706875409,595.5703858665568,527.3847848209839,842.2163780156554,342.317862487786,149.2825375523561,14.455749881225143,3672.1378508322928,0.1711782767280617,0.2069878554587519,0.1009016452154187,2.184471627767961,1199.992672957181,2.550526415231932,101.28830287747716,0.505324826401413,0.0227403097559121,2021Q2,0.1985568477671631,0.16517217158923309,0.2590856990596759,0.12167703503716967,1.129290042122828,2.460334298340174,0.18045746393449827,11.362617916749945,4.438996647860878,0.024879701878223193,0.044844234794019444,0.17117827672806163,0.028748223617539495,0.04103992952872891,0.19665986896836068,0.002682733144800596,1.1118616156649765,0.02464751706751556,0.11181126972081866,0.09708037886228318,0.08955203099152285,0.11543694376621229,0.1583970301658194,0.06871780413616675,-0.15557776205627508,0.9050617711440725,0.4038940135798845,-0.2327157368518228,2.0172471169371167,1.6173744530042373,0.044129489726709714,0.2360079767173099,0.13270326602012597,1.2903815913657666,2.395638965923702,18.441325596654092,0.17704978888823175,0.2148489571726782,0.1994846663145215,1,1,100.0
C034,MockCompany_034,Manufacturing,2021Q3,863.7509159279703,203.8521060561195,152.926917317241,1170.2550428292448,659.3117802569477,510.943262572297,877.6912821219336,366.3704316902864,114.6225675716496,11.054091798838156,3918.391061181824,0.0670599036181928,0.2148489571726782,0.4890512095785524,2.072517624910642,1227.561705202434,2.4762503439692387,100.656480710689,0.1994846663145215,0.0254615170887469,2021Q3,0.2360079767173099,0.17704978888823175,0.2993031291714175,0.1306782809902613,1.2903815913657666,2.395638965923702,0.13270326602012597,18.441325596654092,4.5364826698534575,0.044129489726709714,0.24106970407906658,0.06705990361819292,0.03450459580246645,0.01361165552406722,0.2097759048846771,0.0227967042143686,1.1713682742319067,0.10453170471297356,0.11877526848725443,0.06969786091752728,0.08205465520041284,0.0826527429932074,0.17721433916810567,0.058509329656994534,-0.08857377629341626,0.9858412427942694,0.41284073246414554,-0.34578082884595274,1.9603373006686884,1.4001748662814693,-0.00867596656360825,0.16779371465137477,0.15128586581033632,1.300772805048634,2.411915931044387,12.730968340262441,0.13547474255698216,0.3824018095678421,0.2279792080866845,0,0,100.0
C034,MockCompany_034,Manufacturing,2021Q4,856.2570418620932,143.6745497506061,116.00120230900563,1162.721113077582,657.3599967931327,505.3611162844493,849.2837306282306,352.1199556313181,129.53958793445543,11.28543767432803,3818.875160407771,-0.0253971334714196,0.3824018095678421,0.5389973113655312,2.1587413082259173,1217.03854282398,2.6252015131655244,102.28924729704086,0.2279792080866845,0.012138810835286,2021Q4,0.16779371465137477,0.13547474255698216,0.22954121037575687,0.09976700431788388,1.300772805048634,2.411915931044387,0.15128586581033632,12.730968340262441,4.459963508269016,-0.00867596656360825,-0.2952020338163531,-0.025397133471419808,0.020111075013774887,0.026723751703988417,0.1992803573263515,0.028055051052432084,1.2037194069360884,0.10710260505285518,0.1269029178180249,0.05918414156029084,0.055191708032454725,0.0862600081443394,0.22851120676803977,0.1131711194321881,-0.15996183237394457,1.0825113041720351,0.31040361389810284,-0.3358007473695224,2.0394915503341986,1.6928923218265617,0.11895075992176207,0.18555205339049963,0.18847507974933528,0.900021765821563,2.2262916256678165,13.925447531128315,0.1410353610881382,0.1755707656294907,0.3150001488236605,1,0,100.0
C034,MockCompany_034,Manufacturing,2022Q1,958.1094676799491,177.77917910107865,135.12731473634653,1349.600175415815,639.2924306877686,710.3077447280467,1012.2001315618616,454.6574760869469,180.57975832976007,12.7664966378821,4339.739469280776,0.1363920754134807,0.1755707656294907,-0.5600999130829347,2.165141138601016,1246.7024738273828,2.329326412117495,102.92120813370042,0.3150001488236605,0.022300644068962,2022Q1,0.18555205339049963,0.1410353610881382,0.19023770434587062,0.10012396056084785,0.900021765821563,2.2262916256678165,0.18847507974933528,13.925447531128315,4.529481876204474,0.11895075992176207,0.2373741863793708,0.13639207541348064,0.04482099624077168,0.05402246537261294,0.19697764813158683,0.02891427911121376,1.155116551089698,0.18730788689094063,0.16323041887857395,0.02587562168967532,0.0873082805720789,0.08671005765427002,0.2449523469571907,0.09319097826639376,-0.0695243198275732,0.7330208790772286,0.492977893061597,-0.3565858176481163,1.9470743848996934,1.2235917935303797,0.006466238885719289,0.23792680059796745,0.20883666210187654,1.0112043820084795,2.6938448301764555,19.153120215370556,0.22030057069632472,0.188869546312077,0.4558312509626524,0,1,100.0
C034,MockCompany_034,Manufacturing,2022Q2,964.304832376637,229.43396356877045,212.4369048980172,1311.8181920618135,659.5631533417996,652.2550387200139,983.8636440463602,365.2265464671253,201.38220244245528,11.978934031098206,4371.032503917399,0.0072108095101407,0.188869546312077,-0.3225328029547906,2.2905252445953668,1239.9150473815937,2.2042172121734493,102.60286862157564,0.4558312509626524,0.0379633560361584,2022Q2,0.23792680059796745,0.22030057069632472,0.3256960732945474,0.1619408132798978,1.0112043820084795,2.6938448301764555,0.20883666210187654,19.153120215370556,4.532832727945547,0.006466238885719289,0.2905558723404995,0.007210809510140637,0.040217630492645706,0.056991077023432805,0.20682013633928792,0.03556659260839427,1.125595136061111,0.20150300373090654,0.17032521842041853,0.03459507195593973,0.046316413767598645,0.07121797136039223,0.24042276967052198,0.09604787855131303,-0.20237042321615725,0.7706117586465571,0.4532297015855633,-0.4460188920754226,1.9451343740835638,1.4153125559212865,0.025844474257015637,0.16200401440472734,0.022748868928134432,0.7074512722021098,1.905615712836064,11.60252004969811,0.11597593700351926,0.2768154072851999,0.2960780465726541,0,0,94.07994119174785
C034,MockCompany_034,Manufacturing,2022Q3,989.2267837929109,160.25871013129083,114.72650315947656,1387.1923710408016,574.7578415030865,812.4345295377151,1040.3942782806012,545.9622689247832,22.503790444727656,13.812405359632033,4401.698708727775,0.0070157805467913,0.2768154072851999,-0.4618727927403787,2.2209670995386426,1218.1559193080382,2.277498648937701,103.1333288409426,0.2960780465726541,0.0221657807795985,2022Q3,0.16200401440472734,0.11597593700351926,0.14121322886733542,0.08270410474742973,0.7074512722021098,1.905615712836064,0.022748868928134432,11.60252004969811,4.449635595031358,0.025844474257015637,-0.3015039811956396,0.007015780546791417,0.03564637662522219,0.05730517169999439,0.18831914576114228,0.03455602060010401,0.9798625562701966,0.24802429808302628,0.14283661914742066,0.08352910127215746,0.03130538299974827,0.07171453027011626,0.25591438219865237,0.09554410652436013,0.003095605328881205,0.5928413261096365,0.2105973575898774,-0.2035815770430861,1.9399097877591318,1.1688303852963717,0.09680529585450715,0.21092110727845592,0.10897516094792876,0.5459795655335737,2.7204541934346986,19.328819834225023,0.16296210607594505,0.3871632229927437,0.5140918030375267,1,0,100.0
C034,MockCompany_034,Manufacturing,2022Q4,1084.989175265186,228.84711823228264,176.81212107098034,1512.9633298836786,534.3195213796807,978.643808503998,1114.8144999087278,409.7898441357334,118.23687000139311,11.83968396289464,4883.48659578109,0.1094549897515738,0.3871632229927437,0.0405279392672911,2.2102309322487264,1230.4891379550447,1.9610313135316644,102.35085677725272,0.5140918030375267,0.02004549569872,2022Q4,0.21092110727845592,0.16296210607594505,0.18067055606378707,0.11686477628275191,0.5459795655335737,2.7204541934346986,0.10897516094792876,19.328819834225023,4.500954209596606,0.09680529585450715,0.42798552443608995,0.10945498975157397,0.062016692229751036,0.05430167961157193,0.19910099391791258,0.03269514756366836,0.7911642463914315,0.2060671497302447,0.13225894293181875,0.08477222800685712,0.06501841380549662,0.06776142814427401,0.2571047355548778,0.0976516769568941,-0.01216986509342162,0.4308209510198221,0.4167015640808918,-0.307246574329318,1.8290885274096498,1.3320759770500925,0.06350494004838136,0.15790556155320673,0.13830165450159598,0.481830557021565,1.8711174155221504,15.772400950888041,0.13540511734376462,0.2551430437447026,0.1686343139567091,0,0,100.0
C034,MockCompany_034,Manufacturing,2023Q1,1153.8913477935444,182.2058612448841,156.24279335007498,1673.8932357204346,544.2814675001679,1129.6117682202666,1255.419926790326,670.9466313412083,159.585082515062,11.55219562300392,5915.052293588642,0.2112354928338978,0.2551430437447026,0.3554864804364514,1.9646545233029056,1216.155174609577,1.9382286659310928,102.1024668542126,0.1686343139567091,0.0318294376086761,2023Q1,0.15790556155320673,0.13540511734376462,0.13831547948203596,0.09334095509546377,0.481830557021565,1.8711174155221504,0.13830165450159598,15.772400950888041,5.1261778718543995,0.06350494004838136,-0.20380967585555132,0.21123549283389775,0.04815523726140586,0.0401587861211248,0.19218937095858937,0.038855826475156646,0.686616444191432,0.23629600832933528,0.11971558661988392,0.07704091791140791,0.0837292681606009,0.09774061553917393,0.27699780508368077,0.08242304119466803,-0.07479671445321462,0.4057468323415804,0.3597121561031841,-0.14847666326928627,1.7308556686147722,0.829524190042992,0.03283857568020898,0.174413729311654,0.21128772251904762,0.44307221000501373,2.4143336844630925,24.89198976398236,0.13345807339831198,0.0923841541768132,0.0879173994012857,0,0,100.0
C034,MockCompany_034,Manufacturing,2023Q2,1191.783496144801,207.86340409487036,159.05312930352315,1762.7050885915803,541.2103661722406,1221.4947224193395,1322.0288164436852,547.5750203664445,251.80922063643445,8.35061423537735,5678.439362147766,-0.0400018325615383,0.0923841541768132,0.0350708542149127,1.987029604562596,1194.2863976772962,2.124922626393007,102.2059648388822,0.0879173994012857,0.026908475125159,2023Q2,0.174413729311654,0.13345807339831198,0.13021188416464557,0.09023241059031492,0.44307221000501373,2.4143336844630925,0.21128772251904762,24.89198976398236,4.764656819390185,0.03283857568020898,0.14081623211617011,-0.04000183256153833,0.05474832146002828,0.03245990761740373,0.176311103137011,0.024117138878748782,0.5445834011905656,0.11657663297864518,0.12032835172417669,0.07798995053140415,0.07192610764268115,0.11188794417742642,0.25287645704986483,0.12161267141010693,-0.17844914683883864,0.36579433350368296,0.4185400275109106,-0.4585418600724489,1.7974692001376498,0.5460958870817819,0.1328116447736376,0.17776069062226188,0.10159069514736277,0.3728231268626272,2.3916035704323906,26.254168362751585,0.15884117513959212,0.3003435251670826,0.5892670788196088,1,0,100.0
C034,MockCompany_034,Manufacturing,2023Q3,1350.0662224818682,239.9887040943429,214.4461052954488,2016.6330170701244,547.6651816589806,1468.9678354111438,1282.7009005224943,536.3350834470432,137.1541660370087,9.140975282560294,7581.395942794724,0.3351196445509281,0.3003435251670826,-0.0429819700923871,1.770064189764077,1199.231099605778,2.21698928988152,99.28621569942024,0.5892670788196088,0.036132374108127,2023Q3,0.17776069062226188,0.15884117513959212,0.14598420749987512,0.106338686057467,0.3728231268626272,2.3916035704323906,0.10159069514736277,26.254168362751585,5.61557338191307,0.1328116447736376,0.15455005242197561,0.33511964455092813,0.08149011408918377,0.04304607213648392,0.18025027219139464,0.022212980196411228,0.46092636485569494,0.07246144626846575,0.1400388082789838,0.05007538674347029,0.15395207364371535,0.1588512795769665,0.2587584865203355,0.12370742591159288,0.031220949626274835,0.30654983035157546,0.4121630305432622,-0.07704338599233412,1.7552380477576923,1.2273813839645418,0.00982707334823174,0.13818019468327222,0.06680598345022906,0.34894845707228567,2.8588148435760816,40.43185140386612,0.10413491230486716,0.3297521605052051,0.5057522006373992,0,0,100.0
C034,MockCompany_034,Manufacturing,2023Q4,1363.3334222751675,188.3856777083326,141.97060637102314,2042.1899085870289,528.2774252153638,1513.912483371665,1508.0448771278357,527.5070123948876,91.0788300457258,4.659338396012387,8401.71603839066,0.1082017219237255,0.3297521605052051,0.4526745244649345,1.7660791015906474,1183.643077970641,1.8868915301198068,97.89209984788204,0.5057522006373992,0.0650379919308695,2023Q4,0.13818019468327222,0.10413491230486716,0.09377728761093491,0.06951880712660151,0.34894845707228567,2.8588148435760816,0.06680598345022906,40.43185140386612,6.162627498974892,0.00982707334823174,-0.215022730260356,0.10820172192372546,0.05974555846261492,0.05344351160270316,0.16206504404259872,0.01813496321956703,0.4116685877403729,0.061513342852263585,0.12949651390455885,0.06184973628805851,0.15363875668675325,0.1589694924686863,0.24440572089845086,0.1058912957555232,-0.05697891010199732,0.3007306913396098,0.21481325148173303,-0.10661152955800753,1.6336326444898512,1.1362350524822142,0.01233889042940528,0.17958905703554282,0.14636095706103558,0.3217089240539326,2.127939852712997,24.515680025484347,0.12850461416681846,0.2468225753919651,0.4291409772333886,1,0,100.0
C034,MockCompany_034,Manufacturing,2024Q1,1380.155443991367,247.86081474906013,177.35634282047317,2202.6433024439707,536.1316656096493,1666.5116368343215,1651.982476832978,776.3294976240378,202.00087167572133,10.110297347121929,7358.564092976777,-0.1241593908491219,0.2468225753919651,0.1782113474584527,1.7551935737153233,1148.5963651823226,1.857684782414846,99.64809065568878,0.4291409772333886,0.0760704416962117,2024Q1,0.17958905703554282,0.12850461416681846,0.10642370500170643,0.08051977486486563,0.3217089240539326,2.127939852712997,0.14636095706103558,24.515680025484347,5.331692256120589,0.01233889042940528,0.31570944120714795,-0.12415939084912198,0.0469540460578709,0.05815896280306662,0.16748591791318274,0.01965432026840698,0.3716381794984648,0.051999932268185105,0.13151133954441876,0.062361340827245,0.06979003576599835,0.2012841220486013,0.24232560381026652,0.10569160024285597,-0.1340220666316303,0.26393352174316775,0.3382889045259837,-0.4624482953751056,1.609086334200256,0.9398970743685214,-0.012503371389266937,0.19539681668225162,0.08393418840793523,0.3254436310616029,2.451539262372577,36.52264035958783,0.18229776808214548,0.1635136165174701,0.3253256203890619,0,0,100.0
C034,MockCompany_034,Manufacturing,2024Q2,1362.8988479002244,266.3060963398075,248.45341809412068,2166.4975060602296,531.9523203666922,1634.5451856935374,1567.7987876608574,639.5160835160783,114.39380868069924,7.29153461199239,6623.130191746031,-0.0999425828107776,0.1635136165174701,0.4236222669665816,1.942017793043654,1164.6826883210515,1.9530306641952624,98.44169482590264,0.3253256203890619,0.0357532757312908,2024Q2,0.19539681668225162,0.18229776808214548,0.1520015599865781,0.11467976187326333,0.3254436310616029,2.451539262372577,0.08393418840793523,36.52264035958783,4.85959042517735,-0.012503371389266937,0.07441790106847579,-0.0999425828107775,0.03561855929050192,0.0657504367728794,0.17273168975583214,0.024357258507908406,0.3422310347626121,0.023692289973047606,0.09967295601664067,0.0342120537063426,0.05480484820368853,0.21401135284496503,0.26010796939543074,0.07297530177013724,-0.09643755979720217,0.2618529815426526,0.2668276337009199,-0.3667702165116975,1.7126717665299362,0.7506922184491845,0.020430773825595105,0.15538306197933272,0.04394189070933975,0.2921643035078698,2.7427255143168017,30.426054002864007,0.1022458382786637,0.4189046473826801,0.5648814915490743,0,0,100.0
C034,MockCompany_034,Manufacturing,2024Q3,1390.743926008838,216.09804965256717,142.19777854583572,2324.966701090463,525.6856849081345,1799.2810161823286,1743.7250258178474,635.7635923511133,61.11191760140238,7.102401435355363,7208.457772843234,0.088376275892426,0.4189046473826801,-0.1546435828461151,1.828175042820268,1178.632947726232,2.048011461555476,98.6201589945473,0.5648814915490743,0.0354336504508388,2024Q3,0.15538306197933272,0.1022458382786637,0.07903033337586618,0.06116121081608632,0.2921643035078698,2.7427255143168017,0.04394189070933975,30.426054002864007,5.18316682031099,0.020430773825595105,-0.1885351006879492,0.0883762758924258,0.007523341553491297,0.014096899544568884,0.16713728259509986,0.025366136193463357,0.32206632892392273,0.023297452262255134,0.0852607549071349,0.04390452372306218,-0.006880993960937002,0.1221101424278177,0.28974824994933013,0.10963497627978155,-0.023511116883744645,0.2467669194277579,0.21975572651426756,-0.13137945062184156,1.71025516084938,1.2305530583595123,0.03471107420029451,0.2194416451338573,0.20130513025416089,0.28543791183719575,2.441139305318244,34.80474131650404,0.1706756844446148,0.2996418702121027,0.6162028012381182,1,0,100.0
C035,MockCompany_035,IT,2021Q1,282.49142914741344,26.329633086115127,17.578239949253096,483.3362409314514,190.9560748928249,292.38016603862656,362.5021806985886,132.42935480139838,20.822252245914928,2.422238483211113,583.9307711963185,0.1789391840487571,0.2619194989854302,-0.0433021524241661,2.0326231204766323,1193.7950977609278,2.4058883830263675,101.6825116267124,0.165530701405042,0.0770058195368299,2021Q1,0.09320506878912153,0.0622257461128775,0.06012117780544218,0.036368553525680566,0.6531088530367154,2.7373249778305455,0.0737093238852761,10.86995903076418,2.067074293038239,0.029321658588051358,0.016305366076255545,0.03901112242922311,0.028748223617539495,0.04103992952872891,0.14908296294256101,0.02851283501543619,0.6270378788260513,0.06156726049581937,0.09118377837234426,0.043601873648594996,0.043950407107197303,0.10004747440174336,0.2019274246561828,0.07374245419873522,-0.0737093238852761,0.5922357974626441,0.16691439267439762,0.012024791374359495,1.9116175555543282,1.0196859978531163,0.01706475722600609,0.06674168993016404,0.007536125716244452,0.6701710364357106,2.98105765172879,8.253755809093526,0.05260294140984091,0.1902680423067088,0.3526817648762603,0,0,84.88491949351842
C035,MockCompany_035,IT,2021Q2,287.31207680424154,19.175693543326904,15.113460342525832,488.5971402734091,196.05396378805497,292.54317648535414,366.4478552050568,122.92545063312124,2.165219930599582,2.323268821927884,644.5979196859973,0.1038944194795353,0.1902680423067088,-0.1194042206713826,2.211883757759129,1203.678183687268,2.4299157483757594,101.82234396467058,0.3526817648762603,0.0846394692443224,2021Q2,0.06674168993016404,0.05260294140984091,0.05166232391419599,0.030932355302034132,0.6701710364357106,2.98105765172879,0.007536125716244452,8.253755809093526,2.2435462054139372,0.01706475722600609,-0.2717067693040066,0.10389441947953526,0.028748223617539495,0.04103992952872891,0.07997337935964278,0.01871243464427757,0.661639944736213,0.012064785583278068,0.040622724800760276,0.046791517158123505,0.1414168017641462,0.05306466191944469,0.2260937706460695,0.05066523089941805,0.009528631509761637,0.6254426889217417,0.09134257287241458,0.01255184660712072,1.9857332822533913,1.1779211276144723,0.10263853984898175,0.11191690035661107,0.1424984882501917,0.6073729038509978,2.3379263091084805,11.517523636760592,0.09302409846697773,0.2368791418128538,0.2414869592496114,1,0,100.0
C035,MockCompany_035,IT,2021Q3,316.8013688484074,35.45542723035712,29.4701617303206,533.6467792444644,201.647416828109,331.9993624163554,400.2350844333483,171.19234377563922,45.14371613663192,3.078389794284959,693.9653679851448,0.0765864220027203,0.2368791418128538,-0.0500518250281893,2.2450940465845344,1229.119971909631,2.4889775759552224,102.2519924319503,0.2414869592496114,0.0713301358112224,2021Q3,0.11191690035661107,0.09302409846697773,0.08876571784880043,0.05522409743011876,0.6073729038509978,2.3379263091084805,0.1424984882501917,11.517523636760592,2.1905377824141397,0.10263853984898175,0.8489775689336421,0.07658642200272037,0.05985164853749392,0.06050980198448963,0.09062121969196556,0.022698174296319467,0.6435509311078079,0.03247178417843879,0.07458131261723742,0.06748540655910472,0.11980667517700423,0.05299926306704068,0.22968889436833093,0.03636285955175657,-0.03985994840120996,0.5393976110914002,0.35705392845578454,-0.28046750645306423,2.025661059461804,1.0177637121538654,0.001297423916232221,0.02308979749969104,-0.04908316788968326,0.7093925075438688,2.620908175721572,1.1841668503697056,-0.024682559456243054,0.1896161988065463,0.7543657895941159,0,1,50.84818813949961
C035,MockCompany_035,IT,2021Q4,317.2123945210464,7.324369953906155,-7.829613788047638,534.1087930481135,221.65346714123012,312.45532590688333,400.58159478608513,152.84075897591438,-15.569789217014046,6.18525163952636,663.3104354641345,-0.0441735768602022,0.1896161988065463,0.1228013789993902,2.2643921978581347,1219.2691374970373,2.4196992471337304,102.64206879728587,0.7543657895941159,0.0567286598130689,2021Q4,0.02308979749969104,-0.024682559456243054,-0.0250583463901522,-0.014659211550047768,0.7093925075438688,2.620908175721572,-0.04908316788968326,1.1841668503697056,2.091060900894382,0.001297423916232221,-0.7934203441882378,-0.04417357686020229,0.04033357366374002,0.05453057682102274,0.07373836414389692,0.03851745911598884,0.6600113252168232,0.042269644057138116,0.04366519249050725,0.08282157126654913,0.07881161216770263,0.09270919779061491,0.21967072047788477,0.03581843476364349,0.05038059180591548,0.6930127781968828,-0.02469594647376,-0.0194776303864422,2.0052127469962637,1.6873753584034605,0.01685672381956227,0.04930736647558521,-0.02674452487701428,0.7641730870600024,2.585147263608634,3.1227578175672117,-0.0035674445504716274,0.4580821623507412,0.6747824573113043,0,0,63.73309269837438
C035,MockCompany_035,IT,2022Q1,322.5595562476297,15.904562250153324,-1.1507133311417204,522.7504161038061,226.43571776873148,296.3146983350746,392.0628120778546,151.65975942429867,-8.626702076410163,5.093114220244282,658.8959723288968,-0.0066551992841009,0.4580821623507412,-0.226464352843894,2.189284578129313,1217.472121754353,2.40457021193032,101.60491884296904,0.6747824573113043,0.0316831385788221,2022Q1,0.04930736647558521,-0.0035674445504716274,-0.003883416305716306,-0.0022012671739528836,0.7641730870600024,2.585147263608634,-0.02674452487701428,3.1227578175672117,2.0427110577403518,0.01685672381956227,1.1714580708298703,-0.0066551992841009655,0.03446436120269558,0.046045410469164307,0.06276393856551284,0.037358412530862424,0.6877773837226449,0.06602620922642415,0.018551730299934656,0.08584942736539575,0.03241301633448813,0.06940872301736652,0.26871138631921254,0.12817174612295776,0.04360124869657655,0.7264937246055556,0.03941956541813319,-0.046074764702234094,1.9730908130471776,1.9029595929641774,0.02458450974052706,0.11933328279366004,0.0715543202065405,0.747460378092021,2.8490977434443123,11.412786152212018,0.06486939972811186,0.1323591271509923,0.3054323639452862,1,0,100.0
C035,MockCompany_035,IT,2022Q2,330.4895248000996,39.438399923431945,21.43865709027627,517.5688478376786,221.3853953681909,296.18345246948775,388.1766358782589,136.24546113540418,23.64795328252529,3.455632952903024,655.9616132892234,-0.0044534481358291,0.1323591271509923,0.0840547298917985,2.207810536094585,1218.6658015191451,2.3489542141019752,103.01448543197938,0.3054323639452862,0.063149193429357,2022Q2,0.11933328279366004,0.06486939972811186,0.07238303460728433,0.04142184596272011,0.747460378092021,2.8490977434443123,0.0715543202065405,11.412786152212018,1.9848181683943067,0.02458450974052706,1.4796910033189845,-0.004453448135829152,0.036344299331325824,0.04524477153115945,0.07591183678138684,0.04718669392594339,0.7070997191367225,0.07032554463143764,0.03455627892250866,0.08902007493240566,0.005326049430647024,0.05088366665071018,0.2542341575302834,0.14245959574490974,-0.04696981046601344,0.6582634774161098,0.21547211274072758,-0.21992556087655668,1.9604674030245397,1.0960549685123884,0.06163206436735713,-0.02478908465121943,-0.03020460850353309,0.6218520723509928,2.6794037672781306,-2.168434094333176,-0.04081967279232267,0.168403574807584,0.3484763489433037,0,1,39.14271864672636
C035,MockCompany_035,IT,2022Q3,350.85827646531664,-8.697455515904473,-14.32192004183333,573.3264420246664,219.8253726003964,353.5010694242701,429.99483151849984,160.48153576817214,-10.597536880889471,4.010938370903372,702.7152555591862,0.0712749668925342,0.168403574807584,-0.0823581246556222,2.161354714666708,1238.444946683983,2.140198437606807,102.35144267545232,0.3484763489433037,0.0411554064869867,2022Q3,-0.02478908465121943,-0.04081967279232267,-0.04051450272871374,-0.024980393353621344,0.6218520723509928,2.6794037672781306,-0.03020460850353309,-2.168434094333176,2.002846455944011,0.06163206436735713,-1.2205326669639294,0.07127496689253432,0.02609268046091967,0.025595768071883126,0.04173534052942922,0.06014408156269881,0.7107195112617213,0.06352521467491905,-0.008619495265922534,0.05434330164641225,0.003998185653100499,0.04841352676645589,0.23711526577896597,0.14919525886144633,0.09183667287089023,0.6372672160130379,0.0066383712126046115,0.06463659567992958,1.877077087300925,1.245983812634816,0.07824823705188932,0.11522540675404763,0.008894454231366826,0.5198381334296395,3.130477871145106,17.95894334730019,0.1031186525432163,0.1762475265655916,0.1569046702279534,1,0,98.26481141339244
C035,MockCompany_035,IT,2022Q4,378.31231805379207,43.591190727930055,39.011056478310834,618.7353805898387,211.6292769989966,407.10610359084205,464.05153544237896,148.23664454446435,3.364881598100638,2.4272692366683297,743.9249954995284,0.0586435823248914,0.1762475265655916,0.3265894718502078,2.088597989346199,1228.9872119782713,1.9233903839550852,103.33584541278172,0.1569046702279534,0.0208345118777781,2022Q4,0.11522540675404763,0.1031186525432163,0.09582528027490024,0.06304966178119419,0.5198381334296395,3.130477871145106,0.008894454231366826,17.95894334730019,1.966430803323152,0.07824823705188932,-6.011947534335493,0.05864358232489142,0.045330383744833946,0.029385202938475474,0.06476924284301835,0.06778107547272767,0.663330917733164,0.11482970431067492,0.005874910264339988,0.047218152440160685,0.029702475449373898,0.041046182688751716,0.23377309771872726,0.15075555906226404,0.0693537828205225,0.45993957305894434,0.2023680980373038,-0.1437245157124124,1.7728920942489306,0.8624455526730118,0.06333510124655306,0.028114080997596005,-0.06322050034494602,0.4713502604894752,2.5537889366396938,3.0058744629755947,-0.0016392898979117466,0.1781568906243859,0.5093800119250655,0,1,59.76226171479921
C035,MockCompany_035,IT,2023Q1,402.2727670205472,11.309529155170845,-0.6594416831834279,658.4950518426648,210.9503240338483,447.5447278088165,493.87128888199857,193.3876687277401,-25.43188560624811,3.7624755429637498,816.4146075028626,0.0974420975795537,0.1781568906243859,-0.3097156524893256,2.158807622268078,1219.7530213752943,2.1225106030962846,102.10135627453498,0.5093800119250655,0.0626262451231823,2023Q1,0.028114080997596005,-0.0016392898979117466,-0.0014734654263733316,-0.0010014375678862168,0.4713502604894752,2.5537889366396938,-0.06322050034494602,3.0058744629755947,2.0295050384535043,0.06333510124655306,-0.7405547091897968,0.0974420975795538,0.056949978101581644,0.02283149218310387,0.059470921473521066,0.0701784986267001,0.5901252110905322,0.12221389811476534,-0.003244083602642946,0.05792577371466373,0.055726799665287555,0.04325151801069945,0.16379177978713844,0.021375861325574664,0.1265556015914991,0.4580986810878361,0.02822868189920305,0.06921341568035065,1.8643872852901149,1.2721911852287866,0.043209367802713894,0.052821891394330286,0.02883832240579112,0.4367205312477397,2.2462746385422023,11.888701187756345,-0.0064811109990611055,0.1616684633355311,0.5338636014627128,0,0,83.27283128984061
C035,MockCompany_035,IT,2023Q2,419.6547189677534,22.16695598848569,-2.719828814916285,715.8569286429133,217.5993252516812,498.2576033912321,536.892696482185,239.0147167527003,12.102138084732577,1.8645397530409604,964.1178614543334,0.1809169662008441,0.1616684633355311,0.129535815434326,1.8524879730433177,1179.0564616404058,2.0825543588932254,100.63286971511462,0.5338636014627128,0.0989418790070181,2023Q2,0.052821891394330286,-0.0064811109990611055,-0.005458680000865366,-0.003799402794170903,0.4367205312477397,2.2462746385422023,0.02883832240579112,11.888701187756345,2.297407411081965,0.043209367802713894,0.9600246556993672,0.18091696620084408,0.06160619261712835,0.014357235117031563,0.042843073623688624,0.05810860811215394,0.5124402493794618,0.08051405383596102,-0.013923083052830292,0.04100610209544921,0.10206940324945585,0.05499227028910118,0.17111911383327313,0.007583312080813922,0.014371045396922775,0.4136521267764974,0.1248695816028353,0.0560473845980088,1.7309817546699118,1.1235552369716642,-0.0741213621705743,0.1086207610439875,0.06252837398795537,0.5008970213085313,3.115016420493991,10.608525876837291,0.059128783016613604,0.1816994129961207,0.3306466819079283,0,1,100.0
C035,MockCompany_035,IT,2023Q3,388.549339556554,42.20452496588023,22.97444958994713,657.8526224010858,219.5463208621252,438.3063015389606,493.3894668008144,158.39064717336413,24.2953584166278,3.978359052450565,967.6740443200893,0.0036885354041584,0.1816994129961207,-0.0964443952291182,1.8000998495885272,1203.263564683676,1.6638699644379449,99.55067265218791,0.3306466819079283,0.0455321407645105,2023Q3,0.1086207610439875,0.059128783016613604,0.052416425475125275,0.03492339896139371,0.5008970213085313,3.115016420493991,0.06252837398795537,10.608525876837291,2.4904791896493554,-0.0741213621705743,0.9039386818741721,0.0036885354041584772,0.027667835982645494,0.06936163890730272,0.07619553504749035,0.042555374151534396,0.48220148661884643,0.036296494828347785,0.009260162570041827,0.05314880660122341,0.0851727953773619,0.07452285061592147,0.17444307338040732,0.008810857246156165,-0.13664973615852966,0.4464892056493322,0.09702777286136857,-0.09333923745721018,1.573368504314368,0.9588353005533812,0.111523974938043,0.02408638881254799,-0.04323540065781849,0.4857060857780858,2.630602075965035,3.1534376184015698,-0.02189600043806682,0.2660579504519766,0.5595227190471687,0,1,61.57086821715836
C035,MockCompany_035,IT,2023Q4,431.8819063634523,10.402475517798642,-9.45648641094918,725.5452155192719,237.19477900691984,488.3504365123521,544.1589116394539,206.857174108022,-18.672587258529543,3.298773203548597,1198.886937582943,0.2389367521222596,0.2660579504519766,0.4217404575158784,1.748098732377892,1169.0464067740006,2.0302453403135745,100.43115644603527,0.5595227190471687,0.0039474385361116,2023Q4,0.02408638881254799,-0.02189600043806682,-0.01936414038751582,-0.013033627965099529,0.4857060857780858,2.630602075965035,-0.04323540065781849,3.1534376184015698,2.775960094450537,0.111523974938043,-0.75352226979907,0.23893675212225962,0.035986770454183914,0.0788030609408364,0.05341078056211545,0.038937264480187826,0.4736684747059581,0.027427616698973378,-0.003772301152254501,0.059303335776700265,0.13024608782670394,0.10242739586578158,0.19689567935200358,0.046927054052414194,0.1547593755958615,0.47400718014741405,0.0923749630927725,0.14656178902948708,1.6731343474742135,1.4543472252424205,-0.015115483183824385,0.11427692177384065,0.07403052352904517,0.44907045578806076,2.0595769939520734,10.660512328095303,0.07105770815279235,0.0581073636940962,0.3825162195039215,0,0,97.24937009362444
C035,MockCompany_035,IT,2024Q1,425.3538026704175,48.60812323408723,30.22466637190601,725.6708433709099,224.88715789040447,500.78368548050537,544.2531325281824,264.2548125776878,31.48916469683521,4.559642325568367,1418.7194937393765,0.1833638763298516,0.0581073636940962,-0.2467177914195176,1.6513922131765235,1179.0903683343831,1.7980450724044412,98.70375886421074,0.3825162195039215,0.114235572650365,2024Q1,0.11427692177384065,0.07105770815279235,0.06035473448549923,0.04165065559402077,0.44907045578806076,2.0595769939520734,0.07403052352904517,10.660512328095303,3.3353868822358366,-0.015115483183824385,3.672745747002115,0.18336387632985196,0.016374124346589553,0.0794872166270004,0.0749514907561766,0.043806723418863,0.46809852353060444,0.03017953758484847,0.030540454816243297,0.05279011004362015,0.15172653251427842,0.10226415783802717,0.16688329761943116,0.08546837102548265,-0.08914600671286955,0.39775206644102556,0.17319196211906143,0.010171914210790167,1.5610301604536525,0.8383756496390433,0.044155072664039396,0.05807115824255601,-0.03181696393712034,0.41824942605584314,2.4466122205982557,11.981186333618997,0.01238004063387245,0.1318042485028577,0.144177192782003,0,1,82.0117640920518
C035,MockCompany_035,IT,2024Q2,444.1353307352553,25.79145307229503,5.49841344145322,765.8254498276322,225.84606696479025,539.9793828628419,574.3690873707242,234.76098195398964,-14.131037801236452,2.152662711533288,1538.4077662830412,0.084363592008028,0.1318042485028577,0.0222635981464471,1.7953101358290076,1175.9101946831734,1.8014140507703371,97.96581059017028,0.144177192782003,0.0724970563571971,2024Q2,0.05807115824255601,0.01238004063387245,0.010182635885636523,0.007179721492258573,0.41824942605584314,2.4466122205982557,-0.03181696393712034,11.981186333618997,3.463826585767857,0.044155072664039396,-0.4694003521162825,0.0843635920080279,0.016610550561920928,0.07959497477849808,0.07626380746823304,0.04299389416856722,0.4634807472326303,0.037181860066875114,0.015376633230515427,0.06144420676179072,0.1275881889660744,0.10444922171849368,0.15941724391126283,0.08735922904053527,0.07597203660115974,0.393961197450496,0.07040926696947507,0.013954325038552928,1.6116265237147225,0.7459146753365165,0.06690556235973344,0.0737109710797114,-0.008302565986870784,0.3413515360774328,2.8685975281262235,12.491176140517945,0.049376335900665404,0.1529577288540586,0.1883557764350632,1,0,90.07158263149944
C035,MockCompany_035,IT,2024Q3,473.8504548019238,34.92797717008641,23.396999223032235,849.5440454958118,216.19475364661795,633.3492918491938,637.1580341218589,222.11482366269203,-3.934174668910007,2.796212043179702,1361.035731375371,-0.1152958525009401,0.1529577288540586,0.1719082103634099,1.871834612313536,1168.8839546277927,1.736702434874697,97.45595172679582,0.1883557764350632,0.0724237145230932,2024Q3,0.0737109710797114,0.049376335900665404,0.036941699507838606,0.027540654715965566,0.3413515360774328,2.8685975281262235,-0.008302565986870784,12.491176140517945,2.872289595968481,0.06690556235973344,0.35424619435675586,-0.1152958525009401,0.05186728169449786,0.052698007214046,0.067536359977164,0.03741789223272489,0.4235943759248556,0.061371405777607406,-0.0023311017631911114,0.0529444172015884,0.09784209198979975,0.15581092394105645,0.1522318228757473,0.08608835358608356,0.07520812834660423,0.3161901828736141,0.13231396745257407,-0.24760981995351417,1.6136531529042193,0.73271181650934,0.014991881580275201,0.03944847214620238,-0.00589227374865438,0.31566470072797526,2.5357391866995465,8.162095063119287,-0.016153591795475344,0.1336338451711583,0.6554957876886518,0,0,76.8273313204281
C036,MockCompany_036,Retail,2021Q1,483.65420412199177,35.08234204320464,14.396263117813785,611.4989721679026,362.4676743118053,249.03129785609732,307.5200949934092,211.40659098175323,4.602671978048029,7.33585073861284,1765.8308834484203,-0.1623405595242462,0.1240432436928933,0.3212463717996399,1.889111417838324,1192.70078910345,2.418704042934042,100.18047972044654,0.4172439148046115,0.0,2021Q1,0.07253600143271641,0.029765611453576573,0.05780905147944438,0.0235425794204563,1.4555105218935238,1.4546381622439437,0.009516451917117181,4.782314047607811,3.6510194026957636,0.029321658588051358,0.016305366076255545,0.03901112242922311,0.028748223617539495,0.04103992952872891,0.14908296294256101,0.02851283501543619,0.6270378788260513,0.06156726049581937,0.09118377837234426,0.043601873648594996,0.043950407107197303,0.10004747440174336,0.2019274246561828,0.07374245419873522,-0.009516451917117181,1.3499336085921214,0.08205245334983359,-0.24439301287407977,1.8655456480013628,1.8912207670896262,0.04201007337367968,-0.012449187955893398,-0.05720684687229095,1.1717565695740846,1.1973910897473619,-1.2677151304422678,-0.03365517901276814,0.2647650797951084,0.6248821524770521,0,1,21.48818962753503
C036,MockCompany_036,Retail,2021Q2,503.9725527246453,-6.274049033492954,-16.961286479503322,653.4635901121345,352.5718606863466,300.8917294257879,414.5609541373143,346.22017625301135,-28.83068065161357,4.949100063226674,1679.0255515377712,-0.0491583496043122,0.2647650797951084,-0.1112671098737305,2.125523550914376,1204.7407085494283,2.4079443547224084,99.92963037585956,0.6248821524770521,0.0,2021Q2,-0.012449187955893398,-0.03365517901276814,-0.05637006544452161,-0.02595597786338303,1.1717565695740846,1.1973910897473619,-0.05720684687229095,-1.2677151304422678,3.331581338025379,0.04201007337367968,-1.1788378046644188,-0.04915834960431231,0.028748223617539495,0.04103992952872891,0.030043406738411504,0.06009360371710901,1.3136335457338042,0.20064434387355976,-0.023845197477586885,0.04718049703712665,-0.1057494545642792,0.08003190814406466,0.19440416174400083,0.09950536456889822,0.09921692024597063,1.1863439873472652,-0.027645961454504674,-0.021512388149807528,1.9481359795377031,2.1752081398653966,0.05441370539431922,0.07410970184028655,0.008489495615067469,0.8196827952727125,1.8821984012919477,7.690814828473148,0.03603004225256676,0.1508974467174857,0.264663110307811,1,0,78.3355994623264
C036,MockCompany_036,Retail,2021Q3,531.3955667354272,39.38156701008671,19.14620472234013,704.8068814638716,317.4828471354469,387.3240343284247,305.50028643774453,162.31035273761037,4.511280333675192,5.120597476433364,1934.0019790980264,0.1518597661165609,0.1508974467174857,-0.4456569886383848,2.2061371099431906,1216.6976630351176,2.679609464106804,101.58731805625972,0.264663110307811,0.0869503760908252,2021Q3,0.07410970184028655,0.03603004225256676,0.049432007893566464,0.027165178470656574,0.8196827952727125,1.8821984012919477,0.008489495615067469,7.690814828473148,3.63947706785686,0.05441370539431922,-7.276898188052859,0.1518597661165606,0.04821188938399945,0.00877069231313682,0.04473217177236985,0.049526761034040793,1.148983295580107,0.3185250241209486,-0.0130669664467021,0.03822970628713411,-0.0198797143373325,0.15913324611947036,0.17990192340182912,0.07471013010157417,0.045924209779251754,0.7589363477114391,0.1370129028496732,0.014846863266887694,2.0750205998280333,1.2204211145159876,-0.02013218577351006,0.034436537050983165,-0.017996848040485694,1.0285844964525859,1.1489059347092079,4.46740390150524,0.00011615845986658804,0.1196745384280673,0.0465185939394675,0,1,57.64080996335043
C036,MockCompany_036,Retail,2021Q4,520.6974124666899,17.931015736794667,0.0604834094887644,671.7939363894868,340.6300447383213,331.1638916511655,344.899253037293,300.19799064180074,-9.370912207255117,4.01374402844695,1892.1254278528008,-0.0216527964799477,0.1196745384280673,-0.3022926682577757,2.1639475881150583,1219.9203963330851,2.306453742559364,103.2397536766798,0.0465185939394675,0.0075123253337875,2021Q4,0.034436537050983165,0.00011615845986658804,0.00018263890180482753,9.003268147036062e-05,1.0285844964525859,1.1489059347092079,-0.017996848040485694,4.46740390150524,3.6338291348244605,-0.02013218577351006,-0.5446850621205084,-0.021652796479947667,0.025430530998162948,0.03994287660569314,0.04215826309202318,0.04076477314129251,1.1188835957982266,0.2669508600885274,-0.014299436845147999,0.03131159894244531,-0.020322984872986297,0.12993477582522345,0.16484507715838867,0.06802869616363269,-0.0021353377330243645,0.9931636083304296,-0.003692496763012587,-0.017960299716935114,1.9306165846359733,1.1593567406979643,-0.01636514207946549,0.07416719279708735,0.02505112142866906,1.4175795861022882,1.2657414434962928,4.915622295780251,0.04795310928403615,0.0989426422753864,0.4516956847064075,1,1,64.31938808265885
C036,MockCompany_036,Retail,2022Q1,512.1761253312625,37.986665433583084,24.560437710732177,669.988500187452,392.85656871453006,277.131931472922,391.90801831675896,309.6272310029968,12.830586308563731,7.72774292713185,1899.06180593516,0.0036659187494935,0.0989426422753864,-0.275661790458672,2.176366955828868,1228.4656510871012,2.6430423138230057,102.51599412114476,0.4516956847064075,0.0599417278399506,2022Q1,0.07416719279708735,0.04795310928403615,0.08862362983618617,0.03665799891165879,1.4175795861022882,1.2657414434962928,0.02505112142866906,4.915622295780251,3.7078296156486936,-0.01636514207946549,1.1184893254894632,0.003665918749493624,0.014981612728755839,0.038734246256098545,0.04256606093311592,0.0411760431385146,1.1094008618504179,0.2512171725717739,-0.01041576946726003,0.035880296704058554,0.021178634695448628,0.08975165028422084,0.15856992680401194,0.0739471472667106,-0.04141626350813455,1.3124416876346243,0.08285317214629093,-0.07918725339679743,2.055332939704286,1.8630800146164184,-0.03384642295124307,0.08479831836918568,0.09687934766306511,1.3881403162153358,1.65722841660756,4.788382197522304,0.04261567968917328,0.2058572348422623,0.5148441204902766,0,0,77.09890729166568
C036,MockCompany_036,Retail,2022Q2,494.8407955677717,41.96166732470183,21.08797684109445,685.9983788290742,398.7462545841978,287.2521242448764,355.424117490099,214.46899771126,47.93985347177476,8.763224318565475,1877.2928779840952,-0.0114629907689311,0.2058572348422623,0.46457448588775,2.267535904606661,1245.0886865357345,2.3664356106529207,103.10770610834224,0.5148441204902766,0.0201129428389249,2022Q2,0.08479831836918568,0.04261567968917328,0.07341277944055856,0.030740563668763512,1.3881403162153358,1.65722841660756,0.09687934766306511,4.788382197522304,3.7937310237857984,-0.03384642295124307,0.10464203282251106,-0.011462990768931314,-0.003982511352474849,0.039648929678466935,0.06687793751438569,0.022203724701422657,1.1634967985107307,0.28950081811408634,0.028105779166578984,0.049157520528072214,0.030602474404293905,0.08150465328099013,0.14384296556580045,0.046532021949436835,-0.13072577061430818,1.2704283517398056,0.1478312430810077,-0.1592942338499388,1.995416636301574,1.9911297070723446,0.0011755010989913384,0.052874977345925216,-0.019111275360862212,1.5842137986369167,1.4332120626093083,4.624571844608916,0.009010187548832989,0.2955849954371443,0.4765991035390535,0,1,55.09419079444308
C036,MockCompany_036,Retail,2022Q3,495.4224814667873,26.195452484271307,4.463849473932999,702.2664389348215,430.51398590494506,271.75245302987645,359.03740033977266,250.5124047621225,-9.46815546329254,5.66440599472663,2040.8673270621136,0.0871331538069173,0.2955849954371443,0.3448163291160232,2.227190612673018,1235.5197999556706,2.421171965875523,102.54960577631624,0.4765991035390535,0.0228375904350558,2022Q3,0.052874977345925216,0.009010187548832989,0.016426160736167553,0.006356347429470341,1.5842137986369167,1.4332120626093083,-0.019111275360862212,4.624571844608916,4.119448356513091,0.0011755010989913384,-0.37572898899442275,0.08713315380691733,-0.01729206242630682,0.014422473630959992,0.06156925639079536,0.022435628428728868,1.3546295493517817,0.23388029891558665,0.021205586422596564,0.05447808884209365,0.014420821326882997,0.049578318024518515,0.18001485274571508,0.08988500697491036,0.02028677645985355,1.5004485299228876,0.03493920308405434,0.05219395072286296,1.9975828424786903,2.292919405358939,0.021017808186172493,0.02511545162794934,0.008404485149181885,1.9742254787773783,1.7885432030404127,1.0369688604127976,-0.016349779144705315,0.2352809786689221,0.7273093739257768,0,1,42.61654832744851
C036,MockCompany_036,Retail,2022Q4,505.8351761533738,12.704278898420409,-8.27029341374712,706.5574164475076,468.99727802250175,237.5601384250059,464.9544225024204,259.9626454145688,4.2512842259232375,12.251360076835969,2171.5307589982904,0.0640234816852451,0.2352809786689221,0.1573740172089877,2.0924820556434054,1229.8688326017918,2.0535926337444965,103.79438531161722,0.7273093739257768,0.01646004983684,2022Q4,0.02511545162794934,-0.016349779144705315,-0.03481347278437924,-0.011705054990884582,1.9742254787773783,1.7885432030404127,0.008404485149181885,1.0369688604127976,4.292961148940677,0.021017808186172493,-0.5150196811431864,0.06402348168524519,-0.007004563936386182,0.02352496986823652,0.0592389850350369,0.026337850035799325,1.5910397949329798,0.2696507030958216,0.027805919720013457,0.04951890621804008,0.0358398908681812,0.04725124586475561,0.2089164628059288,0.08228025750031763,0.012613323036990608,1.9246419142624798,0.05453774496330372,0.009485736721941383,1.8200867910663032,2.8998455898941695,0.015840915269678568,0.033605240799918994,0.003641400156901928,1.987700459129749,1.8553606433949374,2.2082034411379046,-0.00033675996704803297,0.181203251255392,0.6468194107085297,0,0,48.39422144535991
C036,MockCompany_036,Retail,2023Q1,513.8480683192423,17.26798807047497,-0.1730434585552202,716.1714211391038,476.4648538529974,239.7065672861064,331.764484302208,178.8140141278896,1.871126436605083,7.8199262561462355,1948.3614185093209,-0.1027705177853044,0.181203251255392,0.1785078562122849,2.043963162488074,1233.5079440998177,2.0233927429591456,102.01484285043756,0.6468194107085297,0.0377274511112996,2023Q1,0.033605240799918994,-0.00033675996704803297,-0.0007218970281609303,-0.00024162295987704304,1.987700459129749,1.8553606433949374,0.003641400156901928,2.2082034411379046,3.791707196406265,0.015840915269678568,0.3592261480202543,-0.10277051778530444,0.001046950400899832,0.024733651748122858,0.049098497035744815,0.026482487940738708,1.7335700131898448,0.2967188855062704,0.022453489402071678,0.051049346290132074,0.009230781734481722,0.08571958713726678,0.22948161505093018,0.04930247210798611,0.01219951511277664,1.9209033065625842,0.05308755622649949,-0.15585807401180388,1.793626950136472,2.7611254836392827,-0.057332360579509634,0.14572803225810474,0.12589173463099315,2.5510164229741243,1.307662416528757,6.575846503162425,0.0972670002160873,0.2723953064423195,0.2756256538935228,0,1,82.74662063097244
C036,MockCompany_036,Retail,2023Q2,484.387945583279,70.5889021595429,47.114962407816144,673.4474444453172,483.79823863321735,189.6492058120998,344.6106909829489,263.5318463127696,60.980438703948,10.734572669696558,2128.22335346921,0.0923144613987996,0.2723953064423195,0.192090650902924,1.906305789933872,1214.0447550600732,1.9738603514372848,101.97932130756952,0.2756256538935228,0.0151867831676744,2023Q2,0.14572803225810474,0.0972670002160873,0.24843216298120524,0.06996086004387807,2.5510164229741243,1.307662416528757,0.12589173463099315,6.575846503162425,4.393634013542806,-0.057332360579509634,3.087847517119653,0.09231446139879962,-0.0048245340061668085,0.035999813501729316,0.06433092550797456,0.05549368981544186,2.024289039879542,0.39789154236128965,0.02970658614405369,0.06523787197302978,0.035175144776414397,0.0927824850002844,0.24611613295094448,0.04989604557946573,-0.18322409521050279,2.1792618193959963,0.21428740630958826,-0.12197294491078865,1.7222715759979266,2.7272827797318384,0.018262311213454785,0.026680853214359097,0.01620373256211821,3.383833988603637,1.5613864646459532,1.7703695322835447,0.008089296259804993,0.1593235391437718,0.5604285643400535,0,1,40.3929560866548
C036,MockCompany_036,Retail,2023Q3,493.2339889935668,13.159903660696846,3.9899158623824458,666.7509736168548,514.6578571013163,152.09311651553855,338.35224197908184,216.69986876326763,7.992231648214717,7.43342190370387,2035.8365549386208,-0.0434102926180139,0.1593235391437718,-0.3361242593900353,1.9219469858374223,1243.1450180638333,2.098803604317128,101.67144292674384,0.5604285643400535,0.007967338590094,2023Q3,0.026680853214359097,0.008089296259804993,0.02623337566988828,0.005984117039578928,3.383833988603637,1.5613864646459532,0.01620373256211821,1.7703695322835447,4.1275268946663095,0.018262311213454785,-0.8135697927281369,-0.04341029261801388,-0.0005528314775509469,0.03791205589887197,0.057782394475083036,0.05874636155730657,2.474194087371222,0.6633227170994074,0.0385353381247988,0.05846735791733216,0.0025392831701815995,0.09136266010688587,0.21205076887760135,0.05135768673303288,0.0020585786513365734,3.2935504106519438,0.061146896989932094,-0.104557189607946,1.7802062119732425,4.0153610927871055,0.08481659387358031,0.022016553645487758,-0.026608192865632433,2.2763903186621754,1.5565144256591341,1.684124713238677,-0.02777868901423316,0.294272322673194,0.6080579934131143,0,0,37.311964009617036
C036,MockCompany_036,Retail,2023Q4,535.0684159226802,11.78036248318986,-14.863499127282273,735.8801140214949,511.2792446355498,224.60086938594517,380.7432251878204,244.61271859079065,-14.237203607205714,6.994946626518747,2567.4478095225263,0.2611266868621159,0.294272322673194,-0.1696529163157238,1.8083135318369803,1190.3869560670098,1.6824482990826546,99.75890112181048,0.6080579934131143,0.0293728582661446,2023Q4,0.022016553645487758,-0.02777868901423316,-0.06617738910740925,-0.020198261706020113,2.2763903186621754,1.5565144256591341,-0.026608192865632433,1.684124713238677,4.798354253615178,0.08481659387358031,-0.10482912436715641,0.2611266868621156,0.015396864944301009,0.05807192945798857,0.05700766997946764,0.059338212566493166,2.5497352973424214,0.6017537992626243,0.029782168621095215,0.06654481008794258,0.051815084464399294,0.16167470147775728,0.22679860487866932,0.06649206106611574,0.11142478673921274,2.226272049093281,0.08022495465343564,0.18090173220868022,1.578882727641975,3.2400271519188015,-0.08004806686045585,0.0625374768071339,0.05890636369809882,5.046500673265792,1.6422597169735689,2.793890436491614,0.00997105322142141,0.1246812694192675,0.8396189660597895,0,1,50.13325736312754
C036,MockCompany_036,Retail,2024Q1,492.2372235899833,30.783273953929097,4.9081235539904045,643.7034635207622,537.2446209108856,106.45884260987656,337.15171774524475,205.29744123841817,28.99590491859285,11.01806769122659,1600.493125476359,-0.3766209698439767,0.1246812694192675,0.2533286065123471,1.658437343751073,1151.1103574510753,1.752913728402994,98.86571056555228,0.8396189660597895,0.0046090967600329,2024Q1,0.0625374768071339,0.00997105322142141,0.046103484065953555,0.007624820794248331,5.046500673265792,1.6422597169735689,0.05890636369809882,2.793890436491614,3.2514670747579695,-0.08004806686045585,1.6131007426856079,-0.37662096984397664,-0.008575380588232595,0.07511748703632135,0.06424072898127137,0.05726170015438534,3.3144353508764324,1.2470247792681532,0.04359840950639444,0.06502809690972915,-0.016647528550268784,0.270387594623599,0.2126681094196382,0.08329448336291685,-0.13895443055855466,4.730905254454248,0.04139577364477687,-0.41801674348875356,1.5393059824892459,5.695205489933304,-0.02855774462356797,0.03439412911258732,-0.028068924675871645,6.433218066367552,1.2778892938074662,2.035113736788447,-0.005407564856799983,0.1010507300107031,1.0,0,1,27.06000388710005
C036,MockCompany_036,Retail,2024Q2,478.1800386644864,16.446585988922735,-2.585789572310741,635.6577968542499,550.141968962166,85.51582789208396,321.8218911292854,251.8386316307107,-13.421999486806929,8.081408763345824,1813.6498980858491,0.1331819357524874,0.1010507300107031,-0.058130448315852,1.6655589454158473,1163.2291842657146,1.6651404128895382,98.7908145959254,1.0,0.0274166811681876,2024Q2,0.03439412911258732,-0.005407564856799983,-0.030237555269225957,-0.004067895627337942,6.433218066367552,1.2778892938074662,-0.028068924675871645,2.035113736788447,3.7928180840576626,-0.02855774462356797,-0.4657297981515207,0.1331819357524875,-0.0013817265992471794,0.07010222944546439,0.03640725319489202,0.018152468562145585,4.284985761724789,1.8295115165257778,0.005108244679678239,0.04132797453816623,-0.00643065996184683,0.276578481618741,0.1698319653117341,0.08634286928651601,-0.0004888199476963256,6.211953133583477,-0.0222325401868523,0.1554144759393397,1.514713530686599,7.31300386359418,0.08254918295366376,0.10560569815225665,0.07666772080025493,4.18095467374616,1.3243349110852818,6.022379151669231,0.045995721093739436,0.1072660055193222,0.4477327153701663,1,0,66.77998714007363
C036,MockCompany_036,Retail,2024Q3,517.6534101609911,54.66714978105354,23.80984187703405,693.543183748953,559.6792093622988,133.86397438665415,363.2898942968266,274.318747663149,39.68730712159938,9.077334455084747,1945.151067010695,0.0725063690978251,0.1072660055193222,0.0409487813068919,1.9281009038469388,1161.334602735538,1.83705894957563,98.38129532496929,0.4477327153701663,0.0204587663991942,2024Q3,0.10560569815225665,0.045995721093739436,0.17786594179613688,0.03433072724944889,4.18095467374616,1.3243349110852818,0.07666772080025493,6.022379151669231,3.7576320928746356,0.08254918295366376,2.3239208318293834,0.07250636909782537,0.014689991335805064,0.08239797045827876,0.05613846442936641,0.03708133171609568,4.48426593301042,1.73985006726609,0.020224241739212417,0.05540060090278377,0.02254850546711292,0.2774835506795139,0.15681758190562173,0.0921807080907536,0.005881462153408831,3.7394220364822566,0.26482260190617535,-0.19231623280835025,1.6662063295185603,4.300302219525153,0.06443370343952592,0.07892568112275113,0.030741953949213016,4.138417471629071,1.5912603978720121,4.551920554025761,0.052858682378313045,0.1209687465384549,0.8052443394585584,0,1,54.20941442785397
C037,MockCompany_037,Bio,2021Q1,716.8115321284854,148.3690918594949,128.2403812057508,904.4773614586804,389.1418899511772,515.3354715075031,623.8187427180541,239.32670203538888,33.68456102892283,8.422021475710043,2393.808927953995,0.0782758718153685,0.1524433300162148,-0.0319745054808302,2.039920071783756,1193.5124941372171,2.4521059009398227,101.53014772396284,0.2611671254127946,0.0679608469892353,2021Q1,0.2069848003403681,0.1789039035473907,0.24884834888303395,0.14178395907974028,0.7551234321442518,2.606557218271467,0.046992214158237094,17.616802838818383,3.3395234600126043,0.029321658588051358,0.016305366076255545,0.03901112242922311,0.028748223617539495,0.04103992952872891,0.14908296294256101,0.02851283501543619,0.6270378788260513,0.06156726049581937,0.09118377837234426,0.043601873648594996,0.043950407107197303,0.10004747440174336,0.2019274246561828,0.07374245419873522,-0.046992214158237094,0.5988243593095404,0.2539770144986052,-0.17570114268323672,1.9302628386944174,1.0124348147385498,0.13056175690935845,0.20594264063215156,0.1647427024138514,0.5275359336004027,2.2994924586436873,29.044835014631467,0.17144541119876167,0.1994308998957298,0.3774574401225702,1,0,100.0
C037,MockCompany_037,Bio,2021Q2,810.3997051360695,166.8958552434451,138.9393106825801,1041.1185545035942,359.55124626414096,681.5673082394533,780.8389158776956,339.5701138050087,133.50743745966915,5.746145747783581,2621.690927706528,0.0951964031428795,0.1994308998957298,0.067927370937474,2.2020061130576463,1241.128004034947,2.6509652281538245,101.71592356994404,0.3774574401225702,0.0473969648239474,2021Q2,0.20594264063215156,0.17144541119876167,0.2038526628298361,0.1334519590314025,0.5275359336004027,2.2994924586436873,0.1647427024138514,29.044835014631467,3.235059083916004,0.13056175690935845,0.12486942631889275,0.09519640314287958,0.028748223617539495,0.04103992952872891,0.20646372048625983,0.0007369181967593006,0.6413296828723273,0.1609286635336392,0.10586745828604424,0.0832621687335718,0.08673613747912401,0.011964622442962434,0.1759371149559723,0.03322522929328181,-0.03418094550449294,0.4188937904063884,0.5012470999553614,-0.40605069681248196,2.0708783706344986,0.9957821304246884,0.03533172999304757,0.23563745985975307,0.2993022160310198,0.5020072938412751,2.6508853706510536,28.192836546622885,0.18292703813343034,0.1823601273894914,0.2582612244793368,0,0,100.0
C037,MockCompany_037,Bio,2021Q3,839.0325287043826,197.7074938038417,153.481735373678,1057.4340567292752,353.4201274596895,704.0139292695857,793.0755425469564,299.17383502309923,251.12429516363125,7.012685419173669,2788.884220405472,0.0637730752057817,0.1823601273894914,0.2861002592215784,2.251233613323377,1220.5721202698478,2.5733152486873045,100.6653509489189,0.2582612244793368,0.0556195973087287,2021Q3,0.23563745985975307,0.18292703813343034,0.2180095151422604,0.14514544372465518,0.5020072938412751,2.6508853706510536,0.2993022160310198,28.192836546622885,3.323928602278017,0.03533172999304757,0.18461596014743886,0.0637730752057819,0.08294674345120301,0.06733779780510088,0.21618830027742422,0.016851524576682292,0.5948888865286431,0.13935300523658703,0.17034571086770275,0.1262482852915688,0.0790817833880099,0.015727158190778964,0.17807811910047866,0.02378465108081168,-0.26397048603797224,0.38371557028944836,0.5702714058838204,-0.5064983306780387,2.054763737784693,0.8243369221582766,0.04750093695724589,0.24184459341214343,0.20496659409659973,0.4524401146273325,2.253833529950818,53.96671796515428,0.19332126532394545,0.1531671822544381,0.3029064125245618,1,0,100.0
C037,MockCompany_037,Bio,2021Q4,878.887359955448,212.5541562237393,169.90761650400242,1125.3957080830082,350.5646518839648,774.8310561990435,844.0467810622562,374.4938434199356,180.14254876482542,3.938615579828599,2821.207970029378,0.0115902085096982,0.1531671822544381,-0.4217300459084657,2.165328081228417,1215.8013702273347,2.535468852822883,102.15983745837582,0.3029064125245618,0.0579317005689854,2021Q4,0.24184459341214343,0.19332126532394545,0.21928343623353191,0.15097588811074372,0.4524401146273325,2.253833529950818,0.20496659409659973,53.96671796515428,3.2099767257651526,0.04750093695724589,0.0750940803216491,0.011590208509697941,0.07113147461988396,0.05182654955994409,0.22260237356110404,0.01881162578635911,0.5592766935533156,0.1342351911125646,0.179000931674927,0.10452465936288971,0.06220888966843197,0.03610642380141258,0.17185038488896853,0.023071160460500457,-0.15746565713935384,0.34301991906194174,0.49431212446598904,-0.4827219159562908,2.0100193379861553,0.7990935138409416,0.02947809982376226,0.21245661401995766,0.11756162777724206,0.45041798709303926,2.7380216837501936,48.966625683101725,0.1571829942392404,0.4042167243320123,0.3985187742664058,0,0,100.0
C037,MockCompany_037,Bio,2022Q1,904.7952892860576,192.22974354313632,142.21843274369942,1159.8159578964778,360.1733940169737,799.6425638795041,869.8619684223584,317.6972533059688,106.36920701376712,3.925729837669982,2982.4551051782546,0.0571553521973063,0.4042167243320123,-0.076904219275046,2.143884569790476,1243.338253352233,2.58062538550802,102.7075803467878,0.3985187742664058,0.1407304790552125,2022Q1,0.21245661401995766,0.1571829942392404,0.17785250456596763,0.12262155195856587,0.45041798709303926,2.7380216837501936,0.11756162777724206,48.966625683101725,3.2962761195720964,0.02947809982376226,-0.09561992595999413,0.057155352197306275,0.06071813092085354,0.04716366964273922,0.22397032698100142,0.017446818729152425,0.4831003322905124,0.03803586243539962,0.19664328507967826,0.07720036544210285,0.05692875976391642,0.03448136094379829,0.23479373346791788,0.11455254506263886,-0.0880835279534798,0.35472370666156716,0.359496341620962,-0.3023409894236557,2.0265799603601433,1.1574592052599852,-0.013623152213414591,0.2121813850350262,0.13938557899463894,0.4287421892580337,2.9986019880120844,33.72152164940114,0.17855914802050032,0.2379227464459456,0.454303505146668,0,0,100.0
C037,MockCompany_037,Bio,2022Q2,892.4691253381332,189.36533511545568,159.35852665515674,1202.3471796990357,360.8047455647129,841.5424341343228,901.7603847742768,300.7269348771085,124.39732577023406,5.615563172105464,3209.246363846474,0.0760418013583695,0.2379227464459456,-0.5225442571493295,2.2428516870666746,1234.0277120499995,2.1623245426257465,104.19232232288356,0.454303505146668,0.0674846559333718,2022Q2,0.2121813850350262,0.17855914802050032,0.18936481416875453,0.1325395271396685,0.4287421892580337,2.9986019880120844,0.13938557899463894,33.72152164940114,3.5959186404649897,-0.013623152213414591,-0.014900963684830959,0.07604180135836947,0.02467190364016028,0.026610821637384065,0.2255300130817201,0.015464212939188314,0.4584018962049201,0.030986096685908838,0.19030400422487512,0.08160829426363451,0.052140109317788924,0.02814287295474353,0.24441669510547184,0.11218394404167167,-0.15300873120805353,0.33777107771831477,0.33794381181625055,-0.26190201045788103,1.9120199940073472,1.0299973293109284,-0.02345912471938494,0.1872277631108828,0.057022503488444516,0.5134850952774497,2.5780769031317368,37.5755380281298,0.1400148625244183,0.1410172680367349,0.2480714255257594,0,1,100.0
C037,MockCompany_037,Bio,2022Q3,871.5325808186255,163.17509558511316,122.02751448901137,1156.6008519154195,392.40379736637567,764.1970545490439,867.4506389365647,336.47197951319646,49.69696963008015,4.342588399542848,3177.681152509317,-0.0098357083746366,0.1410172680367349,0.3032816992515517,2.142543499393521,1230.5165105511962,1.9832531014925336,103.1229058783089,0.2480714255257594,0.0474832254987006,2022Q3,0.1872277631108828,0.1400148625244183,0.15968069199227766,0.10550529535476215,0.5134850952774497,2.5780769031317368,0.057022503488444516,37.5755380281298,3.6460841768197505,-0.02345912471938494,-0.13830535305933578,-0.009835708374636654,0.009974189962052155,0.0339768564774566,0.21342758889450253,0.022334225104937194,0.46127134656396374,0.03642438605784454,0.12973407608923132,0.0610688806787048,0.033737913422684354,0.03969540998943014,0.23408098026728272,0.12133813335582003,-0.08048162820782945,0.41734642949787426,0.22079114187994237,-0.23062685025457896,1.813183763475478,0.8064351230603686,0.050621910549516924,0.20146590906995498,0.23684843392064353,0.5092843198533569,2.634942180853142,34.72810279453349,0.1583452495331509,0.1751080455616515,0.2935265326043356,1,0,100.0
C037,MockCompany_037,Bio,2022Q4,915.6512251658156,184.47250646925056,144.98902173437477,1232.2655152384116,415.8086694152004,816.4568458232112,924.1991364288089,350.74740658139854,216.8705586982788,5.311908557917539,3514.7829243102187,0.1060842027950798,0.1751080455616515,0.1525689222090808,2.1024371456385214,1217.0754435749284,2.1388963795279983,103.51668374452387,0.2935265326043356,0.1111887902235392,2022Q4,0.20146590906995498,0.1583452495331509,0.17758320292851326,0.11766053658184655,0.5092843198533569,2.634942180853142,0.23684843392064353,34.72810279453349,3.838560827207856,0.050621910549516924,0.13051875844024585,0.10608420279507991,0.010754433360119914,0.03514173994052972,0.2033329178089554,0.01189396113274661,0.47548239787046986,0.042425019067752555,0.13770453604524224,0.07471649867402104,0.05736141199402975,0.049120134149949424,0.23956619609408605,0.11687492141471734,-0.1862265233711266,0.40668089137902663,0.48893625354011544,-0.38285205074503564,1.8495893668807604,0.8753154695450137,-0.026308443197669007,0.18597753311327866,0.07030108774979392,0.5924957189813926,2.95681015594936,24.649030607691955,0.14308403515247653,0.3684470429473203,0.2817564128264087,0,1,100.0
C037,MockCompany_037,Bio,2023Q1,891.5618669196647,165.81047662777445,127.56826950708398,1254.7411854988154,466.8325145098645,787.9086709889509,941.0558891241116,318.26726759162005,62.677769040759735,6.726855885009236,3426.9809661790405,-0.0249807626877581,0.3684470429473203,-0.0792537611860486,2.1467954831211564,1226.4918009824855,2.2855431046206047,101.03406949400774,0.2817564128264087,0.0976825914775978,2023Q1,0.18597753311327866,0.14308403515247653,0.1619074319194934,0.10166899037132367,0.5924957189813926,2.95681015594936,0.07030108774979392,24.649030607691955,3.8437949101786666,-0.026308443197669007,-0.10116428837370872,-0.024980762687758173,-0.003192202395237903,0.03628531473139485,0.19671314758228567,0.012477727467378583,0.5110018308425582,0.06687555329079763,0.12588940103838023,0.08231395983269901,0.03682738327276365,0.06411439948849296,0.2306237757479131,0.10026606351283093,-0.09660953094746293,0.4823048267850548,0.22997017766540356,-0.2549509403531617,1.9192660460043618,1.1325082825587838,0.04824491291913513,0.23586118642862958,0.2547894818306023,0.5152254905754738,2.8291080205334906,40.66158137969361,0.18538461766242995,0.179496511274462,0.339044721530826,1,0,100.0
C037,MockCompany_037,Bio,2023Q2,934.5751915512254,220.43001348627163,173.25586456270153,1415.3865489487564,481.2770334002254,934.109515548531,1061.5399117115674,375.2207070229017,238.1199287873274,5.421088063134032,3555.569216807742,0.0375223124662034,0.179496511274462,-0.3849465557742817,1.9832647732359343,1194.7643786127976,1.940916540061428,101.2177861504808,0.339044721530826,0.018322244384765,2023Q2,0.23586118642862958,0.18538461766242995,0.1854770363416929,0.1224088675219223,0.5152254905754738,2.8291080205334906,0.2547894818306023,40.66158137969361,3.804476353478137,0.04824491291913513,0.32940944365724123,0.03752231246620341,0.012274813887899527,0.04293378600594398,0.2026330979306865,0.02323933716324459,0.5326226561719183,0.03999320442310657,0.15474037674737107,0.10556251348748887,0.027197511049722126,0.05894557730079777,0.21601721695504217,0.10306497374194953,-0.20654456891146716,0.3937037950900699,0.538895581178367,-0.5013732687121636,1.731892773237916,0.9122450278953579,0.04048392386867716,0.169789897633681,0.10610588954287437,0.4931013380921436,3.2906910978241,26.16161855840859,0.12221900514678741,0.1662085512633814,0.4528846039765105,0,0,100.0
C037,MockCompany_037,Bio,2023Q3,972.4104624555396,165.10547287841624,118.84703931576573,1498.2077511575824,494.7877468118154,1003.420004345767,1123.6558133681867,341.4649932070165,103.17847711974896,6.310980816559156,3632.7916078596977,0.0217187140351291,0.1662085512633814,-0.2351332558568047,1.7829844293605797,1196.2532732038942,1.934149161129308,100.51303262023362,0.4528846039765105,0.0528438257995137,2023Q3,0.169789897633681,0.12221900514678741,0.11844196727285294,0.07932614100004479,0.4931013380921436,3.2906910978241,0.10610588954287437,26.16161855840859,3.7358623216397775,0.04048392386867716,-0.250984608370044,0.02171871403512915,0.028260576034915053,0.03663600730723437,0.19827363156138605,0.028198889174927935,0.5275267168755917,0.044310206335978694,0.16701122326097853,0.09245641974491454,0.03508611665216355,0.05426288090510218,0.2223150377617038,0.09757804925608676,-0.0656219656741972,0.4093777123744474,0.31637971104523255,-0.29466099701010345,1.6598727386326289,1.0284708676143393,0.02161345060812092,0.2277988888902806,0.19676673389180818,0.5378472872913439,2.701198257132071,20.876651851603977,0.1920075429422051,0.1481378100738316,0.2275610283414457,0,1,100.0
C037,MockCompany_037,Bio,2023Q4,993.4276079566424,226.3017052856802,190.7455940948991,1569.1215121020984,548.7851464117828,1020.3363656903156,1176.8411340765738,435.6737351531368,195.47350577577697,10.83994248088285,3801.298024155212,0.0463848286620524,0.1481378100738316,0.1631535745224313,1.7166636297678008,1175.996404584945,1.728752640101361,98.59533986717308,0.2275610283414457,0.0833367878153481,2023Q4,0.2277988888902806,0.1920075429422051,0.18694383588461236,0.12156202857689599,0.5378472872913439,2.701198257132071,0.19676673389180818,20.876651851603977,3.826446933531659,0.02161345060812092,0.37064932700522246,0.04638482866205251,0.021008461049566052,0.03346826059801487,0.20485687651646745,0.03200898717647337,0.5346674587350885,0.042661268554294064,0.1569907982537697,0.08416469451225195,0.020161273118906704,0.03177687613931742,0.21557247888974881,0.10272347943903479,-0.17515328328368726,0.4153262728537242,0.4461790733902097,-0.3997942447281573,1.55869461582969,0.7910251112690014,0.05290855003233008,0.18103536448207103,0.108073179320166,0.5868999922018572,2.4875913219880306,20.517753831695508,0.15988979828131886,0.2015800338447489,0.3848055613521054,0,1,100.0
C037,MockCompany_037,Bio,2024Q1,1045.9884222557143,189.36089526727068,167.24287783922102,1602.950984126722,592.836300149689,1010.114683977033,1202.2132380950416,483.2840617613067,113.0432943253674,9.229124045451366,4311.748208714184,0.1342831267938831,0.2015800338447489,0.086796628599539,1.7840661225223866,1171.2390806505446,1.938374362002868,97.96060049350656,0.3848055613521054,0.0784099066407218,2024Q1,0.18103536448207103,0.15988979828131886,0.1655682077411104,0.10433436798457664,0.5868999922018572,2.4875913219880306,0.108073179320166,20.517753831695508,4.12217584532304,0.05290855003233008,-0.1632369936045155,0.13428312679388332,0.040812709357065824,0.013787272486315356,0.20362133435866553,0.03305880795776647,0.5332685270402047,0.04015077140678546,0.1664338211463627,0.07250800465349111,0.059977245489317,0.050576862423305696,0.17385572661410598,0.022511820487770645,-0.055164629287835915,0.4806503381990693,0.34201709383456713,-0.20773396704068403,1.6542258937790022,1.0670359333959236,0.03754585881087902,0.22361448160109856,0.18889250397580343,0.4749220890094255,2.585543060527692,48.688013639946426,0.19017459045822374,0.1114225999606079,0.3281936603158759,0,0,100.0
C037,MockCompany_037,Bio,2024Q2,1085.2609558755414,242.6800660502455,206.3890578241217,1752.2651362567303,564.2260192664243,1188.039116990306,1314.1988521925475,508.2873583709501,204.99765942269383,4.984390363431235,4021.8779173614193,-0.0672280191980894,0.1114225999606079,-0.0517829865109749,1.81312715174208,1180.61792547119,1.8605168426756864,97.72086524865747,0.3281936603158759,0.0418511223578957,2024Q2,0.22361448160109856,0.19017459045822374,0.1737224430343669,0.11778414895870253,0.4749220890094255,2.585543060527692,0.18889250397580343,48.688013639946426,3.705908607126695,0.03754585881087902,0.2815743488523237,-0.0672280191980894,0.038137945830001796,0.01287224236922175,0.2005596581517828,0.02944756232778715,0.5231926766486925,0.0500297176860688,0.149959576682663,0.049612830845048014,0.0337896625732438,0.08288114861843585,0.15683724878564245,0.03754068320625168,-0.1513466451649244,0.36872263227467206,0.450052844387781,-0.5172808635858703,1.6399607756875754,0.8083388925511559,0.038315030162705765,0.22654384139708206,0.2758465136598429,0.41284050118462395,2.731003784341125,20.73279820716486,0.16901082839069861,0.1494564261658326,0.354270618666414,1,0,100.0
C037,MockCompany_037,Bio,2024Q3,1126.8427621343196,255.27928798463373,190.44862869455332,1840.0923715412985,537.6860701944557,1302.4063013468426,1380.069278655974,505.3340777358883,310.83564737785554,12.312823643635392,4609.321293537361,0.1460619611649819,0.1494564261658326,0.3385745873740831,1.9053551545150544,1160.02584622424,1.8089675185381944,97.95571954626014,0.354270618666414,0.0773689715513825,2024Q3,0.22654384139708206,0.16901082839069861,0.1462282764583223,0.10349949363407566,0.41284050118462395,2.731003784341125,0.2758465136598429,20.73279820716486,4.090474242211834,0.038315030162705765,0.05191700389507736,0.14606196116498182,0.03759572240350895,0.012785872304513215,0.21474814409263307,0.022543468119434334,0.5031274674218127,0.07565399624495966,0.19239473271190513,0.06857041176828273,0.06487547435570701,0.09866087513075184,0.15264921751125526,0.03707832023960129,-0.23753148349713715,0.31931402816196264,0.5407053852196307,-0.3946434240546488,1.648020689435909,0.8230410729942093,0.06299690083071585,0.13459356216188312,0.06886423792933075,0.4019173478129625,2.800176813575242,20.383921913530656,0.08066673433128127,0.1024944722804095,0.4852037874120339,0,0,100.0
C038,MockCompany_038,IT,2021Q1,494.91402394730943,71.50613837831068,59.79922773877622,885.4680217484383,402.33719016424254,483.1308315841958,414.81843990204345,238.59378363769463,48.58097401209748,8.381125395226707,658.1048446082378,-0.1643810044778518,0.2050674522955876,0.2905632328810842,2.0205254802784958,1193.2379726502618,2.635818022737196,100.25365636197508,0.322650948114803,0.0584977269964029,2021Q1,0.14448194013144197,0.12082750709246796,0.12377439780146005,0.06753403428463695,0.832770677963437,1.738597014456202,0.09816043122910464,8.531806290656823,1.3297356970368912,0.029321658588051358,0.016305366076255545,0.03901112242922311,0.028748223617539495,0.04103992952872891,0.14908296294256101,0.02851283501543619,0.6270378788260513,0.06156726049581937,0.09118377837234426,0.043601873648594996,0.043950407107197303,0.10004747440174336,0.2019274246561828,0.07374245419873522,-0.09816043122910464,0.7124503547267033,0.24264237136054662,-0.4070233758383984,1.9876916178505706,1.240168755137094,0.04583650344485535,0.14881904962564438,0.07318235292822796,0.9642899891456742,1.1729610069438698,16.719360932952576,0.10708351176282913,0.3821231754754218,0.3781883890872728,1,1,89.46725052132385
C038,MockCompany_038,IT,2021Q2,517.5991523108775,77.02861393409275,55.42633491501931,919.7234603208752,451.5016267819664,468.2218335389089,474.3618840946598,404.4140267965333,37.87912383983944,4.607150609779343,748.1557991068031,0.136833751090484,0.3821231754754218,0.3996162056281397,2.0759974483704835,1218.0780882130812,2.3668488514424744,101.79647947765412,0.3781883890872728,0.0477146133106305,2021Q2,0.14881904962564438,0.10708351176282913,0.11837622884003132,0.06026413080255861,0.9642899891456742,1.1729610069438698,0.07318235292822796,16.719360932952576,1.445434745719994,0.04583650344485535,0.077230789985677,0.136833751090484,0.028748223617539495,0.04103992952872891,0.14665049487854318,0.003066799534099079,0.8985303335545556,0.0929981967939437,0.08567139207866631,0.017662168547558466,-0.0137736266936839,0.21299099625581863,0.2935953138855047,0.12519730250834896,-0.02734584948337261,0.820785269397492,0.2678379059987277,-0.1310041549082437,1.9204196313984596,1.5810968339601865,-0.015070871087408344,0.16526919602852777,0.09977333131185906,0.9246180358733447,1.7298587754333135,8.015238907741207,0.15156845227052704,0.3112437002951478,0.3633354254323149,0,0,97.20316700583517
C038,MockCompany_038,IT,2021Q3,509.7984822114484,84.25398529181506,77.26936691880461,880.0883012259412,422.80883858926586,457.27946263667536,516.9049173254718,298.8133624921272,50.8642928680655,10.511724759997657,761.0886766653065,0.0172863427296072,0.3112437002951478,-0.1889859260806344,2.3092612172326694,1217.220180503526,2.40843031122944,101.28884359835324,0.3633354254323149,0.0939567601001331,2021Q3,0.16526919602852777,0.15156845227052704,0.1689762458893302,0.08779728898916449,0.9246180358733447,1.7298587754333135,0.09977333131185906,8.015238907741207,1.4929206406466662,-0.015070871087408344,0.09380113426296988,0.017286342729607274,0.015382816178723502,0.04306801755603248,0.15285672859520472,0.010966067687583106,0.9072262343274854,0.06746249605684967,0.09037203848973056,0.014908532085578893,-0.003420303552586866,0.15167121066047767,0.2994781093553857,0.08911231186152045,-0.1148442023992674,0.7718071564510806,0.24997165625297849,-0.2326853135233713,2.016358089112796,1.4463862821785431,0.057061092768039945,0.18264896297065228,0.08086337405782103,0.9413973571038196,1.4174344356561757,8.845622718199767,0.16821487696178924,0.1382226635378461,0.2983224141950251,1,0,95.03136245902144
C038,MockCompany_038,IT,2021Q4,538.8881406979218,98.42736005584102,90.6490022838365,975.5894239833864,473.0702357231164,502.5191882602701,656.5500036462745,463.1960301859882,43.5763132966606,11.127239221324944,852.0353064281313,0.1194954445535908,0.1382226635378461,-0.3865449548693182,2.1709206282760265,1229.2638990935168,2.4503917636426875,101.21888990740538,0.2983224141950251,0.0880650674152503,2021Q4,0.18264896297065228,0.16821487696178924,0.18038913617902727,0.09291716377327935,0.9413973571038196,1.4174344356561757,0.08086337405782103,8.845622718199767,1.5810986401056573,0.057061092768039945,0.16822201009170357,0.11949544455359074,0.029275575041828983,0.03881305598105551,0.1603047871890666,0.01737999043793857,0.9157690150215688,0.057671847471383,0.08799487238175317,0.01306827816192665,0.027308633473957553,0.13825040462364657,0.25916424790100084,0.10860401673813273,-0.023802281289781083,0.7694521060854941,0.32057342979651327,-0.20107798524292247,1.9862385068996051,1.2059971838183652,0.07438240717211109,0.1719310492061275,0.1545105529147018,0.8386867713166222,1.6028633211372103,13.176009368301068,0.1276924402879413,0.136758823477897,0.4376292416264041,0,0,100.0
C038,MockCompany_038,IT,2022Q1,578.9719377995365,99.54325272695102,73.93033959598867,1059.1577429004035,483.1174083407889,576.0403345596148,585.8569595703025,365.5064981791722,89.45727423165724,7.554886303682877,930.6044323696464,0.092213462691927,0.136758823477897,0.0592776630757537,2.272933381198281,1238.8532008666882,2.421558355500756,103.05309071869992,0.4376292416264041,0.0647021285022271,2022Q1,0.1719310492061275,0.1276924402879413,0.1283422968156915,0.06980106607488665,0.8386867713166222,1.6028633211372103,0.1545105529147018,13.176009368301068,1.6073394436091857,0.07438240717211109,0.011337220367151124,0.09221346269192687,0.04055228307439951,0.03889677089339245,0.167167064457738,0.01417317048864256,0.9172480383598651,0.054840144275035176,0.10208240280315248,0.036694698976552365,0.09145725026640225,0.052748025391125095,0.2420870906965782,0.12419689313835232,-0.08012814574259072,0.6944904747688558,0.4008240092929404,-0.3086105466010134,2.0147280681046693,1.268878539873157,0.08729966514592236,0.13260001719457082,0.11865536270521512,0.6991604275073808,1.5272708717039447,8.720372415628793,0.08619160364118168,0.3017654309341764,0.2402097476182605,0,0,97.48282867524946
C038,MockCompany_038,IT,2022Q2,629.5159940983218,83.47383164182742,54.25899304919321,1167.8798115154668,480.55223925790574,687.3275722575611,614.3275475195121,402.2387638628845,74.69544860858909,9.572278298975384,881.0311907088125,-0.0532699393388908,0.3017654309341764,-0.0424449352218394,2.066654081755275,1241.9237370499775,2.328390403252308,102.1751240691056,0.2402097476182605,0.0417894079363667,2022Q2,0.13260001719457082,0.08619160364118168,0.07894197066894602,0.04645939805975332,0.6991604275073808,1.5272708717039447,0.11865536270521512,8.720372415628793,1.3995374207598097,0.08729966514592236,-0.16143154503100599,-0.05326993933889068,0.05091807349966626,0.04570365652350066,0.1631123063499696,0.02156465580578273,0.8509656479502918,0.11075222199772755,0.11345065524739925,0.03142188335930412,0.04393132765905855,0.07788697335087554,0.22199765456126683,0.09765869524701142,-0.03135569755929277,0.6064517427981386,0.3385550450457083,-0.3918249843845991,1.9108426908676472,1.1484269213505756,0.022059926396301943,0.14292031563545746,0.16053960510544132,0.6214350577899243,1.9338159198089775,12.004501285795268,0.10421084345986015,0.1157852662306774,0.268212279699866,0,0,100.0
C038,MockCompany_038,IT,2022Q3,643.4030705934257,91.95536993017784,67.04957667130904,1223.9777901107768,469.1046397926369,754.8731503181399,689.4577359704837,356.5270762879305,103.29167487685748,7.660074144602961,823.9217810524242,-0.0648210985702358,0.1157852662306774,0.0879402627491077,2.2305243605340217,1216.2442263097407,2.244856115862391,102.5022499450806,0.268212279699866,0.0395799218441225,2022Q3,0.14292031563545746,0.10421084345986015,0.0888223096065376,0.054780059910389305,0.6214350577899243,1.9338159198089775,0.16053960510544132,12.004501285795268,1.2805686181932912,0.022059926396301943,0.10160715186459046,-0.06482109857023588,0.06020077287059383,0.028284568672297315,0.157525086251702,0.023617079570296646,0.7751699034294366,0.14268590453044946,0.1286422236957948,0.03682919703416248,0.023404467334097803,0.09597025383410149,0.17313304604514923,0.08636526532903946,-0.13847967870913938,0.5326193631836496,0.3255198471372007,-0.3903409457074365,1.9312564346316665,0.9166169091141929,0.07830900659569284,0.17157431506327733,0.13665559103674949,0.6043904242369847,2.038013445417465,11.530059545045857,0.1298344337188159,0.3793219911309068,0.4325619784536939,1,0,100.0
C038,MockCompany_038,IT,2022Q4,693.7873258922153,119.0360852397112,90.07748457863718,1294.5439356705367,487.6680555146258,806.8758801559109,606.5020166443846,297.59470822240394,94.80991707374326,10.3239783596198,943.9025329557692,0.1456215318765931,0.3793219911309068,-0.0034367387955551,2.189689692904575,1236.3490800328234,1.8477679870688024,101.5483497780754,0.4325619784536939,0.0592042670077249,2022Q4,0.17157431506327733,0.1298344337188159,0.11163734942866314,0.06958240821074184,0.6043904242369847,2.038013445417465,0.13665559103674949,11.530059545045857,1.3605070282028335,0.07830900659569284,0.2944984651804008,0.1456215318765932,0.06551275132750706,0.02946881149013483,0.15475642427485828,0.020073274392685046,0.6909181702127281,0.10679957555021122,0.14259027794052692,0.01890654187576791,0.029935989164848374,0.10514079562762603,0.23340787794341442,0.12798411619335295,-0.05834658444105664,0.5006925511677205,0.38653891269571966,-0.24091738081912656,1.7840149120005293,1.3125765207523212,0.1385860418719962,0.11871979027506856,0.11613954794836068,0.47203359335607065,1.255238870611362,19.28330583249219,0.07655524524645442,0.1369865438061014,0.2821691910413509,0,0,96.70343863491982
C038,MockCompany_038,IT,2023Q1,789.9365652885741,93.78110336178624,60.4737874848852,1480.240820827591,474.6653859271301,1005.575434900461,734.138767524144,584.8598101215011,91.74287560061184,4.86333122324299,1094.186471790524,0.1592155265906009,0.1369865438061014,-0.0641723119554163,1.992234641552573,1197.917727211876,2.0542691801826205,102.30030294255948,0.2821691910413509,0.0687958704427407,2023Q1,0.11871979027506856,0.07655524524645442,0.060138489252982985,0.040854019585160425,0.47203359335607065,1.255238870611362,0.11613954794836068,19.28330583249219,1.3851573909474848,0.1385860418719962,-0.21216240291393373,0.1592155265906008,0.08156366000247833,0.04773447695656967,0.14145360954209354,0.022395094431445283,0.5992548757225902,0.09431279216785146,0.13299752669894166,0.020508832513718715,0.046686505139516846,0.12230584159128942,0.23346480802546551,0.12792683192224225,0.022446493923635513,0.41599386415005096,0.37344538009542544,-0.21422985350482454,1.7756516557708804,0.8575960929211388,0.05505946281929752,0.16020118388129212,0.14287485437057323,0.41817563991378387,1.60914368668363,17.6473826385204,0.12473547499782994,0.1585538101405285,0.4714318273325186,0,0,100.0
C038,MockCompany_038,IT,2023Q2,833.4300482346839,133.51648040959896,103.95829294414236,1558.7658670760984,459.6313006619951,1099.1345664141031,795.5934269936458,494.420376238568,119.07619676973316,7.565795060198565,1120.4914045063704,0.0240406305451766,0.1585538101405285,-0.1147332686313326,1.8470881086639,1192.1977672028495,1.9930041986392173,102.47329712021364,0.4714318273325186,0.0736376638157904,2023Q2,0.16020118388129212,0.12473547499782994,0.09458195212912729,0.06669269268711826,0.41817563991378387,1.60914368668363,0.14287485437057323,17.6473826385204,1.3444336532842514,0.05505946281929752,0.42370345009188726,0.0240406305451768,0.07350360942082212,0.04914418895032497,0.14835390121377387,0.023001812314907374,0.5290086788241909,0.0995911072810756,0.13905239961528118,0.018321705006221833,0.06601414761053369,0.10630689919832505,0.19766190282705354,0.12235891659212807,-0.08781539155127571,0.3511834073292788,0.3581355010711629,-0.3340948705259863,1.7016916377169458,0.9811690448023258,0.04854892015874879,0.15158796360294566,0.1757481946955018,0.3639714427352277,1.8766016647162886,18.065443450249763,0.12614351947516186,0.1301124852425926,0.2676838564160694,0,0,100.0
C038,MockCompany_038,IT,2023Q3,873.8921771043317,132.47153553594197,110.23583486187802,1694.4340739527292,452.154345167171,1242.2797287855583,862.9995747853936,459.8736061091518,153.58497248478378,7.332869291733054,1205.6110902696223,0.075966388872703,0.1301124852425926,0.0087275501068625,1.8182225651843007,1199.7652726604124,1.8301377232969336,101.93299745802632,0.2676838564160694,0.0787244139167265,2023Q3,0.15158796360294566,0.12614351947516186,0.0887367251573483,0.06505761218827348,0.3639714427352277,1.8766016647162886,0.1757481946955018,18.065443450249763,1.3795879192591833,0.04854892015874879,-0.00782633627288054,0.0759663888727029,0.08012585786143384,0.04101349866470113,0.15052081320564592,0.02272592782329444,0.46464277506051677,0.1030823965675368,0.14285454701279632,0.024725902076355024,0.1012110194712684,0.06305916998957534,0.20124370758003232,0.11933557209721538,-0.127199274536753,0.30879775292136835,0.3758850784571962,-0.2999186895844932,1.6368556827665555,0.7065940945800304,0.04983903818291768,0.17576271999404117,0.14763452006169733,0.3800288952597296,1.6546775727332816,24.23861142195032,0.11893141826084863,0.1295849640691026,0.2617904368818933,1,0,100.0
C038,MockCompany_038,IT,2023Q4,917.4461226867876,161.25282597159236,109.11316854917511,1749.8336564423582,481.8648027085752,1267.968853733783,1012.2581347671074,611.7555174772525,135.4467180054766,6.652725403292876,1449.2806708470011,0.2021129222715465,0.1295849640691026,0.1236226576489212,1.9131233411240545,1178.0068480647587,1.956560608557414,100.01575904654288,0.2617904368818933,0.0469249739886894,2023Q4,0.17576271999404117,0.11893141826084863,0.08605350851307107,0.06235630921110191,0.3800288952597296,1.6546775727332816,0.14763452006169733,24.23861142195032,1.579690223771538,0.04983903818291768,0.2172639602855777,0.20211292227154676,0.07300836575824005,0.04380896765320752,0.1515679144383369,0.02407572512004224,0.408552392816203,0.04803998587864343,0.14559927926903327,0.02441582524368185,0.11533386707000676,0.08029208727877443,0.1388094508145813,0.013587875490445454,-0.09779548187877965,0.31323398295254895,0.3732362782386562,-0.17112335596710967,1.7077914368079417,0.7046093839035449,0.05148571561288362,0.24211263852693513,0.1772134337037548,0.3833007732104136,1.547690014469773,44.18391490298448,0.20174213376031291,0.2096364494729033,0.242575420524103,1,0,100.0
C038,MockCompany_038,IT,2024Q1,964.6814928495824,233.5615815721572,194.61690276676052,1733.7470768680992,480.4064365357916,1253.3406403323074,1245.543561806345,804.7758596100468,170.9545197785159,5.286122382790415,1575.4105212926008,0.0870292780292763,0.2096364494729033,-0.3986142293250312,1.856069769868515,1195.786511472966,1.8203187785921824,99.41921219950868,0.242575420524103,0.0926751906082499,2024Q1,0.24211263852693513,0.20174213376031291,0.15527853841474815,0.11225218797092999,0.3833007732104136,1.547690014469773,0.1772134337037548,44.18391490298448,1.6330887790096882,0.05148571561288362,0.44841853260483844,0.08702927802927629,0.0512332841934619,0.0028197574781703453,0.1824161265013035,0.04103584071465391,0.3863691877797887,0.022824868438051014,0.16086775070788178,0.018142690702782616,0.0972873049296756,0.075085049414849,0.15697192723128175,0.03762769207054438,-0.1257277180908712,0.290498811659026,0.4708117878435735,-0.38378250981429723,1.6454719454031337,0.7427106816560323,0.027110161470328853,0.237734250724117,0.19632789088951424,0.3596416020588899,2.017296377734458,23.409802158981275,0.19612317954792408,0.1341732433981027,0.3442021732413372,0,0,100.0
C038,MockCompany_038,IT,2024Q2,990.8341638881724,235.55521754404933,194.3255466266534,1807.6909175959024,478.15604983503295,1329.5348677608692,1051.5794043684575,521.2815607924829,194.5283816176365,10.062247255270703,1576.2506179492525,0.000533255710367,0.1341732433981027,0.004212907782945,1.783990663832927,1171.8925897528477,1.872028250324267,100.12791101675892,0.3442021732413372,0.0653535157793951,2024Q2,0.237734250724117,0.19612317954792408,0.1461605493308948,0.10749932122521517,0.3596416020588899,2.017296377734458,0.19632789088951424,23.409802158981275,1.59083192263197,0.027110161470328853,0.00853580438389101,0.0005332557103669977,0.044245958856219736,0.011486914907432196,0.20179939321200974,0.04515000091503166,0.37173567831606524,0.011677312788185415,0.17423100983761705,0.020056936644068907,0.0914104612209732,0.08320940551990592,0.1508767855456753,0.03922670966736546,-0.1692177294191854,0.27414247526419866,0.4611723030839601,-0.4606390473735931,1.631174396880872,0.7525178919036385,0.04927332128996165,0.20423991179813117,0.1975513026914976,0.3215454523030004,1.8850202732171046,22.824500604857118,0.18631683616193506,0.261062603718049,0.3870954333644682,0,0,100.0
C038,MockCompany_038,IT,2024Q3,1039.6558539905047,212.33921991963567,193.70538941293188,2019.413660641934,491.34388663418633,1528.0697740077476,1297.815722107573,688.4889995855307,205.38536830686317,9.303126652051471,1796.9896027523328,0.1400405381539315,0.261062603718049,-0.2890268259088921,1.7654928024782648,1179.420396979795,1.8178145793531983,98.87045501184636,0.3870954333644682,0.065398052981317,2024Q3,0.20423991179813117,0.18631683616193506,0.12676475427215864,0.09592160001099558,0.3215454523030004,1.8850202732171046,0.1975513026914976,22.824500604857118,1.728446577637427,0.04927332128996165,-0.09855862190814013,0.14004053815393136,0.04442705913902295,0.011582678879706187,0.2149623802608061,0.03113026021562814,0.36112918070800837,0.02838933584351872,0.17968178683661598,0.023306168367759596,0.10742899854128032,0.08538424203018377,0.1836143151645394,0.06334818921652546,-0.14827798140153595,0.2558730374855454,0.4510645357795904,-0.3110239976256589,1.6079837027349506,0.9040310745680626,0.08842196429905158,0.1318311142403335,0.14204252255785182,0.2773481451702105,1.4152555086654408,18.657943785845788,0.1169648320963645,0.1630033649572465,0.3732722192339646,0,0,100.0
C039,MockCompany_039,IT,2021Q1,372.4955741920838,51.07799214169221,36.9632563596501,752.3051662120046,232.92933922684105,519.3758269851635,564.2288746590034,227.90183075070595,50.82340627974884,5.140449644675412,871.9466758048761,-0.0945866983840236,0.2134183334172782,-0.0988692373970537,1.897052512364219,1196.2107218980514,2.3862705815151632,100.5956811009703,0.2850400691109534,0.0849975108495725,2021Q1,0.1371237557717017,0.09923139741920835,0.07116861131974636,0.04913332782987227,0.44847936142597267,2.475754024432206,0.13644029567289417,9.936483316136245,2.3408242572914464,0.029321658588051358,0.016305366076255545,0.03901112242922311,0.028748223617539495,0.04103992952872891,0.14908296294256101,0.02851283501543619,0.6270378788260513,0.06156726049581937,0.09118377837234426,0.043601873648594996,0.043950407107197303,0.10004747440174336,0.2019274246561828,0.07374245419873522,-0.13644029567289417,0.3869821870011489,0.27356405144459583,-0.36815074982861945,1.8580262994271992,0.8854405895293804,-0.06045980762827885,0.1946386492744293,0.11974453694963931,0.46078199963453276,2.1649387324778764,14.745149821796641,0.1809702581364488,0.0702264291031615,0.3667632046162189,0,0,100.0
C039,MockCompany_039,IT,2021Q2,349.97456343404514,68.11857630740526,63.33498708603109,694.0495768095153,218.92763733963136,475.121939469884,499.5638887856471,230.7519752356721,41.90754204268165,4.619727647118618,875.4438872070025,0.0040108088019236,0.0702264291031615,0.1534076419838874,2.192117725218313,1216.2309374391066,2.808266727385111,100.28111609874044,0.3667632046162189,0.0675543391990975,2021Q2,0.1946386492744293,0.1809702581364488,0.13330259418574444,0.09125426943862597,0.46078199963453276,2.1649387324778764,0.11974453694963931,14.745149821796641,2.501450044295816,-0.06045980762827885,0.3336189120050346,0.0040108088019237265,0.028748223617539495,0.04103992952872891,0.16588120252306549,0.04066917121500081,0.4546306805302527,0.008699278903757579,0.12809241631126675,0.011805684210267973,-0.04528794479105,0.06971896593927261,0.14182238126021984,0.10125196655152717,-0.18020434457791817,0.3710960136156967,0.2539233785957898,-0.2499125697938662,2.11500383964293,0.8080856473350772,0.09063588052677574,0.14498997068407748,0.05778563047693314,0.42866504714929016,2.2539255819794684,11.86559610917735,0.09971185687941282,0.2074692689047833,0.377007570710356,0,0,100.0
C039,MockCompany_039,IT,2021Q3,381.6948161528637,55.34192020441305,38.059498879947846,728.0249602095782,218.44088263882367,509.5840775707545,546.0187201571837,242.2523283467944,22.0564756012281,4.664065731155613,1002.7418209019164,0.1454095865596166,0.2074692689047833,-0.1153353517139728,2.1775230603299027,1224.0975722444755,2.4033708780095955,101.47662195405678,0.377007570710356,0.074253040428949,2021Q3,0.14498997068407748,0.09971185687941282,0.07468737850151665,0.052277739033754135,0.42866504714929016,2.2539255819794684,0.05778563047693314,11.86559610917735,2.6270773887002554,0.09063588052677574,-0.18756493155895926,0.14540958655961678,0.015088036449248443,0.106840785702487,0.15891745857673614,0.03118448224530336,0.4459754694032652,0.016204220613187964,0.10465682103315554,0.04144114462650096,0.018277898992505537,0.12063256854418249,0.163704677141741,0.08100916605184318,0.03285025004984259,0.3665129145298259,0.29341148168778636,-0.14800189512816975,1.970542150092167,0.9838400041948078,-0.011940785789671393,0.1634113706958573,0.09248884989264151,0.423780533929983,2.3240923762928625,10.501218336283431,0.10327239772394232,0.0872730727573206,0.609698661638193,0,0,100.0
C039,MockCompany_039,IT,2021Q4,377.1370801161544,61.62848720217754,38.94785053430507,766.1370760448831,228.03653471374597,538.1005413311372,536.5138262493904,230.84875270872595,34.880974791904606,5.868698775525864,1139.4029589100396,0.1362874621956062,0.0872730727573206,0.1690421561548482,2.148250737223172,1233.4337291896354,2.635661417484911,102.0855729150614,0.609698661638193,0.0871380481618205,2021Q4,0.1634113706958573,0.10327239772394232,0.07238024782113144,0.050836660634307335,0.423780533929983,2.3240923762928625,0.09248884989264151,10.501218336283431,3.0211904874378672,-0.011940785789671393,0.11359502840783597,0.13628746219560606,0.006078429036275164,0.07714269778773675,0.16004093660651644,0.02556097481458841,0.44042673553494466,0.017268612199200225,0.10161482824802703,0.034379168000241205,0.0477802897932807,0.11481742890733637,0.1445967760456359,0.07639003552037532,-0.10442963568231291,0.3545299760062622,0.24395943479882742,-0.10767197260322123,2.0443993729047194,1.0515017104017756,0.0427360590366368,0.12511729373854363,0.14696020603156013,0.3497595670194934,1.980291532165231,8.816017735105289,0.08463530494465683,0.1709763532977334,0.3943836921783867,0,0,100.0
C039,MockCompany_039,IT,2022Q1,393.2544326369032,49.20293036234085,33.28320882714694,852.1565893519986,220.8170455002291,631.3395438517695,576.3722223546558,291.0542276179285,57.79275244329053,5.581083413387349,1101.3379344228551,-0.0334078687346904,0.1709763532977334,-0.1861848211822836,2.1434056392372414,1218.6388604407312,2.2763620005568885,102.85579506803928,0.3943836921783867,0.1371094151699084,2022Q1,0.12511729373854363,0.08463530494465683,0.05271839717822063,0.03905762068027577,0.3497595670194934,1.980291532165231,0.14696020603156013,8.816017735105289,2.8005734786896452,0.0427360590366368,-0.20162034481024305,-0.03340786873469037,0.015242836536365573,0.0655993598085447,0.15703932109822694,0.02954383845255363,0.4157467869333248,0.0469535448175928,0.10424480583769352,0.03812918634348535,0.06307499720561399,0.09117121513183214,0.1339862810157497,0.0658671832762385,-0.10422414699492333,0.3059985965348496,0.31481355880674056,-0.34822142754143093,1.9125103320601649,0.8713586420109698,0.06740947581071799,0.1934040693817115,0.16695538105865956,0.32048230993393434,2.02485545312522,23.58665414314045,0.14471790144339186,0.2351793116482542,0.4670087504195537,1,0,100.0
C039,MockCompany_039,IT,2022Q2,419.7635078011981,81.18397058688691,60.74729395165095,937.9281082175308,227.63604208289533,710.2920661346355,694.3994502869944,342.9377880841882,70.0817763996356,3.441945180974744,1186.838273235278,0.0776331552197267,0.2351793116482542,-0.2435123661790965,2.271393509161799,1233.7234163400235,2.2106165037151517,101.8949891636085,0.4670087504195537,0.077823533412249,2022Q2,0.1934040693817115,0.14471790144339186,0.08552438756939572,0.06476753753230866,0.32048230993393434,2.02485545312522,0.16695538105865956,23.58665414314045,2.827397453983881,0.06740947581071799,0.6499824296852013,0.07763315521972669,0.04721015739611478,0.04401763862261634,0.15673067612504749,0.029021943210114375,0.38067186450817525,0.05397547460102099,0.11604751686494857,0.0499888760401717,0.08148058381006477,0.0822696188269723,0.17522450165202286,0.06425938288408112,-0.09954590524794157,0.2584997270278605,0.4277689262510891,-0.3501357710313624,1.93882052940894,0.9606877890956684,-0.022108587599062757,0.16719427972141648,0.08005775274541645,0.31617333147536936,2.151617940427647,25.963313136808292,0.12649314726319483,0.2719274805298041,0.5135761641233645,0,0,100.0
C039,MockCompany_039,IT,2022Q3,410.48312951808543,68.6304311777364,51.92330295131475,933.8907728795136,224.3407838728612,709.5499890066526,700.4180796596353,325.5308791105689,32.862356889203696,2.643361838689048,1160.1748196186525,-0.0224659536332122,0.2719274805298041,0.0222195274665456,2.072696934430868,1229.1372356566396,2.364474156981452,101.96194311405688,0.5135761641233645,0.0845081861486254,2022Q3,0.16719427972141648,0.12649314726319483,0.07317779403242969,0.05559890348971042,0.31617333147536936,2.151617940427647,0.08005775274541645,25.963313136808292,2.8263641942554183,-0.022108587599062757,-0.1546307641570096,-0.022465953633212243,0.01902404036465516,0.04302760251580689,0.16228175338438222,0.02813778340054065,0.352548935589695,0.04977674903928994,0.12161554743206941,0.04192639201260121,0.039511698761857575,0.08160328128807444,0.19133905455827807,0.08095437133164735,-0.1021663403444792,0.2633109590522243,0.22514344486777016,-0.24760939850098235,1.9217510526913035,1.048814603705393,0.018084979827267755,0.17473662968867829,0.15221734626736272,0.32457919279630176,2.208422521777329,32.569640763983244,0.15316580852024272,0.0722193581835471,0.1831274827664434,1,0,100.0
C039,MockCompany_039,IT,2022Q4,417.90670863485377,73.02360979131755,64.00901891424404,919.7926938582312,225.38899277325163,694.4037010849795,689.8445203936733,312.3698085800542,63.61265017587762,2.2420759961067858,1271.6436690605403,0.0960793559357955,0.0722193581835471,0.4346733046140535,2.0789837330325587,1217.7728992247596,2.0646743232184672,101.55148390132736,0.1831274827664434,0.0898433082432444,2022Q4,0.17473662968867829,0.15316580852024272,0.09217839538317579,0.06959070162394683,0.32457919279630176,2.208422521777329,0.15221734626736272,32.569640763983244,3.0428888619938306,0.018084979827267755,0.06401210859660589,0.09607935593579553,0.026530481768889946,0.03816978936488553,0.16511306813258747,0.028850113227730068,0.32774860030627473,0.015069988098840291,0.1365476715257497,0.03859921978567747,0.0294596721969049,0.066851739066522,0.18757562591483468,0.0874908578627894,-0.13413236644009496,0.2678633185800043,0.3450389557833088,-0.24895959984751329,1.815612189455287,0.5232101595299948,0.054315151496228786,0.20666932605268937,0.08068834816388715,0.32529176927385356,2.126275448095513,33.45254950041896,0.1530917353814483,0.2330285214398045,0.3464940287006161,1,0,100.0
C039,MockCompany_039,IT,2023Q1,440.6053748256462,91.05961587061556,67.45304145060476,981.5147642773736,240.9119875659221,740.6027767114516,736.1360732080303,346.2091771154368,35.55171988689243,2.722053093024272,1364.1385273588337,0.0727364595513036,0.2330285214398045,0.2417985006746799,1.9636317445695888,1214.6146071278506,2.018183321312978,102.46992474673615,0.3464940287006161,0.0,2023Q1,0.20666932605268937,0.1530917353814483,0.09107856947286906,0.06872340988186498,0.32529176927385356,2.126275448095513,0.08068834816388715,33.45254950041896,3.0960551216506302,0.054315151496228786,0.24698869490073427,0.07273645955130359,0.029425254883787944,0.0401938915434034,0.1855010762111239,0.017903111545756998,0.3216316508698648,0.004211045212241537,0.11997970705883147,0.04612863409167627,0.055995754268403405,0.0532646319889845,0.20308866795035246,0.08905384625065231,-0.02637319666765836,0.2580639385475393,0.34167282571280533,-0.26893636616150174,1.7580196551972536,0.8375864886879598,0.014616629215501886,0.14993049904292127,0.17469498741099915,0.313679204434255,2.1692240980904223,20.12220643099849,0.11832909713846491,0.2341185923384229,0.2861404894176324,0,0,100.0
C039,MockCompany_039,IT,2023Q2,447.0455402198299,67.02576094022136,52.898495154108105,1065.4613001249372,254.40994411030672,811.0513560146305,799.0959750937029,368.3787100627277,78.0966150210212,3.3309349623232767,1427.3058235605388,0.04630563167511,0.2341185923384229,-0.148682502324404,2.0236315012957564,1201.3681031194512,1.8566471989221969,100.72002231067968,0.2861404894176324,0.0913637989583269,2023Q2,0.14993049904292127,0.11832909713846491,0.06522212775030321,0.049648443493776374,0.313679204434255,2.1692240980904223,0.17469498741099915,20.12220643099849,3.1927526284133907,0.014616629215501886,-0.26393538673107664,0.04630563167511004,0.016227043234983918,0.031232301356446716,0.17463268362642637,0.02374787736889145,0.3199308744949449,0.005875047913362704,0.12191460864691638,0.04883859549286528,0.04816387338224923,0.051289150853603055,0.20282348812289464,0.08892792607747876,-0.16007835819549726,0.2666491247740406,0.3392421156694223,-0.2929364839943123,1.718507976012119,0.7869082065300959,-0.040627632393109514,0.17225875748316483,0.17643913067449943,0.3332566622192791,2.200260524572794,13.912126227570424,0.1489962252498382,0.2440672160358488,0.320505845244116,0,0,100.0
C039,MockCompany_039,IT,2023Q3,428.8831383487996,73.87887651761676,63.90196868742425,1046.154507182165,261.49350617096434,784.6610010112006,688.7913830941679,313.0499208613964,75.67176809138971,5.310394349161008,1336.5596459088272,-0.0635786501769728,0.2440672160358488,0.2417905055428963,1.8980227965810264,1194.1390445335412,1.7403261574417643,100.60541461196895,0.320505845244116,0.0987101936871835,2023Q3,0.17225875748316483,0.1489962252498382,0.08143895083990628,0.06108272559039507,0.3332566622192791,2.200260524572794,0.17643913067449943,13.912126227570424,3.1163725649170226,-0.040627632393109514,0.10224599439471538,-0.06357865017697284,0.011597282036472228,0.0391725445449154,0.17589880306686342,0.023350792117281617,0.32420170718092234,0.008042512160523874,0.1460099531291871,0.04492293342546931,0.03788569924630908,0.07063282201810855,0.1958584219994058,0.08257554692621356,-0.21706676306760894,0.2758502836623993,0.3080702557645547,-0.3716489059415275,1.6316638472680391,0.8404233449423641,0.0006747686939669872,0.24396938865504547,0.10893424695296272,0.35520136728398166,2.2227450354973124,36.3755494096908,0.21785180128333329,0.1857333618520674,0.3173348468049897,1,0,100.0
C039,MockCompany_039,IT,2023Q4,429.17253526392767,104.70496105612034,93.49600986879936,1083.8254950656913,284.0731326271275,799.7523624385638,723.493450229342,325.49547459240927,46.75158694197873,2.8784434247431703,1481.0417672177537,0.1081000176469356,0.1857333618520674,-0.166167042188594,1.8582733880420927,1199.0199201081423,1.945258992826468,101.88431633293489,0.3173348468049897,0.1430910839401165,2023Q4,0.24396938865504547,0.21785180128333329,0.11690620029379999,0.08626481873177033,0.35520136728398166,2.2227450354973124,0.10893424695296272,36.3755494096908,3.450923918753348,0.0006747686939669872,0.4172516691039956,0.10810001764693578,0.007244729253147036,0.03917863767640102,0.19320699280845524,0.04110855030423228,0.33185725080284234,0.017516211958101706,0.1351891783005871,0.04803446481425687,0.0408908646740941,0.0741044564366245,0.2242369229165359,0.02614513552588656,-0.10825947825899573,0.2685431068582724,0.3535784043019752,-0.24547838665503957,1.6909423093364386,0.7716113155153295,0.014544069996954567,0.17586743924949635,0.17043587278586025,0.3506620458002653,2.0649825709890597,11.74382731330072,0.12761249869011207,0.1938811383242504,0.2456269178506158,0,0,100.0
C039,MockCompany_039,IT,2024Q1,435.4144506575767,76.57522444955006,55.56432601432349,1116.0291711659424,289.7461089922762,826.2830621736662,778.8103750054752,377.1510645876228,74.2102419215704,6.520465806839594,1637.276444316318,0.105489717141511,0.1938811383242504,0.4426041086584411,1.888383128334816,1156.2385422238149,1.936863371429755,99.78997730740063,0.2456269178506158,0.0748277450363706,2024Q1,0.17586743924949635,0.12761249869011207,0.0672461152333023,0.04978752119554753,0.3506620458002653,2.0649825709890597,0.17043587278586025,11.74382731330072,3.7602712584295053,0.014544069996954567,-0.26865715170356774,0.10548971714151101,-0.0026980411216715183,0.026122263459756916,0.18550652110765697,0.04062829624753664,0.33819981993444526,0.018886106697026426,0.15762605945608038,0.03255899196116739,0.049079179071645954,0.08034319562069098,0.21445007713764738,0.02893530938387002,-0.1558918027889057,0.288992009763383,0.36084738203231115,-0.25535766489080014,1.6857078375847443,0.7285000659382492,-0.053091695821616214,0.2296684815276026,0.13128613452431853,0.34866977686328965,2.730445099107586,18.27451684174695,0.18793435807550402,0.1653417782463794,0.3165069388387588,0,0,100.0
C039,MockCompany_039,IT,2024Q2,412.2975590869285,94.69175433326156,77.48487710328703,1096.6528390217431,283.5161781172713,813.1366609044719,822.4896292663074,301.22914008869765,54.12895280646595,5.181628337153618,1548.5994760103008,-0.0541612680093534,0.1653417782463794,-0.2043659023487898,1.7507927017416411,1174.5400238124807,1.7348164310380296,99.9162260645168,0.3165069388387588,0.0211180417232376,2024Q2,0.2296684815276026,0.18793435807550402,0.09529133395240526,0.07065579401803755,0.34866977686328965,2.730445099107586,0.13128613452431853,18.27451684174695,3.756023876144363,-0.053091695821616214,0.2365847441380622,-0.05416126800935339,-0.019625122380951043,0.03235602082087202,0.2054410167288273,0.036729027155794396,0.3469474630417039,0.009527669396206145,0.14677384623441023,0.03220571941559636,0.023962454150530096,0.09572980224379038,0.1972558736146365,0.033436349372346845,-0.18437783034593475,0.26859131865652985,0.3078629202303049,-0.3620241882396583,1.5723252036166286,0.7504400357416681,0.020500609942714743,0.1473738640774958,0.1208873247843572,0.3541943611984977,1.978710550166077,13.48844716828155,0.12402513489728613,0.1816028534077285,0.2030066754523067,0,0,100.0
C039,MockCompany_039,IT,2024Q3,420.749910526103,62.0075401246398,52.18356441114502,1107.0396298942733,289.5501604253856,817.4894694688877,830.279722420705,419.6064565123177,50.86333108687913,4.597085145350443,1701.9356705218215,0.0990160444239364,0.1816028534077285,0.2038488142448719,1.8089637830072167,1161.8814509753051,1.7110781120813583,98.3278686699997,0.2030066754523067,0.0462753040451668,2024Q3,0.1473738640774958,0.12402513489728613,0.06383392858257143,0.0471379370728414,0.3541943611984977,1.978710550166077,0.1208873247843572,13.48844716828155,4.045005424694415,0.020500609942714743,-0.3451643117054496,0.09901604442393652,-0.004343061796994979,0.03354370142075835,0.19921979337741005,0.04532468685630768,0.3521818877865086,0.0030447850755978704,0.13288589476187468,0.026647121149616433,0.0646111278007574,0.07927362508187387,0.18163978295760644,0.012003256373952075,-0.10038671484164245,0.30199536955421485,0.28876179880456776,-0.18974575438063135,1.5805790985735926,0.68660489841425,0.10864582439251635,0.1595838279068851,0.06536733457753599,0.30797331161470576,2.9140701254876213,28.130645207218535,0.139511578764318,0.1537864492203896,0.0986237341115358,1,0,100.0
C040,MockCompany_040,IT,2021Q1,390.754978157751,76.56406250439973,65.49702803192307,771.1543545415894,161.1360657392511,610.0182888023384,540.2391511629246,316.03182148693446,76.52349202504965,2.6220147030454224,971.9662833645516,0.1882531399909184,0.1930462450378285,0.1268017802503622,2.0588770562978223,1197.6132128430888,2.6887326290879114,99.34457431511974,0.2257609406608763,0.110610967082285,2021Q1,0.19593880253342352,0.16761661832319322,0.10736895800355,0.08493374594347283,0.26414956518000265,1.7094454242594366,0.19583497665373478,29.200470304865753,2.4874060157710223,0.029321658588051358,0.016305366076255545,0.03901112242922311,0.028748223617539495,0.04103992952872891,0.14908296294256101,0.02851283501543619,0.6270378788260513,0.06156726049581937,0.09118377837234426,0.043601873648594996,0.043950407107197303,0.10004747440174336,0.2019274246561828,0.07374245419873522,-0.19583497665373478,0.21239241568890843,0.3917737791871583,-0.2035206391962399,2.0209473537379337,0.6311996013876132,0.009104937832770554,0.17468970602213177,0.0533102580896964,0.2566982674424834,2.430220199952717,38.61144745559852,0.1426316331575166,0.3376995069999634,0.3598192063337457,0,0,100.0
C040,MockCompany_040,IT,2021Q2,394.3127779417229,68.88238325958439,56.24147549284775,765.9993908410524,156.466131596821,609.5332592442314,574.4995431307893,236.39814332032,21.020915960191704,1.783988629283703,896.7830933611154,-0.0773516440747128,0.3376995069999634,0.1992750465635171,2.262775586098275,1213.4296979563371,2.9277222230079496,100.30138265913835,0.3598192063337457,0.1167208293287764,2021Q2,0.17468970602213177,0.1426316331575166,0.09226974023122224,0.07342235015490323,0.2566982674424834,2.430220199952717,0.0533102580896964,38.61144745559852,2.2742937676023787,0.009104937832770554,-0.10033008951652633,-0.07735164407471273,0.028748223617539495,0.04103992952872891,0.18531425427777765,0.01502538023722181,0.26042391631124306,0.0052688631588398505,0.1245726173717156,0.10078019498333576,0.05545074795810279,0.18781094392839648,0.2653728760188959,0.10228530245417966,-0.04420532025692585,0.21185572256656543,0.2371049019445987,-0.3144565460193115,2.1807031425740795,0.9093744359002744,0.05669644007744634,0.14750516326251062,0.11986374900868316,0.2873790893264446,2.615232239568277,14.061311283550692,0.12933500942066073,0.312149250210658,0.3002521600103824,0,1,100.0
C040,MockCompany_040,IT,2021Q3,416.6689087280672,61.46081540849319,53.889877235770335,781.2078287633764,174.38747938841792,606.8203493749585,522.2645333669425,199.70101525306328,49.94349749562282,4.370916350193486,1088.3100657947273,0.2135711231082364,0.312149250210658,-0.15176285697887,2.336005124549802,1221.2116678839052,2.5045181325818806,101.15686529438683,0.3002521600103824,0.0473551015859755,2021Q3,0.14750516326251062,0.12933500942066073,0.0888069711096366,0.06898276649506582,0.2873790893264446,2.615232239568277,0.11986374900868316,14.061311283550692,2.61193010324268,0.05669644007744634,-0.10774261138908181,0.21357112310823645,0.03290068895510845,0.033652273964065046,0.1727112239393553,0.0242773587272201,0.26940897398297686,0.01600231994388439,0.12300299458403811,0.07131419912981128,0.108157539674814,0.16115363169610536,0.2809650007494833,0.07720417482179372,-0.06316730893123682,0.2449891898371158,0.3240653523486401,-0.1104942292404037,2.0605466403612605,0.8573906000581561,0.043009013583347855,0.2241496941397446,0.19783269721956545,0.3059097303089199,2.361100537046198,51.21121644081366,0.19185404173879397,0.1718578107161666,0.2718999553086205,0,0,100.0
C040,MockCompany_040,IT,2021Q4,434.58942748331134,97.4130872469751,83.37773815981365,808.3215780027621,189.34956237098987,618.9720156317721,513.9169080013913,217.65990051484823,85.97599862232806,1.9021826460292564,1117.3539344637506,0.0266871267498701,0.1718578107161666,0.0079104493194651,2.223367635935189,1230.7454342375668,2.4033836452385238,100.81281297912751,0.2718999553086205,0.0782858026009137,2021Q4,0.2241496941397446,0.19185404173879397,0.13470356664602515,0.1031492173767327,0.3059097303089199,2.361100537046198,0.19783269721956545,51.21121644081366,2.5710564127887974,0.043009013583347855,0.5849624935746249,0.02668712674987006,0.036270130497854915,0.024500962846512833,0.18557084148945263,0.03247161558426842,0.27853416306446266,0.022445321683647716,0.14171042024291997,0.06921233823638634,0.08778993644357802,0.1377425825641301,0.2536882032411541,0.08336516740132512,-0.1548236836362176,0.23734015782580373,0.4649914049426579,-0.4383042781927878,1.9885865786820696,0.6810979238505908,0.12957272451863266,0.19239106495821026,0.22372282415192082,0.24847502215044462,2.3498909664661367,21.404246148581763,0.1433815281263524,0.3986739120064973,0.1089199052451053,0,0,100.0
C040,MockCompany_040,IT,2022Q1,490.9003636493167,94.44484375105712,70.38604429796452,938.647110854508,186.8121968988566,751.8349139556515,682.5655816686722,290.46691587260864,109.8256157330538,4.412434947441994,1319.0750266702062,0.1805346416963814,0.3986739120064973,-0.0280679770380388,2.286488522050222,1260.090306031155,2.4308343114582045,101.1996746144083,0.1089199052451053,0.0346325176197668,2022Q1,0.19239106495821026,0.1433815281263524,0.09361901528029166,0.0749866946629312,0.24847502215044462,2.3498909664661367,0.22372282415192082,21.404246148581763,2.6870524537028526,0.12957272451863266,-0.03047068499525607,0.18053464169638156,0.059595779003049354,0.05075964571411349,0.1846839070956493,0.03214079275850945,0.2746155273070731,0.026749391693034148,0.14868238211746646,0.07740193165373618,0.08586031186994376,0.13590792034285926,0.3050951199833213,0.09595481176620495,-0.09415009963328816,0.2006706480234057,0.5456866136287637,-0.3651519719323823,2.029090083537296,0.7082644652750083,0.04819908198107936,0.17197818228230935,0.14427631675351993,0.22777373153849748,1.7944448638806374,19.387177422302006,0.11943745214249422,0.1460314554410484,0.2276955811425243,0,0,100.0
C040,MockCompany_040,IT,2022Q2,514.5613105213918,88.49331885644388,61.45789189989728,1002.8338968011742,186.0434157535659,816.7904810476083,611.9959031375439,341.0502687790903,74.23901062603493,4.564528239951968,1611.1948127151586,0.2214580521491351,0.1460314554410484,0.0798877516929773,2.345244975116208,1233.9194434831502,2.334221451546458,102.53569012517691,0.2276955811425243,0.0371979476208527,2022Q2,0.17197818228230935,0.11943745214249422,0.07524315393709863,0.06128421874836255,0.22777373153849748,1.7944448638806374,0.14427631675351993,19.387177422302006,3.131200849670266,0.04819908198107936,-0.06301587951482668,0.22145805214913517,0.06936931504012656,0.040530221371724705,0.1840060261606937,0.03244895979392293,0.26738439333107666,0.03563967032814495,0.17142389678342235,0.04770759018718236,0.16056273592590575,0.09099392727348785,0.25717810709359257,0.11927003050648209,-0.09607723477244057,0.18860161921684798,0.3644535810169086,-0.1429955288677735,2.007989082376878,0.5623286558004207,0.05654585318932703,0.225745848433234,0.22294467825266415,0.2147977134438552,2.043151116000312,49.69247250453101,0.18762819423260108,0.2653007691669753,0.3909459866186385,1,0,100.0
C040,MockCompany_040,IT,2022Q3,543.6576188430421,122.72845042314002,102.00549730450334,1081.329486331521,191.198171163152,890.1313151683687,729.539642233371,357.0659245506422,121.20557291279448,2.4697593858356925,1764.287536358116,0.0950181333968968,0.2653007691669753,-0.3118142518495728,2.121763913507732,1247.739629500054,2.350869825622292,102.19313074528183,0.3909459866186385,0.0896157803345848,2022Q3,0.225745848433234,0.18762819423260108,0.11459601023596655,0.09433340956091851,0.2147977134438552,2.043151116000312,0.22294467825266415,49.69247250453101,3.245218084333025,0.05654585318932703,0.38686685061765225,0.09501813339689713,0.06933166831809673,0.04054598327101176,0.20356619745337456,0.026065964667602533,0.2492390493604293,0.04024556002698953,0.19719412909441758,0.037271817215344664,0.13092448849807084,0.08720127554227254,0.2454659868326719,0.11426792572807108,-0.1663988250633371,0.16630802138095344,0.5052363798752252,-0.4102182464783284,1.9397436975455247,0.8225547771665673,-0.021236201755913564,0.22256841859985696,0.2133960186937905,0.21504888507032163,2.039074719402629,68.72133431535252,0.1976444948099021,0.214022816691514,0.498937499030289,0,0,100.0
C040,MockCompany_040,IT,2022Q4,532.1123959631517,118.43141448712215,105.16908568242134,1067.4590836822344,188.92728401703857,878.5317996651959,776.2749675848088,380.69961840838704,113.55066679636376,1.7233573183392472,1800.1353578373796,0.0203185822835101,0.214022816691514,-0.3970215397268092,1.9368083360332684,1222.0610326592068,2.384545410591434,103.16944509468294,0.498937499030289,0.0655928010086376,2022Q4,0.22256841859985696,0.1976444948099021,0.11971005002025088,0.09852282611108491,0.21504888507032163,2.039074719402629,0.2133960186937905,68.72133431535252,3.38299835051889,-0.021236201755913564,-0.03501254942275123,0.02031858228350991,0.053270364483281374,0.06167042860291171,0.20317087856840263,0.025658543130484927,0.22652383805077975,0.015838700086695554,0.20108495946297383,0.0381623911249216,0.12933235238148083,0.08975946873777339,0.2560072383265088,0.1069228911812776,-0.23463222044970405,0.16718579479855775,0.41472823553773386,-0.3944096532542238,1.8790921211164076,0.8801461105203607,0.057621879586930325,0.23573156593339642,0.13430963873427956,0.202463289040072,2.0205780018807697,35.07073716878461,0.18138765223214195,0.04,0.6478109541667286,1,0,100.0
C040,MockCompany_040,IT,2023Q1,562.7737123700534,132.66352848337925,102.08020242495212,1179.3755389875196,198.57591729693627,980.7996216905832,815.5727203178744,403.6333759729703,75.58593399770554,3.782741372382336,1769.8360569211009,-0.0168316792314325,0.04,-0.3814246017261762,1.9983474558419776,1225.1792819966038,2.103584943562498,103.1976036054637,0.6478109541667286,0.0535874937592555,2023Q1,0.23573156593339642,0.18138765223214195,0.10407854995793595,0.08655445110596431,0.202463289040072,2.0205780018807697,0.13430963873427956,35.07073716878461,3.1448449314814395,0.057621879586930325,0.12017178092392578,-0.016831679231432473,0.03528265325035579,0.03791384886527584,0.2140060038121992,0.02857432840127781,0.21502090477318658,0.010334068264291634,0.17873166310856353,0.04588716377603881,0.07999077214952738,0.10515729524759675,0.16633876032488443,0.09736720429677823,-0.07668775914734924,0.15473630087062998,0.4276630842546063,-0.4444947634860388,1.8032301243905475,0.8425472550373586,0.07252010047600344,0.26575296925931663,0.3129664922746422,0.1839396960321498,2.5888248719057376,61.103925803708314,0.2436063871720839,0.1217141167308036,0.4194448999319196,1,0,100.0
C040,MockCompany_040,IT,2023Q2,603.5861185363832,160.40480320501544,147.0374336841131,1242.8320051151086,193.08934568731317,1049.7426594277954,932.1240038363314,360.0568018135459,188.9022303043112,2.6251145247066394,2186.6760472759725,0.2355246344568366,0.1217141167308036,0.0953894539599842,2.0416467131619784,1209.7770554959625,1.9726755288016256,100.41882645374494,0.4194448999319196,0.04842998482059,2023Q2,0.26575296925931663,0.2436063871720839,0.14006998035511076,0.1183083740029502,0.1839396960321498,2.5888248719057376,0.3129664922746422,61.103925803708314,3.6228070529102805,0.07252010047600344,0.20911003226566338,0.2355246344568367,0.04136290787408681,0.04236466753835621,0.237449700556451,0.019684678585500104,0.20406239589659966,0.01464502395329841,0.2209042069888441,0.07310864070612211,0.08350741772645275,0.11150858570928887,0.1602594256473232,0.09978686680700709,-0.24044639179863875,0.13505717564694986,0.6512395620099622,-0.41571492755312567,1.7679459013360501,0.676216192309673,0.07802628220902896,0.19013888686907912,0.06191531076858736,0.1740972575784295,2.1334977472273544,30.212040037487697,0.13874205031712902,0.2609757282349444,0.5861419788501895,0,0,100.0
C040,MockCompany_040,IT,2023Q3,650.6816993587554,123.71989402234468,90.2769130730062,1348.6161172158902,199.9752286431403,1148.64088857275,936.6676836867478,439.0291411846516,40.287159627291786,4.095052629303368,2377.7691791264647,0.087389776866374,0.2609757282349444,-0.4120975853408797,1.7599262384617134,1184.765270349107,2.1321087629567863,102.37338202018874,0.5861419788501895,0.0733882365800749,2023Q3,0.19013888686907912,0.13874205031712902,0.07859454941143673,0.06694040796376415,0.1740972575784295,2.1334977472273544,0.06191531076858736,30.212040037487697,3.6542739429525892,0.07802628220902896,-0.22870206159464757,0.08738977686637406,0.04673301512901229,0.04612527921638077,0.22854796016541226,0.03134128652073608,0.19388728193024324,0.018366281373315096,0.1806468651178249,0.10774245733533153,0.08160032859382205,0.11131115883274208,0.1591781654143155,0.09828134720488232,0.0161109714404416,0.14099459881550758,0.3300804798466954,-0.24269070298032142,1.7176418316012068,1.004223277341083,0.02067319146450952,0.1908791563715809,0.1545369717698462,0.1818344251636455,2.138151940622794,39.57866351205925,0.15315433251939184,0.1190558423670463,0.2626095849655652,0,0,100.0
C040,MockCompany_040,IT,2023Q4,664.1333667120514,126.76921675640502,101.71490248279386,1294.1799759897654,199.1196626041726,1095.0603133855927,970.634981992324,453.95977879264393,102.63315934314774,3.2029686065119645,1814.2786993766067,-0.2369828344553068,0.1190558423670463,0.3472543351875029,1.8109008876065424,1191.1562366971943,1.7702852934740525,99.26471968826549,0.2626095849655652,0.0583863909499693,2023Q4,0.1908791563715809,0.15315433251939184,0.09288520571823984,0.07859409384303412,0.1818344251636455,2.138151940622794,0.1545369717698462,39.57866351205925,2.7317987475254992,0.02067319146450952,0.02464698792507547,-0.23698283445530688,0.05721036343411806,0.025838116571041198,0.22062564460834327,0.03687347849564087,0.1855836669535742,0.012022460875464706,0.16593210338683884,0.10578032891716221,0.01727497440911783,0.1986280416806412,0.13543642183319857,0.09187827654951194,-0.1338637803053367,0.14712602348909748,0.3660893196059366,-0.6030721540612434,1.6107620343873665,0.528791450821709,0.007414704125229266,0.17745650371054092,0.06266484627492191,0.18844824093671947,2.3997041092654157,57.68833662138308,0.16089462907009527,0.1930223451602246,0.2509327729088726,0,0,100.0
C040,MockCompany_040,IT,2024Q1,669.0577191259136,118.7286436168112,107.64779354540876,1310.536330494613,207.807338728445,1102.7289917661678,982.9022478709596,409.5931011133871,41.92639911813793,2.05810481828166,1819.3695737349367,0.0028060045901875,0.1930223451602246,-0.0519633068019686,1.5644138728281272,1153.9418591468718,2.032010002979807,99.64466770228248,0.2509327729088726,0.0,2024Q1,0.17745650371054092,0.16089462907009527,0.09761944625478543,0.08214025894627354,0.18844824093671947,2.3997041092654157,0.06266484627492191,57.68833662138308,2.719301372248005,0.007414704125229266,-0.06342685823360639,0.0028060045901874275,0.044658569568692796,0.0358332853983487,0.20605687905262937,0.04027137277939778,0.18207990492773607,0.005994370845311076,0.14802090527199943,0.11825020931137128,0.02218439536452282,0.19774476346564762,0.17369200812325475,0.06752511021500068,-0.05525014214969265,0.1550068749696876,0.2475360541106921,-0.2447300495205046,1.6049309142768384,0.5989619930387848,0.04992141534712746,0.1848625063409852,0.1080783835737945,0.198247934124616,2.1440231653828934,39.0964147170876,0.15680263597120273,0.2244572215778268,0.3831648570152322,1,0,100.0
C040,MockCompany_040,IT,2024Q2,702.4580274136001,129.85815154720746,110.14727035774068,1345.9422711416294,222.68369266995964,1123.2585784716698,959.1916926856564,447.379351198481,75.9205281314062,3.321484909749406,1887.2802989920767,0.0373265147650719,0.2244572215778268,-0.3722801204481663,1.872082657715616,1171.4443744412245,1.629411145241333,98.752813183716,0.3831648570152322,0.0511072135204658,2024Q2,0.1848625063409852,0.15680263597120273,0.09806047553850994,0.0818365488025217,0.198247934124616,2.1440231653828934,0.1080783835737945,39.0964147170876,2.686680520882109,0.04992141534712746,0.09373903037514686,0.037326514765072094,0.0390088982864738,0.03149513468309337,0.18583426332304653,0.006194403320775915,0.1856569644508526,0.010239830261040733,0.0967988780967875,0.044132037126339986,-0.02736513455841836,0.1439948806218377,0.19937778433501052,0.06031940216802881,-0.058156968226667036,0.16159932414541694,0.34286230526190714,-0.3055357904968352,1.5769561433672994,0.769221402738476,0.06711688593850984,0.15832220780115797,0.1941892251041089,0.18154803776278125,1.9537089322105348,29.848718564510676,0.14813623654780153,0.216012460407082,0.5819970774975914,0,0,100.0
C040,MockCompany_040,IT,2024Q3,749.6048227161093,118.67909051096836,111.04363733539454,1497.74826562346,230.1330542612449,1267.615211362215,1046.416283786779,535.6050057061734,145.56517965773838,3.976019614531322,2134.5153012853198,0.1310006798806098,0.216012460407082,-0.040057839439873,1.9106211479283317,1171.596537823771,1.934422412994476,96.44402559523256,0.5819970774975914,0.0653809069997412,2024Q3,0.15832220780115797,0.14813623654780153,0.08760042979917883,0.07414038786357521,0.18154803776278125,1.9537089322105348,0.1941892251041089,29.848718564510676,2.847520769074423,0.06711688593850984,-0.08608671002201318,0.13100067988061004,0.03628154921884402,0.02716480269306045,0.17788009355606627,0.014147085046514797,0.18751965949694058,0.007830289384552217,0.1298673566806679,0.05697025370026342,-0.016462408804859406,0.15667284460225536,0.18813696737804492,0.0479314535755959,-0.12707233916559907,0.15280495160220972,0.4196283188437767,-0.2886276389631669,1.697244207670114,0.9508144895068832,0.05364737013654164,0.18252953874053965,0.1702410684044003,0.1714961365180035,2.028464782045743,54.19097155637676,0.1278413172139525,0.2633930257769491,0.4815059866063795,0,0,100.0
