company_id,company_name,sector,quarter,revenue,operating_income,net_income,total_assets,total_debt,total_equity,current_assets,current_liabilities,operating_cash_flow,interest_expense,market_cap,stock_return_3m,volatility_3m,volume_change_3m,macro_rate,fx_rate,inflation,business_cycle_index,disclosure_risk_score,rnd_ratio
C001,MockCompany_001,IT,2021Q1,417.6007274764133,82.35156047340526,68.9170485984579,1055.008303243496,305.9382916957669,749.070011547729,791.2562274326219,272.8325258871307,41.736528091126445,4.485837012543624,2127.7558990856464,0.1070888270753799,0.1657337742269514,-0.0505522981456744,1.989440153727869,1193.7457849955774,2.5648353843558165,99.9651075069735,0.4298463778330023,0.0791361016091019
C001,MockCompany_001,IT,2021Q2,428.313712633736,55.36647805709829,40.46907502028369,1066.03204395453,297.91534733801205,768.1166966165179,799.5240329658974,255.26098103382577,34.39207942345905,7.083831678214335,2336.171791209672,0.0979510348031873,0.1467592234169044,0.0923231929477955,2.134934282471854,1213.61206615973,2.5534204342518945,100.82563521437288,0.3675028713711092,0.0754672149182253
C001,MockCompany_001,IT,2021Q3,456.2531423085569,82.0540774801181,60.26853644360179,1125.7990165302265,298.50482865616067,827.2941878740658,844.3492623976699,309.2954826460225,79.62880176448135,5.551265604068573,2519.176493058208,0.0783352930367229,0.2130202452084004,0.1739729354026725,2.190420826969614,1225.0624230306244,2.507457417820354,101.75041965770367,0.4566839869689282,0.0898336808799981
C001,MockCompany_001,IT,2021Q4,450.51820366169073,53.19861959553882,46.45604939382227,1146.2265481028176,296.6284404878437,849.5981076149739,859.6699110771132,277.06559152601045,30.653081894712106,5.069982364575058,2327.621617873085,-0.0760386879255848,0.1709556922747942,-0.0688209327256275,2.2364989081598554,1227.919590850956,2.456848582313809,102.28187900396438,0.170624053161644,0.0821743120196395
C001,MockCompany_001,IT,2022Q1,488.54718190501393,75.38343347131126,62.09543056429381,1204.6821087609087,281.5152622567432,923.1668465041656,903.5115815706816,296.5918674696032,65.3301786493394,6.288899756200239,2841.7498857564447,0.2208813769108894,0.1714988823150859,0.2616873740355829,2.225883332837898,1236.1695768536288,2.382030613325962,102.69151078644764,0.2099573479985184,0.0648640610533092
C001,MockCompany_001,IT,2022Q2,524.2047623833984,87.05414649517817,76.3856019020488,1285.5189198358255,289.0130864236156,996.50583341221,964.1391898768692,288.0767260184346,75.72767688210519,6.030312691677426,3104.8608662084644,0.0925876628941898,0.2175997347177412,0.3722025758230756,2.2079813979886405,1232.604251819164,2.325291239678333,102.98319516656645,0.4752666868871867,0.0789217764787377
C001,MockCompany_001,IT,2022Q3,540.4110775674246,59.20971370010967,36.29354151234946,1298.9508300950606,298.2512864867242,1000.6995436083364,974.2131225712956,282.7451600871754,-7.795770312200965,5.744456955303909,3028.741417251568,-0.0245162189988404,0.04,0.0755085422355531,2.1581666778069946,1228.0604786881363,2.2513323927600744,102.90664020847464,0.2280588357034511,0.0596160684955078
C001,MockCompany_001,IT,2022Q4,563.8292782239832,68.50545210816863,59.61015439792093,1379.1670878844172,329.08942434120326,1050.077663543214,1034.375315913313,324.0469300554926,61.83426055030464,7.920380223522697,2925.729281990985,-0.0340115318771787,0.1419819148371397,0.5440214692658036,2.1040050233037144,1225.809480097077,2.1383654022992475,102.86003261234056,0.226791998116342,0.0909622300934086
C001,MockCompany_001,IT,2023Q1,591.5852773576922,79.76383191969292,68.97900107514087,1407.9772516121388,336.86560863089227,1071.1116429812466,1055.982938709104,353.6011854818432,26.144140839573243,7.506650610564021,3496.5869140417262,0.1951163546007467,0.2175506001091085,-0.0344410835981729,1.9956221031900596,1219.7215010256673,2.0225825098422714,102.26593506849407,0.5159433065089833,0.0807189109615403
C001,MockCompany_001,IT,2023Q2,670.746597984474,146.27408863782696,134.3438411820935,1563.7006873707385,326.8484546704027,1236.8522327003357,1172.7755155280538,411.8299493281361,69.26587800449612,5.594302076409544,4113.405046196782,0.1764057772103457,0.3125985489050973,0.0843882487490574,1.894121446820648,1204.1598182505577,1.9943098283397755,101.6907724687152,0.4465908189915286,0.0187456974742244
C001,MockCompany_001,IT,2023Q3,693.9273454051587,131.71075199612906,99.13141813537813,1656.295294630557,323.8386799362725,1332.4566146942846,1242.2214709729178,388.5513575962405,79.38019373182946,5.736123265668906,4386.593612126246,0.0664142147105236,0.1443245910663437,-0.0327197290714416,1.819969291286996,1191.2798000869036,1.928515533805814,100.87829339500068,0.3863745186906832,0.0744143339613427
C001,MockCompany_001,IT,2023Q4,794.6217701981946,101.61997430854429,61.71562187443138,1928.882034792054,348.2213623745576,1580.6606724174962,1446.6615260940405,519.8521625142027,44.00002124503822,3.7110307118284473,4911.847310912668,0.1197406792674884,0.1576448458107141,-0.1773059567982761,1.756052416001933,1183.5323640840438,1.852818908595716,100.0619701171167,0.3358606168621164,0.0260567902160842
C001,MockCompany_001,IT,2024Q1,908.341258450002,235.6469557893387,223.54063541045568,2314.6584417504646,336.2624469942131,1978.395994756252,1735.9938313128484,552.7404270853923,231.04499722392808,3.199360035275647,5753.463333762989,0.1713440930829628,0.0900083353304014,0.0004269965853706,1.7587309996894014,1173.976109166461,1.8576224807734163,99.21168470010004,0.3100418764986567,0.0758042472406564
C001,MockCompany_001,IT,2024Q2,970.8838352710565,154.96147186214375,102.77622579953989,2490.422063672504,376.4990785757133,2113.922985096791,1867.816547754378,613.8417359742392,187.3661584411609,3.1963750295405204,6440.875321242883,0.1194779470386057,0.1110070822413265,0.3396030197357282,1.7937667874197327,1167.899114663148,1.8449702705610496,98.28689775455344,0.3894123837720707,0.0820035850847902
C001,MockCompany_001,IT,2024Q3,997.7671732096017,166.60549531663307,124.57538747831096,2565.459053583048,385.0185470159378,2180.4405065671103,1924.0942901872857,834.8550702635229,184.72093909662115,4.969454329910607,6961.300455875819,0.0808003739672624,0.1702468334942968,-0.4109003147311038,1.84664547218398,1167.5228808962709,1.8806278517962416,97.63100259888348,0.3991993225571164,0.1131837553541046
C001,MockCompany_001,IT,2024Q4,996.3911188942628,145.51521166240755,88.27961990988548,2678.193592839588,399.24665097795287,2278.946941861635,2008.6451946296909,657.2539238954264,148.37343685059813,7.890938080461579,7049.491674283998,0.0126687849443042,0.1442060941359778,0.2518300583792197,1.899535152101252,1167.7929946919262,1.875476095860354,97.31012927107444,0.1732544565327701,0.0895587585604415
C002,MockCompany_002,Retail,2021Q1,741.2394017261765,87.09622624164601,44.62220552140975,2108.3856068389514,588.9593645085597,1519.4262423303917,1581.2892051292135,620.4139495306871,30.566911270506736,9.665819589156,1232.3737608051265,0.0969605510947478,0.2331112228298154,0.4379886132959635,1.989440153727869,1193.7457849955774,2.5648353843558165,99.9651075069735,0.0405142584792885,0.0202224143702223
C002,MockCompany_002,Retail,2021Q2,792.9728067063908,96.72709386742716,61.03709940638525,2291.446480884974,605.7548140965156,1685.6916667884584,1672.275887260844,708.6839032054737,22.026930840119192,7.484081104005172,1435.0164833228173,0.1644328441278249,0.1153171134417272,0.0262992378648443,2.134934282471854,1213.61206615973,2.5534204342518945,100.82563521437288,0.572218332148846,0.0164102942796859
C002,MockCompany_002,Retail,2021Q3,867.4424235439229,149.1577302465703,98.24291682746376,2515.451625556588,554.1589726295144,1961.2926529270733,1886.5887191674408,826.6718280063409,37.15122848540464,5.38589057136258,1425.4871045453026,-0.0066406057967007,0.0998682228715088,-0.3979952722508681,2.190420826969614,1225.0624230306244,2.507457417820354,101.75041965770367,0.2308795564961864,0.0459909151504248
C002,MockCompany_002,Retail,2021Q4,892.9731143193966,112.0245564463058,63.27333491441111,2564.656112570163,566.9247137087559,1997.731398861407,1923.492084427622,783.8583219495076,-0.2231062866654412,6.102961407392814,1457.518564615096,0.0224705365398663,0.2157420877325566,0.2129968066433079,2.2364989081598554,1227.919590850956,2.456848582313809,102.28187900396438,0.2909388241663141,0.0480291813933028
C002,MockCompany_002,Retail,2022Q1,859.3562786984777,77.41672670862755,30.36120836272102,2471.8348266680864,581.2786230252843,1890.556203642802,1853.876120001065,679.4498425414165,-8.941298065375506,6.245650629808584,1582.3377290551728,0.0856381300865551,0.2073701326747287,-0.1793762104265712,2.225883332837898,1236.1695768536288,2.382030613325962,102.69151078644764,0.2608399471701897,0.0
C002,MockCompany_002,Retail,2022Q2,823.5682468045111,128.23973159162594,93.33840408451624,2257.8423083008543,616.9777622215357,1640.8645460793186,1693.3817312256406,748.2578048220014,16.62432439490486,16.417090738231785,1569.5019124158143,-0.0081119323666906,0.1848604527250875,0.0850046768989619,2.2079813979886405,1232.604251819164,2.325291239678333,102.98319516656645,0.4042882780893265,0.0680165413882041
C002,MockCompany_002,Retail,2022Q3,892.0838009585881,138.61338044697675,105.75609105443722,2608.9434509099283,628.3727595295894,1980.5706913803388,1956.7075881824464,734.0494901902516,87.20115802036233,10.661685733400615,1781.0717272773247,0.1348006097908202,0.2251126569166043,-0.1611619880605643,2.1581666778069946,1228.0604786881363,2.2513323927600744,102.90664020847464,0.1115648760036546,0.0
C002,MockCompany_002,Retail,2022Q4,965.91585153674,104.5992021173641,67.61564125293377,2865.4635141491503,657.2518640922756,2208.2116500568745,2149.097635611862,807.1615235419262,66.20355879259999,10.422579245735394,2434.8012541142684,0.3670427848721635,0.217846379410022,0.4867686013568004,2.1040050233037144,1225.809480097077,2.1383654022992475,102.86003261234056,0.3637280267259812,0.0495194273832449
C002,MockCompany_002,Retail,2023Q1,951.318017223053,157.213724418606,107.6503786443088,2889.8372074423714,656.9668449960128,2232.8703624463587,2167.3779055817786,1117.941067813876,72.1003225677018,6.008989849418513,2066.946232414852,-0.151082155505639,0.3091089783851127,0.2766749999198951,1.9956221031900596,1219.7215010256673,2.0225825098422714,102.26593506849407,0.2420779650072814,0.0
C002,MockCompany_002,Retail,2023Q2,950.8283728317384,150.46020095446596,107.41589789223283,2909.7836712280346,692.7980178094663,2216.9856534185683,2182.337753421026,851.2600168853535,80.68689423203807,6.67014486520918,2388.4373337543257,0.1555391699588963,0.122388038427887,-0.1674852044430262,1.894121446820648,1204.1598182505577,1.9943098283397755,101.6907724687152,0.5503676504480349,0.0302164003326234
C002,MockCompany_002,Retail,2023Q3,989.2184053671284,194.60745359873297,177.26284560068885,3095.8508732259097,648.9522489979158,2446.898624227994,2321.888154919432,1026.529506840285,63.41595165336798,11.471099597807475,2386.3387256428223,-0.0008786532021774,0.0650825479012718,-0.206249837970226,1.819969291286996,1191.2798000869036,1.928515533805814,100.87829339500068,0.3871498851663414,0.0305193343637561
C002,MockCompany_002,Retail,2023Q4,1051.3476475607838,173.63708568211268,118.7315653642416,3510.257119494864,655.8605348239278,2854.396584670936,2632.692839621148,1192.238835605019,97.88679970001046,12.911593875563494,2401.796439809297,0.0064775859354631,0.1943455694678343,0.0858409372018407,1.756052416001933,1183.5323640840438,1.852818908595716,100.0619701171167,0.3576713087828242,0.0158616180642571
C002,MockCompany_002,Retail,2024Q1,1109.0511883627307,164.74117553539628,120.4635716265141,3643.276437472314,671.9239823042443,2971.3524551680703,2486.4353539366325,910.5750810668468,66.90438042961952,10.191222974508436,2727.6293334279544,0.1356621602972016,0.04,-0.2416051589623126,1.7587309996894014,1173.976109166461,1.8576224807734163,99.21168470010004,0.3059331619771805,0.0081966744643285
C002,MockCompany_002,Retail,2024Q2,1152.5662886156358,228.6143298266624,160.34909168210848,3642.123548923243,638.9637858852484,3003.1597630379947,2731.592661692433,1205.2416978134054,110.79640352406916,14.530791344490922,2475.076416672136,-0.0925906294014012,0.2412328322320648,-0.1119780015484222,1.7937667874197327,1167.899114663148,1.8449702705610496,98.28689775455344,0.5411670825411858,0.019310311589077
C002,MockCompany_002,Retail,2024Q3,1087.0821369631055,174.79691040241994,157.98614770493697,3520.380877517297,622.7788681941705,2897.602009323127,2451.055875895422,951.8554857522377,128.54175115584536,5.456972228436733,2671.303965058873,0.0792814100869559,0.1647478062744206,0.0357754120231682,1.84664547218398,1167.5228808962709,1.8806278517962416,97.63100259888348,0.3903370171517901,0.0195083516467846
C002,MockCompany_002,Retail,2024Q4,1060.3775409777686,60.988736364408645,31.93272570773229,3264.552931229877,622.4524082526963,2642.100522977181,2448.414698422408,1042.2806839239038,49.81988484837672,7.350227382951922,2737.669483421777,0.0248438662282454,0.0804475504144554,0.1834945361036078,1.899535152101252,1167.7929946919262,1.875476095860354,97.31012927107444,0.6579027472918837,0.0392990083109265
C003,MockCompany_003,Retail,2021Q1,192.05978406386387,41.23193788067615,34.67458359748121,543.788588324033,268.9050368067112,274.88355151732173,381.6042165602354,202.56479524463987,38.333611568576494,3.9137437565914017,545.0924719441318,-0.0096731635869508,0.0875656111386967,0.1239023161368141,1.989440153727869,1193.7457849955774,2.5648353843558165,99.9651075069735,0.2715921955745479,0.0
C003,MockCompany_003,Retail,2021Q2,209.0233457329841,45.09283464546903,33.53026110223824,603.5811213408192,270.69422429931626,332.88689704150295,452.6858410056144,199.79606268565348,25.629833409788304,7.284440195949042,602.0549320725227,0.1045005445135354,0.1784900246113926,0.2342756208744846,2.134934282471854,1213.61206615973,2.5534204342518945,100.82563521437288,0.5747561660445097,0.0235289876712674
C003,MockCompany_003,Retail,2021Q3,195.21633419685327,34.07874828716246,31.441858594893137,553.1763267717197,272.0327442409082,281.1435825308115,414.88224507878977,202.55913482993125,24.428416363190728,3.1472796302813792,607.1814822399364,0.0085150870698226,0.1387415729951586,-0.2246634405059242,2.190420826969614,1225.0624230306244,2.507457417820354,101.75041965770367,0.4337823438911334,0.0294615971067299
C003,MockCompany_003,Retail,2021Q4,204.0170123266891,40.01378925897178,32.399224403001405,577.8220455214142,262.55461041013365,315.2674351112806,401.8531413769094,168.03582877698105,25.630427743209243,3.863190105009746,594.1469293077151,-0.0214673097146108,0.3337125876219773,0.0781603041299379,2.2364989081598554,1227.919590850956,2.456848582313809,102.28187900396438,0.465097586069184,0.0064959770218442
C003,MockCompany_003,Retail,2022Q1,211.5963335507504,45.120558982424605,42.56737532817,576.9866751694024,236.9913935645625,339.9952816048398,432.74000637705177,179.82882824750155,31.08450352761731,4.721253486974524,640.3597714700527,0.0777801582113426,0.2912853363923934,0.4766216859825485,2.225883332837898,1236.1695768536288,2.382030613325962,102.69151078644764,0.4274446358152176,0.0257070825853576
C003,MockCompany_003,Retail,2022Q2,243.11821375562104,64.66572864253179,57.46078836426691,679.7829452948434,245.79023967783183,433.9927056170116,509.83720897113255,224.76512311966889,71.4402940503205,3.7310200340971664,749.4545133279984,0.1703647648063533,0.0741293879072163,0.0805329370348629,2.2079813979886405,1232.604251819164,2.325291239678333,102.98319516656645,0.2665712061726312,0.0030039760589994
C003,MockCompany_003,Retail,2022Q3,270.59814057986034,55.18191026089723,49.71040386557239,764.6488900556061,233.8493961491341,530.799493906472,534.5356932007408,255.8155157607041,57.20324975428889,6.703341265877564,877.6868897977519,0.1711009463407322,0.2367212630684377,0.0709384257453058,2.1581666778069946,1228.0604786881363,2.2513323927600744,102.90664020847464,0.3195629022806678,0.0079393200652928
C003,MockCompany_003,Retail,2022Q4,288.4839253662145,40.66730703214648,37.3137806183227,846.3686948417193,237.81212858817773,608.5565662535415,537.911703307943,292.57490562466705,36.41022141444491,3.7784234214816768,1067.7373615452912,0.216535616467204,0.3048166503117177,0.0427303016307283,2.1040050233037144,1225.809480097077,2.1383654022992475,102.86003261234056,0.1633691181708695,0.0270223350747275
C003,MockCompany_003,Retail,2023Q1,294.63904718084126,53.48332397176996,37.42235190111696,879.8275286757413,227.830808710766,651.9967199649753,584.7833436560276,236.8586766327961,30.227652999137263,5.188936877788708,997.2170872174228,-0.066046461300003,0.0474859223667085,-0.4423450268556268,1.9956221031900596,1219.7215010256673,2.0225825098422714,102.26593506849407,0.3543664919865003,0.0357729319508174
C003,MockCompany_003,Retail,2023Q2,331.3528099266122,54.352296294476574,36.06206369365818,989.6458735130266,247.50952717165532,742.1363463413712,742.23440513477,366.4480239660264,46.374300822903024,5.739017694933109,1306.6215558852334,0.3102679172206677,0.2093543863120717,0.1413582275387697,1.894121446820648,1204.1598182505577,1.9943098283397755,101.6907724687152,0.4048211708964251,0.1144713419841883
C003,MockCompany_003,Retail,2023Q3,338.657972261107,79.68786942209537,69.9140990350885,1031.353480998485,256.4813254961552,774.8721555023301,565.3866667661941,248.4002596605941,65.40068446584054,3.1076856627132106,1330.7709245800324,0.0184822977900726,0.2235367585495073,-0.1669077369165447,1.819969291286996,1191.2798000869036,1.928515533805814,100.87829339500068,0.4746547786501961,0.0014456208407273
C003,MockCompany_003,Retail,2023Q4,337.3505287580983,77.20392142705802,62.82403126954091,1037.3041436518774,257.4948458507388,779.8092978011387,720.80446951077,342.83655234697943,70.07883382026255,5.216428911305701,1191.293643726858,-0.1048093840021272,0.1230605508522874,-0.2366476800711011,1.756052416001933,1183.5323640840438,1.852818908595716,100.0619701171167,0.393337500075306,0.0661236844661611
C003,MockCompany_003,Retail,2024Q1,343.6412870701013,65.02044295641461,57.23257822669196,1045.9832915896486,250.255147036026,795.7281445536227,775.5611791295136,449.45536449119066,20.67933817911299,3.324225338310184,1212.1777860958075,0.0175306419864841,0.343880366856292,-0.14941613662841,1.7587309996894014,1173.976109166461,1.8576224807734163,99.21168470010004,0.6590447255786117,0.0293642137692975
C003,MockCompany_003,Retail,2024Q2,366.4541379129928,81.70065446376556,73.54230480840332,1170.951836307744,260.63339574372094,910.3184405640228,878.2138772308078,535.7351777341332,66.39934977641872,2.5306824753949657,1383.0619003560644,0.140972814565957,0.171102340748612,0.0078010246106518,1.7937667874197327,1167.899114663148,1.8449702705610496,98.28689775455344,0.6323262320306073,0.0307570050894905
C003,MockCompany_003,Retail,2024Q3,391.7212204006207,95.69341398968751,73.10666021025759,1222.9704991208498,263.3977159907428,959.572783130107,917.2278743406372,394.3437175384889,47.77982332658042,5.845748673896481,1563.297470627651,0.1303163439215451,0.3128427789450968,0.1179505096118185,1.84664547218398,1167.5228808962709,1.8806278517962416,97.63100259888348,0.2966452526643447,0.0433960314233256
C003,MockCompany_003,Retail,2024Q4,418.7979379021836,92.22657085411426,80.88998148279535,1301.9762436496524,296.8876861024134,1005.0885575472388,915.2925473462794,413.8828601992725,42.94971220156899,3.1190820335174068,1631.5951060895209,0.0436881890651616,0.2080400821488078,0.0063881821252838,1.899535152101252,1167.7929946919262,1.875476095860354,97.31012927107444,0.1452887521697651,0.0286041982164794
C004,MockCompany_004,Bio,2021Q1,123.00348214554056,7.898776711776369,0.82570074583048,361.1557305453189,119.89037713029192,241.26535341502705,270.8667979089892,147.21382346210223,4.765895318560051,2.6794155178411585,396.55703598541766,0.0305919899677466,0.1757904192423642,-0.1099903431924498,1.989440153727869,1193.7457849955774,2.5648353843558165,99.9651075069735,0.4805833414129589,0.1069818627668557
C004,MockCompany_004,Bio,2021Q2,134.72382259299872,7.130078088135839,-0.6520223404295807,391.2782908606733,119.2777264599569,272.0005644007164,293.458718145505,133.89116999715452,-0.6608169134785769,1.3989393523067335,442.88067486411967,0.1168145680824724,0.2604998530903845,0.1355957496934639,2.134934282471854,1213.61206615973,2.5534204342518945,100.82563521437288,0.3147780369632782,0.1060576197796561
C004,MockCompany_004,Bio,2021Q3,142.80202297138132,5.583225849887855,2.966304629855921,422.36246482627854,123.51106268829416,298.8514021379844,316.7718486197089,190.3638246339384,-3.3711569188523773,3.20329610312324,483.50543497953936,0.0917284551372304,0.1996293622220523,0.2934880279954507,2.190420826969614,1225.0624230306244,2.507457417820354,101.75041965770367,0.528145158908168,0.0750693762063091
C004,MockCompany_004,Bio,2021Q4,158.033192113691,4.6083169340106895,-4.672448373071839,483.9750798284675,129.67776221237418,354.2973176160933,357.4130800468198,178.66711496623412,1.60925712462552,1.835291654932625,602.7375788849914,0.2465993870585913,0.1235499866078881,0.1956878476254744,2.2364989081598554,1227.919590850956,2.456848582313809,102.28187900396438,0.313736670668241,0.0648982853890287
C004,MockCompany_004,Bio,2022Q1,168.18808739056675,10.6082031201319,6.323262991017202,541.0258180409795,128.77733443961088,412.2484836013687,405.7693635307346,199.8932386100592,5.2909772384916325,1.3263602475071243,673.4345496402083,0.1172931193140464,0.3156100765541227,0.0217135468047027,2.225883332837898,1236.1695768536288,2.382030613325962,102.69151078644764,0.3204671451944135,0.0421345759233018
C004,MockCompany_004,Bio,2022Q2,188.9111087588392,27.770842443161605,16.675177077986664,610.642825116968,133.51176060678966,477.1310645101783,449.0020349150015,202.37886985450348,36.01207575190208,2.8925134779701778,662.3836536856664,-0.0164097549798208,0.2522595906624981,-0.063431608278491,2.2079813979886405,1232.604251819164,2.325291239678333,102.98319516656645,0.260586665051575,0.0702126406680788
C004,MockCompany_004,Bio,2022Q3,214.60060014600063,14.161904991259004,1.0374027628350797,711.0387147108677,139.57376302931974,571.464951681548,533.2790360331508,278.2294771072113,3.4774778959698223,3.3651132191019992,776.5604508216987,0.1723726068732588,0.304285205424647,0.27038545307919,2.1581666778069946,1228.0604786881363,2.2513323927600744,102.90664020847464,0.5731097434528793,0.0632081404078176
C004,MockCompany_004,Bio,2022Q4,239.07291123587152,8.615702207019458,-0.1563612107193553,799.2998095431298,136.43465601506222,662.8651535280676,568.6813368936085,265.1221924294013,4.194031711620771,2.640579603075204,925.1329374118504,0.1913212119326232,0.180488311185813,-0.4574003152261173,2.1040050233037144,1225.809480097077,2.1383654022992475,102.86003261234056,0.3658688972030783,0.0634231643885911
C004,MockCompany_004,Bio,2023Q1,253.5219408429257,12.672397733752248,3.7461614094911546,799.9787599006023,124.827165598243,675.1515943023593,549.495060907304,250.37888480794263,5.151435265090759,1.313669847182389,941.517884800569,0.0177109112929835,0.281523495459341,0.263747669740727,1.9956221031900596,1219.7215010256673,2.0225825098422714,102.26593506849407,0.3776086746907348,0.094066439312171
C004,MockCompany_004,Bio,2023Q2,268.0790474337184,26.871120217528933,12.490569832583295,845.1949149039713,125.11047227371418,720.0844426302571,515.3615529593853,265.0038013468066,14.17768013961042,2.1298068665005974,1193.7637876124434,0.2679140852064692,0.167060046585228,0.0028741072455644,1.894121446820648,1204.1598182505577,1.9943098283397755,101.6907724687152,0.1776194004217558,0.0222967396693683
C004,MockCompany_004,Bio,2023Q3,273.24058741814656,14.723400297250851,8.292727316913737,891.5913576990704,121.98138619377951,769.6099715052909,668.6935182743027,305.5679816813195,7.365212164326236,1.362016319133425,1273.805543248708,0.067049910934516,0.2490372304379679,-0.011779505534024,1.819969291286996,1191.2798000869036,1.928515533805814,100.87829339500068,0.5797668335901579,0.0951877692746639
C004,MockCompany_004,Bio,2023Q4,272.1346536438771,4.423215474975383,-1.211227611787042,883.8939851864025,126.37409881355424,757.5198863728482,638.3031513446288,314.68597966096047,-1.7225841495826586,1.554527555529565,1159.4021935028284,-0.089812256158115,0.3825306301820849,0.1058120574517289,1.756052416001933,1183.5323640840438,1.852818908595716,100.0619701171167,0.6330138581607108,0.0577730632970269
C004,MockCompany_004,Bio,2024Q1,263.10565785042724,-7.9089555941975185,-12.144548400987192,897.6283722041853,130.86658793495357,766.7617842692317,673.221279153139,342.4671811426482,-25.619336949086144,1.751701949444067,1041.5653922333072,-0.1016358274375076,0.2447632296492933,0.1771194792468359,1.7587309996894014,1173.976109166461,1.8576224807734163,99.21168470010004,0.4175671068304876,0.0419307891932251
C004,MockCompany_004,Bio,2024Q2,278.54516843541506,19.122468512923263,13.646154592638972,932.3154663098125,143.84584589080703,788.4696204190054,641.3049492450197,261.51797816995406,-7.203445876980444,2.317596787687161,988.5368223913335,-0.0509123769255337,0.1862748391826921,-0.3720264769024654,1.7937667874197327,1167.899114663148,1.8449702705610496,98.28689775455344,0.4950948853764158,0.1079198164284812
C004,MockCompany_004,Bio,2024Q3,305.30702408428874,14.45127899542451,9.953499454369242,1033.9375342959145,151.72700162681724,882.2105326690972,718.140046259579,329.62881674167653,-7.793680447715996,1.7699560496693214,1215.1230558566947,0.2292137514081006,0.2520199204462691,0.2286134867192268,1.84664547218398,1167.5228808962709,1.8806278517962416,97.63100259888348,0.5805448480876467,0.1062336200309076
C004,MockCompany_004,Bio,2024Q4,313.66176577232665,33.05521221235488,21.09422241652501,1005.242238633728,138.72321926683438,866.5190193668936,753.931678975296,341.7425539436744,0.2263978532382893,2.845032963087929,1256.3254148977194,0.0339079724003557,0.3602807528321073,0.2179176952890902,1.899535152101252,1167.7929946919262,1.875476095860354,97.31012927107444,0.3754559817714218,0.0590236522473765
C005,MockCompany_005,Bio,2021Q1,446.9358635112909,47.232918134542174,29.17520896268704,977.7317758635766,581.7785772205564,395.9531986430202,733.2988318976825,291.7285410172344,28.80777556526888,7.900170240739859,1079.608404654197,0.1746692892233945,0.2209420877031873,0.1551453436338409,1.989440153727869,1193.7457849955774,2.5648353843558165,99.9651075069735,0.1835590547949092,0.0997603390823436
C005,MockCompany_005,Bio,2021Q2,467.2517426603095,105.77073237305456,88.72647120048,1053.7179443826735,535.8765742638731,517.8413701188005,790.2884582870051,272.3678199959264,71.09031962411986,8.446765574583361,1343.388861050101,0.2443297544357238,0.2746616654777131,0.2499874166607981,2.134934282471854,1213.61206615973,2.5534204342518945,100.82563521437288,0.7607911485081401,0.0646548860477377
C005,MockCompany_005,Bio,2021Q3,459.02697364953184,125.47548207547536,119.42778083098246,1042.2568747474868,537.1390607204465,505.11781402704025,781.692656060615,331.3040213332161,128.7782334826886,6.18163258236274,1555.6472374710338,0.1580021857967576,0.2744716561730018,-0.0387522609170009,2.190420826969614,1225.0624230306244,2.507457417820354,101.75041965770367,0.2815414423204988,0.0597415006663722
C005,MockCompany_005,Bio,2021Q4,494.36768512730646,88.59929928718859,75.5335110530878,1171.8714586744484,571.070090950727,600.8013677237213,878.9035940058363,304.151206934439,113.3548878227272,14.199402806750708,1770.842873855186,0.1383318989040143,0.2663402023198779,0.1874349830721927,2.2364989081598554,1227.919590850956,2.456848582313809,102.28187900396438,0.3765892050423283,0.0772807854211845
C005,MockCompany_005,Bio,2022Q1,506.2854268028803,66.41603848565276,49.5804455469748,1223.667085425767,554.9234043950746,668.7436810306924,917.7503140693252,300.72810129215264,38.16128371035119,6.282472624047469,1491.754449366231,-0.1576020259106162,0.3861628481088073,0.2058238206453404,2.225883332837898,1236.1695768536288,2.382030613325962,102.69151078644764,0.3226250236024607,0.0843886627499973
C005,MockCompany_005,Bio,2022Q2,511.06204449618167,87.9965259992783,67.77182116732259,1247.1257541877426,577.4865847758937,669.6391694118489,935.3443156408068,288.7002724848988,90.66777419717192,13.93673291159199,1689.3625282873436,0.1324668942700765,0.1690047387199694,0.6036818156335201,2.2079813979886405,1232.604251819164,2.325291239678333,102.98319516656645,0.4993235424417976,0.0942784751705727
C005,MockCompany_005,Bio,2022Q3,564.2517101396558,112.20283070056418,86.61190227748959,1413.8870629780902,607.6746644216959,806.2123985563943,1060.4152972335676,432.7933565777951,90.4154825131779,7.069612625143084,1960.4562611977285,0.1604710228687365,0.2305015405390894,-0.0538320681283694,2.1581666778069946,1228.0604786881363,2.2513323927600744,102.90664020847464,0.0,0.0388170632576457
C005,MockCompany_005,Bio,2022Q4,624.0356960172772,116.98514922688013,108.0765304568896,1564.8275946841666,598.7655405495577,966.0620541346088,1173.6206960131249,417.6753727122895,132.77393239293338,12.60433709162705,2565.839061196225,0.3087968918157048,0.2280406518549899,0.6829761853948265,2.1040050233037144,1225.809480097077,2.1383654022992475,102.86003261234056,0.3636113845628259,0.1146329598556182
C005,MockCompany_005,Bio,2023Q1,659.6074233764726,149.80067703372106,126.43208154739332,1602.6786153906594,554.8274631607261,1047.8511522299332,1202.0089615429945,405.5807434412614,146.4034687673927,10.631785930532905,2761.1167667954483,0.0761067631062498,0.2241535234666083,0.5506370546435473,1.9956221031900596,1219.7215010256673,2.0225825098422714,102.26593506849407,0.1314293130620665,0.0602330599350201
C005,MockCompany_005,Bio,2023Q2,692.9272230276064,152.2518946407104,139.0742139358953,1715.4521072125078,568.1083948692899,1147.343712343218,1286.5890804093808,480.65498780128,100.78484496303692,10.245178019445866,2891.282562705905,0.0471424452148497,0.148858352367484,0.0971992218485094,1.894121446820648,1204.1598182505577,1.9943098283397755,101.6907724687152,0.1774871758771454,0.0877994255747763
C005,MockCompany_005,Bio,2023Q3,727.9421604930985,134.73900867375818,113.18973608082368,1922.0909003939923,580.3893788582783,1341.7015215357142,1441.5681752954945,511.29505865459055,56.29604953764112,6.896792723707625,2613.038726805644,-0.0962354352664369,0.2540007464841086,-0.1450367381311244,1.819969291286996,1191.2798000869036,1.928515533805814,100.87829339500068,0.5468037893329871,0.0621206402528694
C005,MockCompany_005,Bio,2023Q4,745.8482334375035,132.50012509630432,107.85239957354077,1865.4995436684453,607.0084031952804,1258.4911404731652,1399.124657751334,506.9732055331235,80.53431732127135,8.70031763513381,3179.4759160687245,0.2167733617769731,0.1604232229458674,0.2631764084221543,1.756052416001933,1183.5323640840438,1.852818908595716,100.0619701171167,0.0968978458379972,0.0467433828182487
C005,MockCompany_005,Bio,2024Q1,767.3059193597768,184.33849956595023,140.64789510186688,1968.67147870978,628.1173967983245,1340.5540819114551,1476.503609032335,590.2881097371145,118.01938074165068,14.223005658028816,2896.3850698179217,-0.0890369525430567,0.1869077545476586,-0.150989687924812,1.7587309996894014,1173.976109166461,1.8576224807734163,99.21168470010004,0.4657299889642878,0.0902280327747561
C005,MockCompany_005,Bio,2024Q2,749.4091307872027,119.60472490164932,101.76101758552676,1985.5376401444264,587.6949550922776,1397.842685052149,1489.1532301083198,566.7720762051732,142.20806261273952,11.088273136652308,2403.2308997757737,-0.1702654026155263,0.1361862992886436,0.0669487848116773,1.7937667874197327,1167.899114663148,1.8449702705610496,98.28689775455344,0.5043171379618263,0.0146453157239249
C005,MockCompany_005,Bio,2024Q3,748.5577725533699,140.97485814860278,105.52781056066743,1944.4650325994749,583.124808598033,1361.3402240014418,1458.348774449606,625.9221874538658,108.13037523960674,10.508823528747596,2462.94397716856,0.0248469996779573,0.2733805167155843,0.0889088614684368,1.84664547218398,1167.5228808962709,1.8806278517962416,97.63100259888348,0.3857901186392665,0.1094442051232971
C005,MockCompany_005,Bio,2024Q4,720.808161230824,130.88002419292445,106.95538820912054,1879.1284630976936,580.6814886598497,1298.446974437844,1409.3463473232705,538.0582792240134,56.38391760421048,7.003356487019842,2205.1081172034174,-0.104686043351077,0.2797477931077319,0.7652012772767318,1.899535152101252,1167.7929946919262,1.875476095860354,97.31012927107444,0.0834520041010887,0.0781003131047495
C006,MockCompany_006,Retail,2021Q1,103.6222263153769,10.861534692584218,5.887839408679011,292.0870190451602,156.61927146423324,135.46774758092698,145.82660880686151,115.1754198118848,0.6156367284199433,2.4752115050227084,594.1296302678568,0.0070687528356662,0.04,0.1645725663021613,1.989440153727869,1193.7457849955774,2.5648353843558165,99.9651075069735,0.1449205612945671,0.0363364478154368
C006,MockCompany_006,Retail,2021Q2,105.68212793226328,18.85859775468604,13.817098244822787,287.0817115232488,162.01068785219766,125.07102367105117,80.54554784180579,55.47195811133512,16.178202164795326,4.005846204946162,556.2601339432939,-0.0637394507785949,0.214962191465058,0.4718807330032739,2.134934282471854,1213.61206615973,2.5534204342518945,100.82563521437288,0.5641503859241769,0.0175946987105025
C006,MockCompany_006,Retail,2021Q3,109.98794227661412,8.575066213023694,2.399347083784591,287.7395717132377,172.44848452319962,115.29108719003813,129.63067316417383,119.74546026768392,0.0064035747023725,1.7792289637322962,521.1686059887154,-0.0630847436536874,0.1801502510397374,0.3291848633488284,2.190420826969614,1225.0624230306244,2.507457417820354,101.75041965770367,0.313566407413031,0.0510053414832189
C006,MockCompany_006,Retail,2021Q4,112.01925715151584,8.833506797540544,2.6466959548957094,285.1489729853228,178.5722338129049,106.57673917241786,109.52299213362154,58.9560005467776,2.193463165914393,2.481675996047437,468.94470742854753,-0.1002053806773209,0.1837030515176943,0.0704267515721983,2.2364989081598554,1227.919590850956,2.456848582313809,102.28187900396438,0.0822575672743607,0.0409206529197006
C006,MockCompany_006,Retail,2022Q1,115.93882834848964,13.166235946266031,9.514227715263251,289.31489673939774,182.9225615514087,106.39233518798903,108.39398329574377,95.75870611053418,12.027871794767275,2.571860120706481,525.4741505298687,0.1205460733554273,0.1113602656988363,-0.1234842264144163,2.225883332837898,1236.1695768536288,2.382030613325962,102.69151078644764,0.7247604326693212,0.0631838690410605
C006,MockCompany_006,Retail,2022Q2,121.3571048651264,15.863199305940256,10.490149512978606,301.2458388513916,194.12806710188235,107.11777174950927,93.95410095222876,77.22254173824503,8.431040001081204,4.71763138282233,529.7565356009883,0.0081495637165051,0.3413666519462821,0.1294981358483402,2.2079813979886405,1232.604251819164,2.325291239678333,102.98319516656645,0.2507038776311643,0.0517807002903424
C006,MockCompany_006,Retail,2022Q3,132.2612690135306,14.1238733331461,6.643338956128002,341.25960897923994,203.1433385623804,138.11627041685955,190.47316389062107,104.02874246858806,5.08280700435539,4.061036142316982,513.5005877260128,-0.03068569575368,0.1609666845284472,-0.1467806340501293,2.1581666778069946,1228.0604786881363,2.2513323927600744,102.90664020847464,0.247924444018552,0.0087028181775396
C006,MockCompany_006,Retail,2022Q4,156.82053852437153,18.520046238548574,10.8761227923771,409.5115307750879,209.20631270349065,200.3052180715973,128.42596150477723,97.53457830618365,10.924719779845256,4.03864518894154,706.3568050478953,0.3755715610296132,0.2308102818273275,-0.477643869451466,2.1040050233037144,1225.809480097077,2.1383654022992475,102.86003261234056,0.2078201220746447,0.0521940282899968
C006,MockCompany_006,Retail,2023Q1,171.87293455422568,13.03721207030972,11.17191325745735,430.1591002628934,208.93750236089195,221.22159790200143,169.98487494792488,138.53274046728578,1.0986020003776351,5.23363893676774,761.5406136010114,0.0781245514430548,0.2585715271458855,-0.0487630977090976,1.9956221031900596,1219.7215010256673,2.0225825098422714,102.26593506849407,0.2885526607447997,0.0373088509563614
C006,MockCompany_006,Retail,2023Q2,187.8993647963497,12.316236473096714,8.333280409433192,476.76731792571945,207.2437810533116,269.5235368724078,226.2261776164907,151.09795346815991,5.836180472758292,3.134600090168267,716.6178496519916,-0.058989321313539,0.2847140553912788,0.3260784290141368,1.894121446820648,1204.1598182505577,1.9943098283397755,101.6907724687152,0.4466837617975969,0.0130089393158123
C006,MockCompany_006,Retail,2023Q3,194.26659050087264,31.09237720402772,26.53555806025838,505.967509200736,211.26392593051315,294.7035832702228,222.07859078876112,185.16128563023776,16.576098957244902,4.133814153314901,703.6227224987643,-0.0181339707900634,0.2240539998305106,0.2260853967017453,1.819969291286996,1191.2798000869036,1.928515533805814,100.87829339500068,0.1253940244858194,0.002242581255864
C006,MockCompany_006,Retail,2023Q4,209.4733906153273,23.344035425296205,14.379905919010392,557.8452897737171,207.12385336259788,350.72143641111927,227.5226374244033,149.1960032642216,16.88711720428372,1.902185349542362,821.6882160313778,0.1677965900722043,0.1364063089534095,0.411857074015523,1.756052416001933,1183.5323640840438,1.852818908595716,100.0619701171167,0.5036148259761537,0.04224713689796
C006,MockCompany_006,Retail,2024Q1,221.41077300540263,36.402860212940304,26.88234925741268,577.3996646137124,191.2954970442433,386.1041675694691,277.0006688610762,161.39556275345566,30.512333241481976,2.488792396060004,920.8351425630666,0.1206624661243805,0.3369436667421931,-0.0719706320411328,1.7587309996894014,1173.976109166461,1.8576224807734163,99.21168470010004,0.3652171145975074,0.0
C006,MockCompany_006,Retail,2024Q2,237.4302855720687,40.30461490833803,32.29107632596248,620.3348700670282,188.6021144630911,431.7327556039371,184.40715271637475,133.88932534541186,36.95918882182757,2.008011769016586,989.5023914182372,0.0745706214730697,0.3088795218626778,0.1768339534543799,1.7937667874197327,1167.899114663148,1.8449702705610496,98.28689775455344,0.3304960907752265,0.0504776254616213
C006,MockCompany_006,Retail,2024Q3,253.33384262489136,27.000411046541068,17.496294201032942,690.2411374015334,162.6916488834323,527.549488518101,256.81661386634545,168.914662689261,-0.6840046343151478,1.630360076686669,992.7838735706111,0.0033162953226124,0.3053276184539582,-0.4792154292742452,1.84664547218398,1167.5228808962709,1.8806278517962416,97.63100259888348,0.5193486651443026,0.0336224475239427
C006,MockCompany_006,Retail,2024Q4,274.0642727447977,20.205357506621976,11.10748858153126,725.6694943219273,178.18175752808364,547.4877367938437,303.8293310978605,312.07688238032097,10.25262908374152,2.1032700533361903,989.7251300469376,-0.0030809762377311,0.2307613075267386,-0.3059005459897549,1.899535152101252,1167.7929946919262,1.875476095860354,97.31012927107444,0.0229450686892716,0.0255080882287956
C007,MockCompany_007,Bio,2021Q1,527.5636938872084,11.433862325316047,3.101023711185999,882.8496949172858,470.4952337847674,412.3544611325184,662.1372711879643,256.6852372836232,-6.264834732295967,6.224710089736672,1283.616653818596,-0.1161686652496585,0.2637235224415998,-0.0182995281161648,1.989440153727869,1193.7457849955774,2.5648353843558165,99.9651075069735,0.3209150557589912,0.0726172507472031
C007,MockCompany_007,Bio,2021Q2,529.5231929100017,45.97514440272683,27.35807195638586,895.7796092814572,471.8564150922679,423.9231941891893,671.8347069610929,281.5941063769887,5.454422452146972,9.08396521404667,1188.4037265093996,-0.0741755157398044,0.091180524992626,0.1236426870311555,2.134934282471854,1213.61206615973,2.5534204342518945,100.82563521437288,0.4453669530809835,0.0757915111059129
C007,MockCompany_007,Bio,2021Q3,523.1894978534336,6.862677806121484,-25.37404448940848,905.6861846889128,485.2764884413069,420.4096962476059,640.3640655371779,233.7978220884132,-14.615982118681696,5.0699193265849685,1280.4307462832571,0.0774375052190059,0.2500540457276923,-0.2890323711603265,2.190420826969614,1225.0624230306244,2.507457417820354,101.75041965770367,0.785092734160048,0.0864699342091548
C007,MockCompany_007,Bio,2021Q4,502.1805370033523,26.14378570691292,-3.3980976085529475,881.9049919398896,491.0963957530041,390.80859618688544,628.5812102997576,300.70729468953834,-14.127749510507208,7.384043816202232,1197.9008496930826,-0.0644547913502832,0.161753355379694,0.3496208286925766,2.2364989081598554,1227.919590850956,2.456848582313809,102.28187900396438,0.4567737073103434,0.0864871053562974
C007,MockCompany_007,Bio,2022Q1,523.6877945701993,-1.6148748384188818,-14.893070171612733,979.1977088327568,479.8503563249808,499.3473525077759,694.3489892186449,314.2260519928356,-15.962612273714337,9.659850800113777,1245.032904274147,0.039345538984416,0.1101634360714296,0.2054877619768108,2.225883332837898,1236.1695768536288,2.382030613325962,102.69151078644764,0.3162942833524189,0.0989737395594225
C007,MockCompany_007,Bio,2022Q2,471.3774264846599,4.996878126805163,-18.684428404250976,899.1947238939256,497.9998181614984,401.1949057324272,674.3960429204442,279.24403262446134,-6.162438904226439,11.502608627143424,1185.791513327996,-0.0475821889869559,0.1843196561723987,-0.0688844565375772,2.2079813979886405,1232.604251819164,2.325291239678333,102.98319516656645,0.3179178527167789,0.0205562734408218
C007,MockCompany_007,Bio,2022Q3,469.4301790858606,-20.54438364700144,-33.63003277095987,873.3507701127816,509.4151704507665,363.9355996620151,655.0130775845862,246.9358488735316,-13.720747069355031,9.337580367109952,1088.8418763759005,-0.0817594289235554,0.2374255826327725,0.0773917934089664,2.1581666778069946,1228.0604786881363,2.2513323927600744,102.90664020847464,0.6423793858071155,0.0732968453280288
C007,MockCompany_007,Bio,2022Q4,447.3458679445591,-14.13133183652038,-41.511556410096624,822.2951054584781,536.716621718235,285.5784837402431,616.7213290938586,264.6554456716341,-19.816106823810912,10.750138569391192,897.420579581103,-0.1758026587220578,0.2169109180038614,0.1591446635661908,2.1040050233037144,1225.809480097077,2.1383654022992475,102.86003261234056,0.6799796313731346,0.0927809511142236
C007,MockCompany_007,Bio,2023Q1,446.7008434723019,17.52148365366441,3.5346210129928743,809.3721855844313,546.5833854947506,262.7888000896808,607.0291391883235,242.173200887662,-3.7260463981772176,8.002164497986795,919.851689877533,0.024995092386783,0.2854769653795438,0.0332487608602197,1.9956221031900596,1219.7215010256673,2.0225825098422714,102.26593506849407,0.8302688594603461,0.060549017706713
C007,MockCompany_007,Bio,2023Q2,462.5572055324765,19.827091559331404,1.6910989388030877,911.8517798753794,565.5563237332477,346.2954561421317,683.8888349065346,299.3303227129207,-19.315768921369767,10.055258710672964,938.104254573222,0.019842943048916,0.2101889980525188,-0.0089321385424465,1.894121446820648,1204.1598182505577,1.9943098283397755,101.6907724687152,0.53570321247704,0.0488313976778995
C007,MockCompany_007,Bio,2023Q3,440.6822797145479,24.417207273378708,10.25685138172423,913.4415596271529,591.9514464950902,321.4901131320627,685.0811697203646,247.31294092721853,12.81060466506148,5.525648470595818,782.0945075010678,-0.1663032081046565,0.1507059932660381,-0.1544987827590434,1.819969291286996,1191.2798000869036,1.928515533805814,100.87829339500068,0.289315415228267,0.0625086733986158
C007,MockCompany_007,Bio,2023Q4,448.8647896140374,23.700512484140106,4.540035036123493,888.498465719139,571.1628295606212,317.3356361585178,604.349186434974,245.4081183195375,-4.073849875038373,5.316959518978005,933.3910672213808,0.1934504823512091,0.2439186299261528,0.2492322591845068,1.756052416001933,1183.5323640840438,1.852818908595716,100.0619701171167,0.3063233534043126,0.0450213777167246
C007,MockCompany_007,Bio,2024Q1,446.11998279124464,10.780732700232026,-1.3845887985381948,894.3705554117095,597.0019955832319,297.3685598284776,670.7779165587821,281.282973773303,-17.013274779932498,12.33295109138161,963.1436327495018,0.0318757770166922,0.1652639653392891,0.2087548911973853,1.7587309996894014,1173.976109166461,1.8576224807734163,99.21168470010004,0.7678517683772926,0.1022921616414668
C007,MockCompany_007,Bio,2024Q2,440.89043965005385,3.9554768054184977,-19.61809349445436,895.137500428049,582.2547465682707,312.8827538597783,654.7565277920216,260.14712941019155,-17.435747932732315,10.012237342737496,1127.2671728446128,0.1704040129784017,0.2221831624968677,0.180911846308473,1.7937667874197327,1167.899114663148,1.8449702705610496,98.28689775455344,0.4416781076802956,0.0378273139865906
C007,MockCompany_007,Bio,2024Q3,435.8959349734311,0.0470935349074509,-10.682736491174005,856.5227041907223,618.4300482594886,238.0926559312337,642.3920281430417,278.9169659306124,-24.63305509830913,12.574897440875285,1094.167286898616,-0.0293629467293636,0.2932537671907055,-0.2488684623621369,1.84664547218398,1167.5228808962709,1.8806278517962416,97.63100259888348,0.6790141424248372,0.0868786164973724
C007,MockCompany_007,Bio,2024Q4,438.3001435783369,30.530361867921044,6.465052420426814,873.3634054316474,621.6774279642465,251.6859774674009,655.0225540737356,246.65363563960923,38.33304146474367,6.376832682736728,914.1374361052544,-0.1645359470613044,0.1635615000916146,0.1616796185061953,1.899535152101252,1167.7929946919262,1.875476095860354,97.31012927107444,0.3628391406502521,0.0857818682530394
C008,MockCompany_008,IT,2021Q1,145.01600532072572,32.3623991091408,24.473525530279403,279.1618681185308,104.03494111922868,175.1269269993021,140.49420424323085,91.43577881284078,20.78092266396652,1.4857621910284884,645.345101496817,0.1845811519142814,0.4058013949575784,-0.1228970308921293,1.989440153727869,1193.7457849955774,2.5648353843558165,99.9651075069735,0.2738899135399362,0.0623470237885011
C008,MockCompany_008,IT,2021Q2,151.96346794511257,29.35877030411421,24.03605483840524,297.5170008973482,109.89422702727938,187.62277387006884,129.20935292775764,81.87885558228308,15.881885664816954,2.621549017711208,722.9484673911904,0.1202509567584532,0.1769371633498145,0.1433334145966278,2.134934282471854,1213.61206615973,2.5534204342518945,100.82563521437288,0.6851579369296523,0.0632400764476139
C008,MockCompany_008,IT,2021Q3,138.30832657034634,31.60948302176315,23.900982234687145,282.68047292388815,106.60705841382234,176.0734145100658,81.34198805186418,62.52037692928598,31.131059685219054,1.0778598034297646,683.1025364362446,-0.0551158661401311,0.4213948713625808,0.2279219399913103,2.190420826969614,1225.0624230306244,2.507457417820354,101.75041965770367,0.5074247908794978,0.0910984222888339
C008,MockCompany_008,IT,2021Q4,147.78430888032622,26.08629338990132,22.185594748834333,311.2304014673716,111.92115718842174,199.30924427894985,143.68919890161743,117.14938925408276,16.836817212635538,3.0633592356587203,637.5544974345718,-0.0666781874933412,0.2120064904276019,0.1043349296907055,2.2364989081598554,1227.919590850956,2.456848582313809,102.28187900396438,0.5313896852638066,0.1092833954020592
C008,MockCompany_008,IT,2022Q1,170.58456741396105,44.73793078117129,40.37266615330815,369.7254961635235,107.73523159187673,261.9902645716468,145.25705130111731,120.32912334975802,42.57070777665177,1.3501226862468023,693.7769657970168,0.0881845686740131,0.2403555718129975,-0.143890864240077,2.225883332837898,1236.1695768536288,2.382030613325962,102.69151078644764,0.356394653665662,0.0678323824789469
C008,MockCompany_008,IT,2022Q2,181.43169197046743,34.284427518191734,26.76764549955909,396.4337647208616,98.79742419481904,297.6363405260426,185.7017023456495,226.2207692439498,30.73307150181507,1.9208151172274268,689.2707037441968,-0.0064952604006435,0.1646471986336248,-0.0435510479665897,2.2079813979886405,1232.604251819164,2.325291239678333,102.98319516656645,0.2533687624420327,0.0847175819553787
C008,MockCompany_008,IT,2022Q3,178.91765651206768,27.33801532371976,22.86692937917894,388.5335945188549,95.82839349762789,292.705201021227,209.0338781865893,258.01415592750635,14.074932916759089,2.120263395930999,760.9107756698371,0.1039360465147921,0.1404013649019486,-0.1216438394220505,2.1581666778069946,1228.0604786881363,2.2513323927600744,102.90664020847464,0.4424353094829969,0.0118225050763672
C008,MockCompany_008,IT,2022Q4,185.08802260959123,46.29821911841889,40.99189780748744,427.056249870832,89.97232384384989,337.0839260269821,211.0339012054457,215.059788615986,52.95392863889657,1.3172418859969617,753.1071900713874,-0.0102555856060523,0.121351845787338,0.0726930460255569,2.1040050233037144,1225.809480097077,2.1383654022992475,102.86003261234056,0.4993308992244023,0.0667565949202874
C008,MockCompany_008,IT,2023Q1,198.11960738070832,59.75008464474013,57.43329579730468,471.8888815041085,88.91475696909298,382.97412453501545,179.17620652075698,130.67664794039848,50.44575190055677,2.123748640792152,851.7061425728344,0.1309228670252115,0.2796750947857807,-0.1053266505860611,1.9956221031900596,1219.7215010256673,2.0225825098422714,102.26593506849407,0.0736423306953992,0.0220850633120447
C008,MockCompany_008,IT,2023Q2,196.99083997266075,36.12142167512053,32.544002179808416,474.1475675547367,88.19887633891886,385.94869121581786,178.8932209874027,135.75186803674012,30.34412851221666,1.8488641696657089,854.0783635860447,0.0027852576077991,0.04,0.0539032862053789,1.894121446820648,1204.1598182505577,1.9943098283397755,101.6907724687152,0.4643223862938028,0.0629982843279781
C008,MockCompany_008,IT,2023Q3,201.80243201201432,41.66367133659657,34.52803703795553,490.4383076154052,93.1173575553326,397.32095006007256,174.5036657449774,122.25727619965087,31.99582348571623,1.2480264453918382,1064.574689405392,0.2464602017729734,0.1902332889622886,-0.4618748020813115,1.819969291286996,1191.2798000869036,1.928515533805814,100.87829339500068,0.2677890600132765,0.1007968783572325
C008,MockCompany_008,IT,2023Q4,220.0305602823589,53.38795796814933,42.97246248550464,535.1235108073804,91.71379584638956,443.40971496099087,293.5122605461314,227.54472404630863,40.79556060288007,2.06494445805726,1103.7972298676962,0.0368433899966301,0.2008786314065921,0.3718936909407491,1.756052416001933,1183.5323640840438,1.852818908595716,100.0619701171167,0.4332860111419135,0.0272131710067385
C008,MockCompany_008,IT,2024Q1,247.3347660501383,57.96110685477018,55.43960130506168,598.1788727342865,98.35505054895364,499.8238221853329,272.3679685472548,209.99365544643527,45.908773070677405,1.9857361104378768,1440.877557208744,0.3053824726317271,0.1307725734318532,-0.2985974162864478,1.7587309996894014,1173.976109166461,1.8576224807734163,99.21168470010004,0.4421660184338711,0.0857809582016787
C008,MockCompany_008,IT,2024Q2,254.05298125682265,49.13639418198856,44.76468669677259,629.3775384500756,91.57292675787764,537.8046116921979,253.8244010588999,225.1309723863245,46.44218076797861,1.405194002859273,1474.6685483659744,0.023451674285697,0.04,0.218100108693557,1.7937667874197327,1167.899114663148,1.8449702705610496,98.28689775455344,0.5652509266983402,0.1072531085574143
C008,MockCompany_008,IT,2024Q3,275.93171388377726,48.9793103086261,40.391003539138026,698.7346908715551,103.3537463593291,595.380944512226,323.617507272764,201.72985020549868,41.33321378522514,2.243433096605338,1736.3826332035324,0.1774731583768798,0.1347338681612453,-0.1788281913766892,1.84664547218398,1167.5228808962709,1.8806278517962416,97.63100259888348,0.5399456835754048,0.1043085585716629
C008,MockCompany_008,IT,2024Q4,290.4046844050603,71.22502138288866,55.51968599378306,755.4557401413714,100.59801202789612,654.8577281134752,441.673973603267,326.36443704966086,62.1787268940992,2.0502272871433607,1789.6907002546563,0.0307006451410847,0.2990306950334984,0.0824680053725308,1.899535152101252,1167.7929946919262,1.875476095860354,97.31012927107444,0.062933039775661,0.0959572482245954
C009,MockCompany_009,Retail,2021Q1,679.6658980154306,56.80159548198979,33.51911417842319,1968.98558627416,722.5555639520175,1246.4300223221426,1476.73918970562,863.3863247103029,30.447564459762933,16.279779526499503,3483.1853147816323,0.002917453767419,0.1558380216790738,-0.0377621739765516,1.989440153727869,1193.7457849955774,2.5648353843558165,99.9651075069735,0.5529610366313089,0.071655070490642
C009,MockCompany_009,Retail,2021Q2,692.6757218618873,67.5268989926571,26.196780928521992,2097.686851329765,721.5002932868179,1376.1865580429471,1279.7246163917114,624.9827773045644,75.20925661700815,14.675653190715549,3552.564094975113,0.019918199556899,0.1224481137809103,-0.2322378083749969,2.134934282471854,1213.61206615973,2.5534204342518945,100.82563521437288,0.5670588044046653,0.0310894630214175
C009,MockCompany_009,Retail,2021Q3,670.4759779118255,20.702435987135345,-16.933962834425863,2014.5622218424696,743.1933895758699,1271.3688322665998,1110.3018245303383,604.5559126069193,-11.8536049182752,18.81977133314276,3166.4283756895184,-0.1086921189773213,0.1722093733121174,-0.3191616169145071,2.190420826969614,1225.0624230306244,2.507457417820354,101.75041965770367,0.436615852580188,0.0379699134975725
C009,MockCompany_009,Retail,2021Q4,708.3366976899077,104.5221379075225,86.37970980599692,2170.5559016317234,812.5367993765024,1358.019102255221,1449.6571473791528,1007.9739490593948,85.66809868465782,20.129269083187737,3300.605416759625,0.0423748858809693,0.2796507844894266,-0.1576976752296472,2.2364989081598554,1227.919590850956,2.456848582313809,102.28187900396438,0.1271691260716589,0.038529225470816
C009,MockCompany_009,Retail,2022Q1,678.5517851677797,41.51352779325281,4.0590719214768685,2163.135555282167,844.8462260879675,1318.2893291941996,1381.8787788188274,697.971388434955,2.108575868388627,21.12298576490481,2831.435636579985,-0.1421465825018999,0.2668301595121785,0.3462869294053727,2.225883332837898,1236.1695768536288,2.382030613325962,102.69151078644764,0.381629690313213,0.0305946735259506
C009,MockCompany_009,Retail,2022Q2,691.3091382815804,84.36001723849292,49.58853671861036,2229.819656900452,863.1261071247411,1366.6935497757106,1427.3844046452325,666.5706572407837,34.46724572973806,10.387386475000454,3251.217010881883,0.1482574312757259,0.0612310802450243,0.0968017711415174,2.2079813979886405,1232.604251819164,2.325291239678333,102.98319516656645,0.2621932247040435,0.0257322403881723
C009,MockCompany_009,Retail,2022Q3,666.0385063366557,34.45618343224534,-1.0401541125806766,2143.663356288477,835.315196605832,1308.348159682645,1304.1380324797344,522.4695053549049,1.5333013413763652,14.779799231813538,3322.9159950533294,0.0220529678368033,0.1334781781866899,-0.436373370968674,2.1581666778069946,1228.0604786881363,2.2513323927600744,102.90664020847464,0.6529266376496944,0.0640023211660887
C009,MockCompany_009,Retail,2022Q4,693.6794727463651,57.938480945315256,30.46320565944472,2177.046420898744,874.5231954793439,1302.5232254193998,1423.144492191238,687.8151781883342,11.846910128881674,9.349276056486142,3104.1347696593893,-0.0658401312942094,0.1573184379453696,0.2453258753347251,2.1040050233037144,1225.809480097077,2.1383654022992475,102.86003261234056,0.2686994144711043,0.0176489169035589
C009,MockCompany_009,Retail,2023Q1,742.4534781154725,87.22753496022423,55.92690119345458,2523.968005756513,911.9489417124042,1612.0190640441087,1489.3351572480233,745.443984999152,77.2565035108288,13.431598338711565,3165.393891991857,0.0197346851468017,0.2400868346097972,0.2734015472371642,1.9956221031900596,1219.7215010256673,2.0225825098422714,102.26593506849407,0.4077152816307489,0.0373617497954909
C009,MockCompany_009,Retail,2023Q2,813.6586793456565,76.0786714499086,29.718643939716618,2842.425804501938,951.1777558930648,1891.248048608873,1724.1564157639189,851.4843154848791,53.9663641042948,9.590260876422034,3835.291102061259,0.2116315482140083,0.2699422143135251,-0.1714064196127979,1.894121446820648,1204.1598182505577,1.9943098283397755,101.6907724687152,0.2216710320637136,0.0377175538203352
C009,MockCompany_009,Retail,2023Q3,805.6923112274732,68.11784897360064,43.894454418110456,2797.377717412397,895.89257556072,1901.485141851677,1928.989097631096,931.9864975902524,66.23062690131748,15.516984483722364,3894.5437307509865,0.0154493171738339,0.2540783084645538,-0.2523932560990544,1.819969291286996,1191.2798000869036,1.928515533805814,100.87829339500068,0.3513759872273193,0.0320933338672408
C009,MockCompany_009,Retail,2023Q4,786.4882040980317,103.52095566707392,87.63337696380981,2749.6501256273946,934.1619709721656,1815.4881546552288,1775.2695229894057,814.1094414543479,82.10603010733345,13.437032498980434,4146.575419998303,0.0647140478247286,0.2464316771886882,0.205603265318877,1.756052416001933,1183.5323640840438,1.852818908595716,100.0619701171167,0.2503119991612104,0.0088684304650381
C009,MockCompany_009,Retail,2024Q1,797.6321416804789,117.55733475176405,75.50645574913396,2946.059108615458,945.3243960917384,2000.73471252372,1877.447248102418,1044.976012182611,22.66549432577797,8.029083929779704,4493.191881185719,0.0835910181485515,0.1373279156882703,0.7941396636011989,1.7587309996894014,1173.976109166461,1.8576224807734163,99.21168470010004,0.1870889626081281,0.0035654381254657
C009,MockCompany_009,Retail,2024Q2,741.5971918632135,54.5725250808339,43.97190457526777,2570.329193502155,897.0090568752869,1673.320136626868,1501.6002159477785,897.1626501144716,40.03113989079071,11.050144171739955,4434.190540287151,-0.0131312755962244,0.2601906986170142,0.2897991437990238,1.7937667874197327,1167.899114663148,1.8449702705610496,98.28689775455344,0.3497122399986418,0.0425866725204167
C009,MockCompany_009,Retail,2024Q3,727.5423167995829,81.52644155047076,73.82143781382275,2496.1819274818163,880.7622126882713,1615.419714793545,1323.8476229949204,622.619969935858,7.811869636084914,10.875563332731115,4642.581215219738,0.0469963284255014,0.1551640952164501,-0.3351764418041326,1.84664547218398,1167.5228808962709,1.8806278517962416,97.63100259888348,0.5031833433828699,0.0215725752608471
C009,MockCompany_009,Retail,2024Q4,699.8738060572696,81.42081668395743,49.5765255715014,2258.842029295595,909.7113240592512,1349.1307052363436,1694.1315219716962,744.5021057668017,42.43106237986782,8.683790016253909,4841.3882284948,0.0428225170565277,0.142240436821063,0.0710602308240158,1.899535152101252,1167.7929946919262,1.875476095860354,97.31012927107444,0.1590571356890401,0.018888605877932
C010,MockCompany_010,Manufacturing,2021Q1,617.6596263530355,36.43308211139068,27.21773304262425,933.7377010956784,544.0561067371254,389.681594358553,574.628248681836,325.1997251755759,13.45693384810858,13.077417667987945,2903.874499554414,-0.0050000998190288,0.2399307278456709,0.1832572931964454,1.989440153727869,1193.7457849955774,2.5648353843558165,99.9651075069735,0.5729291780618109,0.0057580999743895
C010,MockCompany_010,Manufacturing,2021Q2,621.0836559868229,86.59283360018709,75.01465498608331,912.7013991044664,551.4706841445854,361.23071495988097,582.1259193350954,351.4651397190383,23.403020557889164,7.771601029286701,3281.2600762219904,0.1299593273488521,0.1516041697042581,0.5533358057667239,2.134934282471854,1213.61206615973,2.5534204342518945,100.82563521437288,0.408326124946278,0.0607013391349795
C010,MockCompany_010,Manufacturing,2021Q3,666.0186669201826,62.19303175555719,32.970102516872856,985.4048619087064,602.3502559996698,383.0546059090366,589.0758283535412,309.1979617996853,66.66404017483481,12.337550290747323,4007.749899391878,0.2214057423958788,0.2229761075698325,0.4739929675785242,2.190420826969614,1225.0624230306244,2.507457417820354,101.75041965770367,0.4519964418163413,0.0695930090298249
C010,MockCompany_010,Manufacturing,2021Q4,686.8896563594411,64.56982359982648,49.49958215753316,1016.2611613098534,649.7643505771197,366.4968107327337,679.3360081063423,291.32499929515404,48.66291750875007,16.99856128877021,4048.23952036483,0.010102831261775,0.0482387197940047,0.2686177921365448,2.2364989081598554,1227.919590850956,2.456848582313809,102.28187900396438,0.4021892221731167,0.053490780124664
C010,MockCompany_010,Manufacturing,2022Q1,757.9312540304779,76.54681617457649,48.45222937091345,1069.1912976844658,622.0262596077988,447.165038076667,784.304709052821,404.1070802433368,19.85782367711041,7.840195266881298,4556.811663384656,0.1256279774112756,0.2649920027291059,-0.2955960566207509,2.225883332837898,1236.1695768536288,2.382030613325962,102.69151078644764,0.2707829135955208,0.0418238938715847
C010,MockCompany_010,Manufacturing,2022Q2,841.9367463768234,116.07614395792352,93.10554758685096,1196.0778765539003,670.7155868297305,525.3622897241701,722.3453022395238,446.4706987725093,39.638404850076334,14.716681602772086,4957.768139887489,0.087990574577536,0.2449575965517441,0.1615076412893952,2.2079813979886405,1232.604251819164,2.325291239678333,102.98319516656645,0.5165481768327059,0.0705889868066258
C010,MockCompany_010,Manufacturing,2022Q3,870.061914503399,70.46450962591877,41.03455572777683,1236.6627573961755,720.7848809284297,515.8778764677458,778.342732064598,316.6177616680233,82.70891378403985,8.029873185938959,5203.169759400346,0.0494984058529259,0.226652692182176,0.1261379313412899,2.1581666778069946,1228.0604786881363,2.2513323927600744,102.90664020847464,0.7091707714373507,0.0138669883755607
C010,MockCompany_010,Manufacturing,2022Q4,974.321966931598,88.4958977542947,77.2269502306944,1436.1012154904065,714.787355855075,721.3138596353315,753.5888886533268,397.1029039622384,63.46481690188644,7.624029341620843,6693.192305568856,0.2863682361077203,0.1131946651919451,-0.1261124205327559,2.1040050233037144,1225.809480097077,2.1383654022992475,102.86003261234056,0.3731119988223302,0.0592352447687051
C010,MockCompany_010,Manufacturing,2023Q1,1118.2876854283293,90.74611037383484,23.454103165937656,1688.136295247637,689.1973777648635,998.9389174827736,965.0594450501264,474.079934621568,35.10747737337071,10.655903402108729,7458.061048227904,0.1142756262990776,0.266801576518218,0.0729460759573821,1.9956221031900596,1219.7215010256673,2.0225825098422714,102.26593506849407,0.1559742710992436,0.0146756493839954
C010,MockCompany_010,Manufacturing,2023Q2,1197.4780792303557,176.07459869999732,152.42264229226143,1761.3198642536358,711.0293936401232,1050.2904706135128,1106.6225897099678,549.9388165468547,47.60617069722934,7.126842869911866,8336.044086483716,0.1177226939519928,0.2027186862084947,0.1444257916887976,1.894121446820648,1204.1598182505577,1.9943098283397755,101.6907724687152,0.241078339597046,0.0442426481409782
C010,MockCompany_010,Manufacturing,2023Q3,1233.5510286119743,100.4811609312172,66.45350834516582,1936.2012757730524,714.9668719007238,1221.2344038723286,1452.1509568297893,814.2281099097215,33.61179048035578,8.989977292788955,8843.418381429221,0.0608651165566859,0.2729825281375924,-0.0071763074684308,1.819969291286996,1191.2798000869036,1.928515533805814,100.87829339500068,0.616507977067643,0.0409787321158365
C010,MockCompany_010,Manufacturing,2023Q4,1265.6695497919022,118.5334425221006,98.78120333251448,1965.4201107877493,723.8479101351854,1241.5722006525643,1291.6425770837975,652.657572748704,104.22405364528149,9.479190040451876,9321.478215185476,0.0540582626691234,0.1360485767778465,-0.1359903538193097,1.756052416001933,1183.5323640840438,1.852818908595716,100.0619701171167,0.212343653824961,0.0052902786350432
C010,MockCompany_010,Manufacturing,2024Q1,1386.27497305242,82.04561949874036,29.851465244829715,2194.766003017717,698.9817382472288,1495.7842647704883,1083.3527803358609,651.7041729289854,8.678994383910961,11.579493680636482,8828.461356749238,-0.0528904157747288,0.1276453845092356,-0.1622972759640547,1.7587309996894014,1173.976109166461,1.8576224807734163,99.21168470010004,0.2964042409599776,0.0009487292286836
C010,MockCompany_010,Manufacturing,2024Q2,1456.50263638226,229.9507568182865,172.07207273782387,2300.358845812424,689.4172324361389,1610.9416133762852,1625.273145826172,921.4604634531958,161.79238160478684,8.140993567139327,8961.04706192256,0.015017985560073,0.2445085763544952,0.085368673407535,1.7937667874197327,1167.899114663148,1.8449702705610496,98.28689775455344,0.5031324231503711,0.0212913615533745
C010,MockCompany_010,Manufacturing,2024Q3,1612.782874592953,221.194571307741,146.96953338332037,2639.324327427081,748.9478853701709,1890.37644205691,1637.1209140514209,1148.876477318909,160.69594001656873,11.518687059070793,9255.372817342391,0.0328450183763106,0.1329672316405047,-0.0041909145604601,1.84664547218398,1167.5228808962709,1.8806278517962416,97.63100259888348,0.4423377931791932,0.0
C010,MockCompany_010,Manufacturing,2024Q4,1664.735282776164,232.94997509571257,164.97559297653945,2659.5549878503093,801.8857577700164,1857.669230080293,1450.0828655944376,761.1035694283017,174.00013327727405,6.986802401808679,9903.503304791078,0.0700274856820723,0.1386285356247149,-0.3129572330852037,1.899535152101252,1167.7929946919262,1.875476095860354,97.31012927107444,0.4808523019942652,0.0396458644379728
C011,MockCompany_011,IT,2021Q1,441.257004778302,113.70755344587596,91.16432745876696,771.6713974013047,310.7343582343936,460.9370391669111,170.077363889884,150.7770185513628,73.22156991488868,6.411040820044568,1022.0508932489502,-0.0280525734998801,0.0466547302587938,-0.2731782092942822,1.989440153727869,1193.7457849955774,2.5648353843558165,99.9651075069735,0.4941640229180324,0.0172512338280007
C011,MockCompany_011,IT,2021Q2,418.2943084063759,103.28991302285984,91.71520071942724,764.0769593727415,309.08538972376846,454.991569648973,155.56664132055982,193.64562857070217,85.2026017114492,3.511822925705245,1017.1784058846004,-0.0047673627571136,0.1533604893068746,0.1567616754478292,2.134934282471854,1213.61206615973,2.5534204342518945,100.82563521437288,0.4163333093054899,0.0684769236323016
C011,MockCompany_011,IT,2021Q3,427.8273479928471,100.72461734590608,77.29932748190745,805.2688989196313,298.12883844958054,507.14006047005074,201.61433472233784,275.7681208387738,110.66615817011012,5.122635230561373,1069.4775839468807,0.051415934274379,0.2869963696118772,0.2337832616720674,2.190420826969614,1225.0624230306244,2.507457417820354,101.75041965770367,0.3257418495438129,0.0532501225780444
C011,MockCompany_011,IT,2021Q4,420.49297669160217,96.09620805362078,72.98614317799412,801.0660451581252,293.10980720906406,507.9562379490612,212.2664302758333,246.13709448098427,62.57454209878588,5.822233084352508,1027.926377342898,-0.0388518723792594,0.2044964522471321,-0.0567443426436844,2.2364989081598554,1227.919590850956,2.456848582313809,102.28187900396438,0.3129764306732621,0.0821997842701146
C011,MockCompany_011,IT,2022Q1,445.80535008715685,101.93236927381668,89.11581230769266,861.56626411398,305.4102269942028,556.1560371197772,183.09762653245284,209.52285014170275,95.44291626108937,7.859509531246302,1076.9737384139803,0.047714857943295,0.1723874506205681,-0.6592542197381818,2.225883332837898,1236.1695768536288,2.382030613325962,102.69151078644764,0.2567807048633339,0.0568896276757239
C011,MockCompany_011,IT,2022Q2,439.8291714834373,74.2351900587003,68.30665677246873,851.3134067114802,314.6199011733684,536.6935055381118,251.8669204235212,317.27179645729063,31.54042316397157,7.475445609466234,1004.0961490788952,-0.0676688639060124,0.199337609285633,-0.1283778844326749,2.2079813979886405,1232.604251819164,2.325291239678333,102.98319516656645,0.4437817895869198,0.0630194770197079
C011,MockCompany_011,IT,2022Q3,470.502067958928,83.68415072853995,78.38985586000253,906.4101206036164,294.96784270529105,611.4422778983255,222.0834626765296,376.9124331915048,37.04050269259788,7.548126965571059,1010.0717426682298,0.0059512165192708,0.2467029236234358,0.1523558851353182,2.1581666778069946,1228.0604786881363,2.2513323927600744,102.90664020847464,0.2144181065628687,0.0634942842359219
C011,MockCompany_011,IT,2022Q4,442.3504675202847,105.3183977091052,82.35325140675093,906.6825241718884,306.66968879968675,600.0128353722018,256.27716789918946,829.7859303991199,80.58807429782391,5.566515263006193,933.6109900137958,-0.0756983384689621,0.1115331854278305,0.0428775636716494,2.1040050233037144,1225.809480097077,2.1383654022992475,102.86003261234056,0.3672697051261714,0.0936103967135068
C011,MockCompany_011,IT,2023Q1,455.1940499509004,76.03005336710139,60.1765819191468,956.3576068584748,340.05277706790685,616.304829790568,334.038192884096,731.931125061451,66.26759547591658,8.329663112331174,1000.3156672444072,0.0714480420047601,0.0976596822259786,0.1565573192326399,1.9956221031900596,1219.7215010256673,2.0225825098422714,102.26593506849407,0.2522938564898671,0.0725042409498368
C011,MockCompany_011,IT,2023Q2,445.6432289104894,83.87126372611142,76.99528844763452,973.9315566381796,336.001063611147,637.9304930270325,275.4869478853856,595.8850747411994,26.56820668240045,3.647149984219488,1039.3761510113577,0.0390481575426596,0.3169439334037844,-0.1978586789044018,1.894121446820648,1204.1598182505577,1.9943098283397755,101.6907724687152,0.3854486423042301,0.0464210018907652
C011,MockCompany_011,IT,2023Q3,405.56554939862497,62.02414405942934,48.23329159286269,840.6862624810216,364.915230898497,475.7710315825246,303.3138210659432,643.5435133521115,79.9026819292749,5.660794403418298,988.6345399009198,-0.0488192951714968,0.0952723958089611,0.1697722922590724,1.819969291286996,1191.2798000869036,1.928515533805814,100.87829339500068,0.0293749105879118,0.0644294456060697
C011,MockCompany_011,IT,2023Q4,415.5249569465692,102.68644038038724,80.64838115435278,876.4345102004479,372.0221192277897,504.4123909726582,233.920643235471,421.8197465479717,68.31776026007974,5.560666009070913,1053.33447794024,0.0654437362119722,0.315265007840341,0.0124560007053121,1.756052416001933,1183.5323640840438,1.852818908595716,100.0619701171167,0.5005214436316496,0.096982891410803
C011,MockCompany_011,IT,2024Q1,418.6876895415589,66.82518594849712,54.46455168669817,903.6415485506158,387.7564011190725,515.8851474315433,183.39518767794064,186.1274922641105,36.5353859958538,3.489423189900176,1168.281989146709,0.1091272654733992,0.2285405032246686,-0.037924909020942,1.7587309996894014,1173.976109166461,1.8576224807734163,99.21168470010004,0.4169691531867781,0.0684976938061217
C011,MockCompany_011,IT,2024Q2,402.02636364831,58.60623600954971,50.58668020880472,840.8368240736002,363.70863367450886,477.1281903990913,232.83442343306905,186.5750295439516,21.71917463386421,6.510959615014054,1152.8830969875685,-0.0131808007845671,0.2377000366276715,-0.3293168470515438,1.7937667874197327,1167.899114663148,1.8449702705610496,98.28689775455344,0.4906284382624636,0.0616266990681598
C011,MockCompany_011,IT,2024Q3,389.20879089354287,83.8481435896391,67.44825261107694,848.8972267415892,355.32760933799767,493.5696174035915,281.2877266904519,418.5994017870288,55.53325093396971,3.3918271933259745,923.5418711798856,-0.1989284311713313,0.2741484730861233,0.0064443727667013,1.84664547218398,1167.5228808962709,1.8806278517962416,97.63100259888348,0.3182680095379206,0.0802437804905822
C011,MockCompany_011,IT,2024Q4,355.3540510405688,69.41045667157702,61.4670927601202,753.231775071888,369.3738323667862,383.8579427051018,266.6063571945662,256.58164533262294,77.43194749668703,3.769966344439703,846.646287130981,-0.0832616110308733,0.1513306003276785,-0.4453423157645684,1.899535152101252,1167.7929946919262,1.875476095860354,97.31012927107444,0.4009462650070026,0.0746513210913047
C012,MockCompany_012,Finance,2021Q1,541.2200740057513,54.71715211427489,39.71043262635219,1162.922997985606,510.9007782397012,652.022219745905,379.9973563192484,404.2048873080599,43.06804634328557,9.27686848358489,1787.3266106869862,0.0383764745920195,0.3934244428893156,-0.3339490719473246,1.989440153727869,1193.7457849955774,2.5648353843558165,99.9651075069735,0.5687256211218664,0.0367533879591531
C012,MockCompany_012,Finance,2021Q2,528.3609388771201,66.26398568594021,52.21539627527849,1082.2843277578552,540.5779441804555,541.7063835773997,493.8381088780193,544.1390384195236,37.90975376970909,6.690259145900884,1796.2138959868705,0.0049723901869665,0.1497938207031176,-0.2191159524564706,2.134934282471854,1213.61206615973,2.5534204342518945,100.82563521437288,0.5078112329035613,0.0334032353718876
C012,MockCompany_012,Finance,2021Q3,532.7542080689249,68.33949692773652,36.29686787168754,1096.5395347058263,514.9433538441393,581.596180861687,372.689329180371,263.01486845447346,36.36306202250748,13.134138117207709,1581.369931269523,-0.1196093434069044,0.3331820846998617,0.019283517628634,2.190420826969614,1225.0624230306244,2.507457417820354,101.75041965770367,0.2528884691447574,0.0281502058775749
C012,MockCompany_012,Finance,2021Q4,522.5085755942126,79.87531914107272,53.25977640216085,1106.9207907718746,531.6258314817251,575.2949592901496,378.9397760510438,242.63739573552985,63.29716653410273,11.508465719654597,1560.507228918824,-0.0131928032386136,0.2321952602674817,-0.1027506803401104,2.2364989081598554,1227.919590850956,2.456848582313809,102.28187900396438,0.3972119458384381,0.0307789353699258
C012,MockCompany_012,Finance,2022Q1,514.6864324263687,61.71667446535502,32.05747398852079,1056.2228543512367,592.0589676936048,464.1638866576319,292.77251801304254,236.946696767278,1.4065729478916325,13.602563176332078,1443.7084756566196,-0.0748466595333407,0.2449232923695716,0.060389860165844,2.225883332837898,1236.1695768536288,2.382030613325962,102.69151078644764,0.3158211694527592,0.0087456970079822
C012,MockCompany_012,Finance,2022Q2,537.9538673158024,68.8459760698908,41.73927843701198,1155.18121438781,577.9936539268859,577.1875604609239,352.3588482300048,338.3244396033584,87.1829528301017,15.496877009546417,1570.5390407711811,0.0878505371777893,0.1286776436262371,-0.1545069569324974,2.2079813979886405,1232.604251819164,2.325291239678333,102.98319516656645,0.2329889366889425,0.0480590053458617
C012,MockCompany_012,Finance,2022Q3,518.7345413689837,61.88557989125452,45.147557875764086,1098.3689117972506,561.7900918862105,536.5788199110401,464.0572481398343,388.6152734951012,46.9305944124954,6.957659169807471,1492.466096332843,-0.0497109224359055,0.2557129512658215,0.2511760131082629,2.1581666778069946,1228.0604786881363,2.2513323927600744,102.90664020847464,0.4923224267479374,0.0324805521013503
C012,MockCompany_012,Finance,2022Q4,513.8253964587573,39.60770475761964,15.849144491220391,1101.297325404276,557.6832584416156,543.6140669626602,354.53328531776333,241.3421200118684,16.83985788675291,10.84403923336195,1261.9211985510228,-0.1544724522374714,0.1393910620366202,-0.3730346149552219,2.1040050233037144,1225.809480097077,2.1383654022992475,102.86003261234056,0.4478764062976995,0.1049924305459327
C012,MockCompany_012,Finance,2023Q1,535.9986668096336,49.82872983615137,23.1620616486621,1152.3211995699614,552.197754778118,600.1234447918434,397.61808458120976,519.8091384877555,9.418119138658165,10.956488684980355,1271.2873523426724,0.0074221384048417,0.2607508167064595,0.0783598191748738,1.9956221031900596,1219.7215010256673,2.0225825098422714,102.26593506849407,0.4385480859479585,0.0333738581820297
C012,MockCompany_012,Finance,2023Q2,544.4176774408558,47.61154337994035,29.374493188193583,1219.6413115028538,534.62899580824,685.0123156946138,351.80605093021376,293.6930665171743,-2.176978588958619,6.95358029475663,1345.1468770464508,0.0580982140408092,0.0518061668008836,-0.2159797630540608,1.894121446820648,1204.1598182505577,1.9943098283397755,101.6907724687152,0.5527522059290161,0.0806219754451778
C012,MockCompany_012,Finance,2023Q3,519.1254058997769,44.71972340999091,20.9054271989427,1121.1287293620624,538.0711312441852,583.0575981178772,255.83839161519657,312.3651533825674,27.71015723492242,11.000908325832444,1237.3531940187788,-0.0801352513001073,0.1401000300815266,-0.0271166803552831,1.819969291286996,1191.2798000869036,1.928515533805814,100.87829339500068,0.395166975065104,0.059572905161544
C012,MockCompany_012,Finance,2023Q4,518.2713318847443,58.14963199143689,31.969380041375224,1169.132157985841,526.4485813859332,642.6835765999082,416.1413315365354,368.6809340361552,42.78379431492642,9.036313050395954,1344.416424700076,0.0865260066396793,0.2985583522612018,0.0143455360762257,1.756052416001933,1183.5323640840438,1.852818908595716,100.0619701171167,0.3183921531384856,0.0267736581987945
C012,MockCompany_012,Finance,2024Q1,477.8071915140405,32.95586393589969,19.911706888938383,1139.7375685838258,541.7631956405664,597.9743729432594,464.12085543397393,442.7016434007774,34.53285028021852,11.043483949977512,1023.8271408766532,-0.2384598089799019,0.1929658072464082,0.15746920240362,1.7587309996894014,1173.976109166461,1.8576224807734163,99.21168470010004,0.6275694850765631,0.0371499766251303
C012,MockCompany_012,Finance,2024Q2,448.0118630116573,55.3402281678249,46.58416903085457,1083.192129573052,499.1763961884556,584.0157333845964,291.41352204966967,268.4654668744017,50.99488849607142,5.455025598509499,832.0132644676124,-0.1873498647875265,0.2571290998842641,-0.2303673215894144,1.7937667874197327,1167.899114663148,1.8449702705610496,98.28689775455344,0.5964101452906445,0.0
C012,MockCompany_012,Finance,2024Q3,450.8472703923303,46.63973879726469,26.46886998835616,1059.3267723217816,516.6912210172143,542.6355513045673,287.19478900662364,246.9891065101883,23.431084806295328,10.998739645038093,801.9499403100671,-0.0361332270066418,0.3125292426920515,0.0935763533470909,1.84664547218398,1167.5228808962709,1.8806278517962416,97.63100259888348,0.5353674339491212,0.0161088320893701
C012,MockCompany_012,Finance,2024Q4,424.6499149674018,25.60328824843271,16.383593424448218,1028.307435054311,483.1450814174641,545.162353636847,258.6348257552846,168.9739670273205,19.262579487563297,11.531500313921804,785.2615753394017,-0.0208097340392755,0.2530020903825024,-0.3732951507382684,1.899535152101252,1167.7929946919262,1.875476095860354,97.31012927107444,0.3153410480150764,0.0
C013,MockCompany_013,Finance,2021Q1,310.1988285208038,50.923721891526064,45.14832801853755,628.6812721567093,314.8063644636666,313.87490769304264,471.5109541175319,162.80338776572952,64.81869023492676,3.102198736228951,613.1296208338482,-0.1983979388216304,0.1395567425007577,-0.1946270734850963,1.989440153727869,1193.7457849955774,2.5648353843558165,99.9651075069735,0.4636438790060417,0.0437827418996979
C013,MockCompany_013,Finance,2021Q2,313.8628844663601,49.84148194024971,40.54928983912656,626.592328729079,330.59430437499594,295.99802435408304,469.94424654680927,176.5736915337587,39.23357332299032,7.999221376609641,622.0545988709505,0.014556429397367,0.1967924070316451,-0.1766538428127582,2.134934282471854,1213.61206615973,2.5534204342518945,100.82563521437288,0.7216047682383409,0.0333451841827809
C013,MockCompany_013,Finance,2021Q3,325.62884785025454,43.76567538645723,32.72780306698381,666.0659567580609,328.0302590178451,338.0356977402158,499.5494675685457,201.9955381539194,30.934481951519363,8.61544557572398,626.6619896246774,0.0074067304736424,0.1172223207452204,-0.3883339239700124,2.190420826969614,1225.0624230306244,2.507457417820354,101.75041965770367,0.3829104004630858,0.0408648895223359
C013,MockCompany_013,Finance,2021Q4,317.14393121825475,57.86872031101132,50.75464944820676,648.2267649273459,311.3493964636476,336.8773684636984,486.1700736955095,193.03130506712992,22.8576551609404,5.499445642920612,679.5966995848928,0.0844709122886473,0.127355005413668,0.1004251782371858,2.2364989081598554,1227.919590850956,2.456848582313809,102.28187900396438,0.1948833290705434,0.0273769457265209
C013,MockCompany_013,Finance,2022Q1,309.5450210711161,41.380137679453945,34.796289972973,644.4924545744456,350.872581816694,293.6198727577516,483.3693409308341,186.1097537416685,22.01409533871908,5.2827799128055775,603.3351030087597,-0.1122159607642515,0.2933030645225989,0.1296757167283839,2.225883332837898,1236.1695768536288,2.382030613325962,102.69151078644764,0.4118675426582637,0.0521738416942704
C013,MockCompany_013,Finance,2022Q2,320.3950710853744,46.51570932554073,34.12690077571061,647.298323458017,329.9440957431636,317.35422771485344,485.4737425935127,199.5432691372492,47.291502714244814,9.448970010250658,632.8244853428341,0.0488772859179161,0.215711568400815,-0.2889688024392947,2.2079813979886405,1232.604251819164,2.325291239678333,102.98319516656645,0.2855142305736833,0.049681441543621
C013,MockCompany_013,Finance,2022Q3,316.3199905130823,41.80330036622167,29.88407344679137,644.9294931291614,311.16189282581524,333.76760030334617,483.69711984687103,183.4426650016732,39.50872594549166,5.258026132779973,611.9302953120097,-0.033017353965855,0.2048811884331364,0.2339094380191806,2.1581666778069946,1228.0604786881363,2.2513323927600744,102.90664020847464,0.3351182397160923,0.0449775801324563
C013,MockCompany_013,Finance,2022Q4,323.9112323282799,57.339540864609255,53.86707560277578,654.2399393202,306.0524935239133,348.18744579628674,490.67995449015007,176.63515454969107,71.33216005059967,7.106561683070233,628.943676364234,0.0278028088861812,0.04,-0.0451675142045264,2.1040050233037144,1225.809480097077,2.1383654022992475,102.86003261234056,0.32640232507273,0.0309926764294245
C013,MockCompany_013,Finance,2023Q1,312.34104505689913,44.53018791711175,32.42237493637705,638.9408397860512,304.9719284683527,333.96891131769854,479.20562983953846,179.53358631015828,21.65125267756829,6.461436723762273,574.3196877054195,-0.0868503662753747,0.2603714893738087,0.5995323005821536,1.9956221031900596,1219.7215010256673,2.0225825098422714,102.26593506849407,0.3592415519284214,0.0158661121219923
C013,MockCompany_013,Finance,2023Q2,321.4648932505816,55.19115835098199,43.63223258035695,649.0792063404858,337.7626981161937,311.31650822429214,486.8094047553644,169.73548342536495,12.792524245900552,3.2407357804148345,678.9671426153518,0.1822111572180827,0.202386702970131,0.2034666637107685,1.894121446820648,1204.1598182505577,1.9943098283397755,101.6907724687152,0.4439712203928472,0.0189304107589818
C013,MockCompany_013,Finance,2023Q3,333.37789256309327,43.9037020834805,37.47743998990153,660.1518053253922,348.8533497585832,311.29845556680897,495.1138539940441,186.69114168236428,46.09693452034881,4.64248377529962,691.400268181204,0.0183118221567545,0.1218203015094514,0.2607034746599154,1.819969291286996,1191.2798000869036,1.928515533805814,100.87829339500068,0.2494986745573234,0.0437442954428764
C013,MockCompany_013,Finance,2023Q4,332.8473114694789,40.306605308404805,34.117819403291314,661.5217225919939,359.0594703623763,302.4622522296176,496.1412919439954,163.79077229667243,11.443670384382395,5.240875525960653,813.9926771735757,0.1773103289572956,0.1907040572512197,-0.3712666460269662,1.756052416001933,1183.5323640840438,1.852818908595716,100.0619701171167,0.3130668963687484,0.0713629510239759
C013,MockCompany_013,Finance,2024Q1,334.9727034974934,68.08437740318539,63.55134730491636,646.0073917506494,374.018821833146,271.9885699175034,484.5055438129871,185.0870228533767,26.641136304727297,4.50651876455712,754.9433085334837,-0.0725428745196196,0.1924703148345745,0.1513025779628803,1.7587309996894014,1173.976109166461,1.8576224807734163,99.21168470010004,0.5542430536420707,0.0501763358692638
C013,MockCompany_013,Finance,2024Q2,337.9279571597811,56.8389667410306,38.983923289654605,659.7019881197332,353.1297039503509,306.57228416938227,494.7764910897999,185.52676991854864,25.48305702678824,7.357945981563445,740.1431459758095,-0.0196043363658978,0.1417941054542884,0.5372802639945493,1.7937667874197327,1167.899114663148,1.8449702705610496,98.28689775455344,0.518704609925754,0.0555484300277169
C013,MockCompany_013,Finance,2024Q3,338.76937487750604,33.551040553086615,20.1817154546382,628.5738872099749,367.9719131960285,260.60197401394646,471.4304154074812,156.02532425853852,14.112786406312654,3.194665727304718,799.4372927306999,0.0801117284910024,0.2897702415867925,-0.0578448247345738,1.84664547218398,1167.5228808962709,1.8806278517962416,97.63100259888348,0.404567544176989,0.0425153701691134
C013,MockCompany_013,Finance,2024Q4,355.30187170571133,61.511996961444,42.7940869332894,675.7653859942865,433.67377890924337,242.0916070850431,506.8240394957148,202.585944310993,29.937287908801,7.627408465443661,977.917247736481,0.223256979163598,0.1465300253360373,0.3043695723807303,1.899535152101252,1167.7929946919262,1.875476095860354,97.31012927107444,0.6193329271140531,0.0526161958055161
C014,MockCompany_014,Bio,2021Q1,133.40530323199891,25.76250313102693,18.509070503622763,267.5221108083996,74.82228122227642,192.6998295861232,69.18636873329726,94.54897997304872,15.99518193688838,1.7864862816453078,170.26604823908298,0.0025453529672036,0.2784858238953466,-0.4334646087270064,1.989440153727869,1193.7457849955774,2.5648353843558165,99.9651075069735,0.5176361295399734,0.1077784141589783
C014,MockCompany_014,Bio,2021Q2,149.1018157956898,24.132083993826285,21.44688870845612,310.9675426386138,75.25582796143415,235.71171467717969,55.97415767495048,98.29828950157572,18.22437649926725,0.9115199417708894,211.5606487200889,0.2425298578787779,0.1690482759478997,0.2764314419701433,2.134934282471854,1213.61206615973,2.5534204342518945,100.82563521437288,0.314075204661988,0.0605428695658948
C014,MockCompany_014,Bio,2021Q3,156.71857936830042,26.79542630770562,19.424380230484743,328.7463295339562,77.94188676430441,250.8044427696518,80.44016932105308,180.0992206957807,24.69317041647897,1.3131782681817532,226.4472420727332,0.0703656064712692,0.2360869826963058,-0.0407273395283151,2.190420826969614,1225.0624230306244,2.507457417820354,101.75041965770367,0.2510753455740095,0.1119392362468852
C014,MockCompany_014,Bio,2021Q4,163.66993331641754,30.3932677704734,21.23909216694106,349.9317602017138,69.86450545554382,280.06725474617,107.12812154897496,126.09563366242406,15.828621155887028,1.6583214421782302,248.92578624145096,0.0992661423604261,0.197705736986016,0.0215901265623018,2.2364989081598554,1227.919590850956,2.456848582313809,102.28187900396438,0.4419566314656179,0.0564479800701374
C014,MockCompany_014,Bio,2022Q1,163.586223615443,30.985897415765606,27.127910165854946,358.207237852156,72.898055553909,285.30918229824704,64.47730281338808,49.62341820209667,13.749317200451232,1.4325375015825288,274.9579587877768,0.1045780468925598,0.2461866193427744,-0.1771438788146994,2.225883332837898,1236.1695768536288,2.382030613325962,102.69151078644764,0.3727384767229284,0.0582269647338785
C014,MockCompany_014,Bio,2022Q2,175.0241274060429,29.46914360991905,22.46249873094818,362.6004556114704,75.5078936388677,287.09256197260265,116.59938345473304,147.55672460371522,4.892618471560537,1.2078173897551856,260.68217139570424,-0.0519198915172741,0.1178215522649872,-0.1695025220949943,2.2079813979886405,1232.604251819164,2.325291239678333,102.98319516656645,0.4765908606337333,0.060934726239077
C014,MockCompany_014,Bio,2022Q3,184.7881145516901,30.3915280568249,19.13328801515821,384.5057079483319,76.12242708311749,308.3832808652144,130.319620302522,288.6812510126259,9.052714124869304,1.5809438399672755,326.1212964926828,0.2510303053968534,0.270052442548264,-0.4628125533949423,2.1581666778069946,1228.0604786881363,2.2513323927600744,102.90664020847464,0.1229357560040036,0.0666913581660628
C014,MockCompany_014,Bio,2022Q4,202.89963640632047,32.691064333986766,27.64315402970087,433.0850946397479,71.06410107112032,362.0209935686276,176.6113865619362,199.4018935287549,23.41524806714957,1.0702120636568464,346.4647948177366,0.0623801589894337,0.107047982272015,0.0844074738125115,2.1040050233037144,1225.809480097077,2.1383654022992475,102.86003261234056,0.3598974952877369,0.0583897045192204
C014,MockCompany_014,Bio,2023Q1,211.013838083808,50.53529023319216,40.44558850262379,457.9158107337376,71.93294492587395,385.9828658078636,82.42484593207276,68.84842315296254,30.845313448734693,0.945516000242704,347.7010577770668,0.0035682210077954,0.1868124494736188,-0.2154642126281102,1.9956221031900596,1219.7215010256673,2.0225825098422714,102.26593506849407,0.535399772414509,0.0777852336862669
C014,MockCompany_014,Bio,2023Q2,211.68595742630265,34.07956309130564,29.48209726761785,444.8513892318239,72.33309274578136,372.5182964860425,80.07325006172829,96.84492852554725,20.70928368167033,0.7245343473880015,365.0254727702177,0.0498256033614333,0.3526358794677505,0.2294072835508372,1.894121446820648,1204.1598182505577,1.9943098283397755,101.6907724687152,0.2865628616266246,0.0904517523318621
C014,MockCompany_014,Bio,2023Q3,227.0148825131321,33.968393855281306,28.477379491073275,481.77109256058304,78.4827290241585,403.2883635364245,135.17286788945066,208.6169553079303,8.189032015406063,1.4211493953715664,425.9787721186038,0.1669836871542276,0.2471880197052218,0.6757432996771842,1.819969291286996,1191.2798000869036,1.928515533805814,100.87829339500068,0.2567246014093393,0.0633051356581204
C014,MockCompany_014,Bio,2023Q4,256.2062390878118,41.95265052045519,32.01342080029317,543.9868933259138,89.18254536652968,454.8043479593841,116.78061922323906,127.68607564705457,15.296147096725011,1.6943126218881106,513.6772729165499,0.2058752842583632,0.1457320096927085,0.2002050978482342,1.756052416001933,1183.5323640840438,1.852818908595716,100.0619701171167,0.3886543581914833,0.0570843809506315
C014,MockCompany_014,Bio,2024Q1,280.7570182008427,54.28955642534612,39.07882333102327,584.4114757221862,92.42716787155834,491.98430785062783,148.68413307329632,116.15991656531686,28.928315033081056,1.3356665409354556,526.1260960148287,0.0242347165324191,0.2258772040760488,-0.3347805141058137,1.7587309996894014,1173.976109166461,1.8576224807734163,99.21168470010004,0.278220725786335,0.0161908544286428
C014,MockCompany_014,Bio,2024Q2,283.252446454159,60.39875075628742,43.78236928067962,577.7765219954526,89.57540823937076,488.2011137560819,189.7869553219956,245.04011224307692,68.09297198713287,0.9002047853738722,505.8839622367794,-0.0384739208554269,0.2073035017740363,0.2521228207124759,1.7937667874197327,1167.899114663148,1.8449702705610496,98.28689775455344,0.47136762325784,0.0660096833119832
C014,MockCompany_014,Bio,2024Q3,302.337273644693,56.82802580488913,47.04440727685668,625.7543781305382,87.76526866925897,537.9891094612792,246.89407394348424,231.3355850634196,39.51320753260571,0.9430276457093824,480.7291615409176,-0.0497244478449943,0.1993818975115454,0.1089877989792632,1.84664547218398,1167.5228808962709,1.8806278517962416,97.63100259888348,0.2128167429809116,0.0775178635454432
C014,MockCompany_014,Bio,2024Q4,296.78384205427665,44.9633852598984,30.084929524559968,614.8146045843678,94.53561482682358,520.2789897575442,178.89176977364306,281.5686967160108,26.31610318325402,1.5833188412355443,446.92367646489566,-0.0703212698136776,0.2286682120811229,0.4698720592453608,1.899535152101252,1167.7929946919262,1.875476095860354,97.31012927107444,0.593538076695933,0.0789927874726026
C015,MockCompany_015,IT,2021Q1,657.1755424975942,138.4110228337854,103.09981734553494,707.983487009435,313.7819904830468,394.20149652638815,288.21260832261,229.47647082404143,178.21890559381728,7.059660163127463,1619.4685323182946,-0.0867002094511089,0.04,-0.0889351521966322,1.989440153727869,1193.7457849955774,2.5648353843558165,99.9651075069735,0.4641418288821675,0.0611725917145548
C015,MockCompany_015,IT,2021Q2,660.0581199195094,135.87007145664083,113.538459284785,714.3473447402217,331.80117396557887,382.54617077464286,361.35354587092576,299.49156365763974,92.2094886007063,4.187461304428398,1698.0511007361258,0.0485236772741357,0.2605694694939556,0.2341589558538682,2.134934282471854,1213.61206615973,2.5534204342518945,100.82563521437288,0.2960507481999039,0.0782576828044386
C015,MockCompany_015,IT,2021Q3,645.249056286205,133.98501157539687,108.24528675969115,733.260202463325,318.22967037493737,415.0305320883876,254.88906206143548,217.67954826722803,70.73222657535173,6.759304292853098,1565.1306881184885,-0.0782782170454203,0.1559346466132965,0.4421216678687252,2.190420826969614,1225.0624230306244,2.507457417820354,101.75041965770367,0.0,0.0449315496962853
C015,MockCompany_015,IT,2021Q4,633.5462844791036,137.95725290810267,121.61364169105669,744.6079204921315,313.09346200975983,431.5144584823717,223.01945422677497,315.6405049958517,147.37500135077636,8.78930824478337,1390.993867724378,-0.1112602428129805,0.2250589221899774,-0.2609093714714656,2.2364989081598554,1227.919590850956,2.456848582313809,102.28187900396438,0.0,0.0439022056352633
C015,MockCompany_015,IT,2022Q1,649.3407822953271,121.73532518364976,97.50889904492556,753.5263981405121,320.50857505750344,433.0178230830087,273.7407903896949,300.68789345498965,130.38883929367984,4.406337687162416,1404.174416008639,0.0094756336387187,0.2116394437628248,-0.0176391586019393,2.225883332837898,1236.1695768536288,2.382030613325962,102.69151078644764,0.2198613594105089,0.0717624057255291
C015,MockCompany_015,IT,2022Q2,655.4147837259524,107.37435144865776,66.9622205209766,786.0873247500473,355.0091593279419,431.07816542210537,250.93435636337844,495.57055360015954,107.07610143280112,7.712597627490762,1450.373565035692,0.0329012895409205,0.2220378088774227,0.3417429520067903,2.2079813979886405,1232.604251819164,2.325291239678333,102.98319516656645,0.4073086361693749,0.0899728231897755
C015,MockCompany_015,IT,2022Q3,622.5418733642248,103.58526103190196,95.3426492730048,719.1374465288802,356.8728797090429,362.2645668198373,240.72804569990532,169.13033452982316,54.73069774445847,6.823389945211419,1259.4650696631738,-0.1316271200570455,0.1903177267376019,0.136319767927826,2.1581666778069946,1228.0604786881363,2.2513323927600744,102.90664020847464,0.4574293609569013,0.0676527043370408
C015,MockCompany_015,IT,2022Q4,554.2964383083944,109.49139773172185,84.57801587292998,639.973749390405,347.8306800072853,292.1430693831197,272.83224004839445,217.7170313834373,103.6509343522966,8.885570235567545,962.7271875154744,-0.2356062818217403,0.1533181296967167,0.4915685017230253,2.1040050233037144,1225.809480097077,2.1383654022992475,102.86003261234056,0.5031614026115032,0.0610497673527244
C015,MockCompany_015,IT,2023Q1,542.3586892285031,95.2697721630549,82.3450642363404,612.2843869985393,358.69780887146413,253.5865781270752,218.0036924902516,196.83898889620951,67.96905440088655,7.710807282540534,754.1495031028862,-0.2166529491608811,0.1689332877493883,0.0749062757942103,1.9956221031900596,1219.7215010256673,2.0225825098422714,102.26593506849407,0.2825684340862424,0.092495645803207
C015,MockCompany_015,IT,2023Q2,529.2152982037392,98.114708764497,85.64006116693056,580.9712047642113,345.23473407877214,235.7364706854392,140.76825235467487,103.26778137149655,86.7729693040128,6.4657874974614185,639.3530198721764,-0.1522197956219411,0.3427958498304111,-0.09893579856866,1.894121446820648,1204.1598182505577,1.9943098283397755,101.6907724687152,0.4309701954444311,0.0913596165169593
C015,MockCompany_015,IT,2023Q3,527.1311470171568,128.81096935521617,107.65549878515466,602.9635309151304,324.55326881897764,278.41026209615274,307.66190621984464,257.1262756108836,69.65329803261682,7.024651002975813,626.2227346198167,-0.0205368315222548,0.2523158256738352,-0.0520680772271524,1.819969291286996,1191.2798000869036,1.928515533805814,100.87829339500068,0.477139365575408,0.0487493958071926
C015,MockCompany_015,IT,2023Q4,549.4657615549856,87.02569635017562,76.58896606856533,610.6809957192023,329.61485581418475,281.0661399050176,330.1803134922311,255.6849149867105,77.80064472862165,3.40594618866147,696.1882762941038,0.1117262881181782,0.1923029213657441,0.3244206932189547,1.756052416001933,1183.5323640840438,1.852818908595716,100.0619701171167,0.2386199808720829,0.0787553124464631
C015,MockCompany_015,IT,2024Q1,553.9380769601775,103.93980538155516,85.26150828949388,657.9774142555544,324.59426555685604,333.3831486986984,221.54378056815915,196.0411814892153,75.97403556372477,5.630691048459852,711.0066814614627,0.0212850541612666,0.1968190214857461,0.051154600711645,1.7587309996894014,1173.976109166461,1.8576224807734163,99.21168470010004,0.0,0.1170219076751962
C015,MockCompany_015,IT,2024Q2,524.7952717825594,125.73043665877522,106.53592543089304,621.0064594067427,325.4779707636748,295.5284886430679,301.11808936829965,446.7126151603907,124.6989413506591,6.002323695554104,610.656125647041,-0.141138695923578,0.1350719959046314,-0.3542217699493449,1.7937667874197327,1167.899114663148,1.8449702705610496,98.28689775455344,0.2520388918235402,0.0196321379766646
C015,MockCompany_015,IT,2024Q3,488.51441319415295,65.64493859777603,55.00367907186749,601.0955429276984,340.62266192910806,260.4728809985903,194.2590824567732,168.5287445348305,22.11230979919282,3.038572577629323,674.8099367233673,0.1050571809270724,0.059039981039711,-0.0218991906560898,1.84664547218398,1167.5228808962709,1.8806278517962416,97.63100259888348,0.5686873843792277,0.0333527126241615
C015,MockCompany_015,IT,2024Q4,493.7756520565726,104.4136489777182,91.8914704535618,597.3607362700243,340.0675038610084,257.2932324090159,331.21086195601873,282.9743126246848,60.2180697287237,7.244466443678073,612.108025385327,-0.0929178838748256,0.104079168598799,-0.2277595246310087,1.899535152101252,1167.7929946919262,1.875476095860354,97.31012927107444,0.3219589993486977,0.09342422488973
C016,MockCompany_016,Bio,2021Q1,345.89925909327195,33.68875912729798,20.91053862589169,370.7832135150031,198.305955510361,172.47725800464212,278.08741013625234,105.305970174836,3.940521366941237,3.756351231639037,666.1723170357409,-0.0035438024766661,0.047297597303058,0.0188877247211676,1.989440153727869,1193.7457849955774,2.5648353843558165,99.9651075069735,0.3718356877670156,0.0745732188384739
C016,MockCompany_016,Bio,2021Q2,351.77835692778234,18.57330928121469,-0.8591485678595498,368.6872973082262,213.34322693535648,155.34407037286974,276.51547298116964,134.56869989271223,-3.8638074385767904,5.595949186301789,734.6729363416603,0.1028271778249893,0.1868787845433186,0.242974079100548,2.134934282471854,1213.61206615973,2.5534204342518945,100.82563521437288,0.5728744164789065,0.0371236347740605
C016,MockCompany_016,Bio,2021Q3,393.31992379591577,36.61778383969644,24.13157361256855,421.8443426040686,212.4275708767655,209.4167717273031,316.38325695305144,124.0090687361356,32.71762225234168,4.09106105538085,739.5661804722183,0.006660438800052,0.2435255454993909,-0.1280739307595216,2.190420826969614,1225.0624230306244,2.507457417820354,101.75041965770367,0.3120624412409792,0.0510772531808733
C016,MockCompany_016,Bio,2021Q4,409.7760396433965,35.103436370662486,23.06281880259728,420.6548521458509,227.6069603882761,193.0478917575748,315.49113910938814,125.83826955192905,15.442375413354846,3.688780421046405,722.9410950972264,-0.0224795100343511,0.1608089414602911,0.1645119259597738,2.2364989081598554,1227.919590850956,2.456848582313809,102.28187900396438,0.4096652919702029,0.0577972806165349
C016,MockCompany_016,Bio,2022Q1,420.7075028652524,28.60963805728198,7.606883936635593,401.5202448590658,225.94127398613705,175.5789708729288,301.1401836442994,119.30407029437632,11.33803864273,5.523898891085728,703.0247573643751,-0.0275490463440492,0.2608034837801265,0.0585967631907825,2.225883332837898,1236.1695768536288,2.382030613325962,102.69151078644764,0.127689368220872,0.1175135063858527
C016,MockCompany_016,Bio,2022Q2,428.5225622329286,36.45515683852502,18.57303148097896,404.83561925056665,234.17398416172864,170.661635088838,303.626714437925,126.44362043781298,9.932274501367615,2.438611461307412,657.4277276814768,-0.0648583555632388,0.1932407293341628,-0.0521710482507701,2.2079813979886405,1232.604251819164,2.325291239678333,102.98319516656645,0.2901594501816945,0.0807120732163958
C016,MockCompany_016,Bio,2022Q3,429.6112302510873,28.65048521963016,19.785180485503066,430.2485540371792,241.80303047221344,188.44552356496573,322.6864155278844,143.1864352658901,4.369068482517839,5.946853689300684,704.0656694505093,0.0709400285465728,0.1517368045049422,0.2982126570453672,2.1581666778069946,1228.0604786881363,2.2513323927600744,102.90664020847464,0.3238831251641139,0.0439162454095671
C016,MockCompany_016,Bio,2022Q4,465.93141163005777,-4.6140174960350215,-20.54567539558513,470.2446026935787,257.6882422829081,212.5563604106706,334.50015540505945,125.49918295798771,-5.67939842768085,3.651841171829411,737.0618433379198,0.0468651935737224,0.2143193878837896,-0.189671984303598,2.1040050233037144,1225.809480097077,2.1383654022992475,102.86003261234056,0.5818905111220638,0.0247940611248995
C016,MockCompany_016,Bio,2023Q1,486.0386138197955,44.61865432765443,38.61955207221313,484.9319781147047,261.9552818988265,222.97669621587812,363.6989835860285,150.35687996570886,28.87953973671297,4.642481197494616,772.1242890464719,0.0475705614467373,0.1300026853906858,0.2170986739814699,1.9956221031900596,1219.7215010256673,2.0225825098422714,102.26593506849407,0.2245194346667339,0.0645441638863206
C016,MockCompany_016,Bio,2023Q2,490.6342640122951,48.48281234161499,27.019351633084987,490.3317795087102,282.1107746658071,208.22100484290308,367.7488346315327,141.93590274488636,22.572321514521725,3.452016772898596,724.6682723695122,-0.0614616291058075,0.1351530149519131,-0.1381324774072228,1.894121446820648,1204.1598182505577,1.9943098283397755,101.6907724687152,0.4075400238823541,0.0644795303612417
C016,MockCompany_016,Bio,2023Q3,476.6476870936111,60.620503044377045,34.14306150485793,481.2399328677668,293.5256534547831,187.71427941298367,360.92994965082505,130.96048662769965,35.85892087656051,2.9158275646832124,622.9068738717059,-0.1404248017718065,0.1436564115511618,0.4506984706242549,1.819969291286996,1191.2798000869036,1.928515533805814,100.87829339500068,0.5739952740983942,0.0666118045551588
C016,MockCompany_016,Bio,2023Q4,491.0905931959694,38.02295035966799,23.16680365882895,512.1170915598988,322.0929360511132,190.02415550878555,384.0878186699241,142.89385893259563,17.95509471909026,3.189102525575379,674.1987900365268,0.0823428321572593,0.2275761627614936,-0.3268371709323965,1.756052416001933,1183.5323640840438,1.852818908595716,100.0619701171167,0.3841908147243351,0.0679275744129611
C016,MockCompany_016,Bio,2024Q1,518.8254744358163,30.59330371821608,4.5473886472288605,525.156966746898,318.2354307509512,206.9215359959468,393.8677250601735,152.04516949133674,-1.1271279481016094,5.282426860101986,750.8980734275284,0.1137636028490144,0.1993105824455666,-0.677587745216584,1.7587309996894014,1173.976109166461,1.8576224807734163,99.21168470010004,0.3418489587657132,0.0969747160035594
C016,MockCompany_016,Bio,2024Q2,541.3488766560337,5.671885863412925,-23.011756791427324,574.5434129540205,333.5342553048381,241.0091576491824,430.9075597155154,185.314597056094,-27.908788677886083,6.670502775847636,632.128350236309,-0.1581702329439819,0.2096176329023217,-0.3146935837508087,1.7937667874197327,1167.899114663148,1.8449702705610496,98.28689775455344,0.7885111005301052,0.0744196909440788
C016,MockCompany_016,Bio,2024Q3,592.3011724436847,79.50482621668316,53.794025110683855,617.878994633522,372.8873934013397,244.9916012321823,463.4092459751415,153.65013773856754,64.57104186567739,5.894550152885741,682.0014010811924,0.0788970322660568,0.1603532868595421,0.007652370266685,1.84664547218398,1167.5228808962709,1.8806278517962416,97.63100259888348,0.4035978465267271,0.1449059773849536
C016,MockCompany_016,Bio,2024Q4,621.213682138419,12.144465666253586,-6.369532926776149,664.7883014810715,404.81788820067896,259.9704132803925,498.5912261108036,199.04484995356032,-38.550692560206144,8.517683856332493,685.0614005794205,0.004486793565786,0.2340645633007637,-0.1180128126268236,1.899535152101252,1167.7929946919262,1.875476095860354,97.31012927107444,0.4265003092264279,0.0402950327719915
C017,MockCompany_017,IT,2021Q1,590.0009003064911,66.53424981488685,43.452537413354136,1335.7487035314837,544.121537814465,791.6271657170187,748.5878484563775,406.8683279719419,49.185646548946416,12.56515166304154,2695.8158026691417,-0.1327160485030665,0.2293715501508964,-0.0314863602500647,1.989440153727869,1193.7457849955774,2.5648353843558165,99.9651075069735,0.4801814150097668,0.0303385838861949
C017,MockCompany_017,IT,2021Q2,548.3661078616803,45.32075595964524,14.85924902469788,1226.8447915477084,573.7383756292909,653.1064159184175,729.7751727366513,394.2767602090416,15.239103133111982,6.673352286869347,2262.178454892672,-0.1608557036230455,0.2843626957233666,0.1375189023697725,2.134934282471854,1213.61206615973,2.5534204342518945,100.82563521437288,0.2186113378877397,0.0675735218531464
C017,MockCompany_017,IT,2021Q3,498.9277487092668,43.87718292172049,32.710312104668816,1147.762659467415,609.0637530111845,538.6989064562305,652.8836581473571,379.5661840037817,1.3888739773322207,12.564736370527251,1700.2494910904663,-0.2484016955368208,0.04,0.2721012708986558,2.190420826969614,1225.0624230306244,2.507457417820354,101.75041965770367,0.2527057399052485,0.0918124625535763
C017,MockCompany_017,IT,2021Q4,439.0818591995291,33.02252347451507,24.00214676778012,975.5982605473027,630.9709968699743,344.6272636773284,438.5081125041346,241.70248599642807,7.1454114235328205,9.728753541015648,1202.9648643484134,-0.2924774448384726,0.1387529669369341,0.3341797325299369,2.2364989081598554,1227.919590850956,2.456848582313809,102.28187900396438,0.7153251998824741,0.0820076954306046
C017,MockCompany_017,IT,2022Q1,459.5666755846429,20.67166216178428,15.117563858170604,1008.4389390404796,614.8964599775569,393.54247906292255,613.2553593480555,325.32236612749267,3.0399936703443267,9.855244203552273,1288.6688196052908,0.0712439388687373,0.1751040604614725,0.3626831132986753,2.225883332837898,1236.1695768536288,2.382030613325962,102.69151078644764,0.5244562259498868,0.0454386185333102
C017,MockCompany_017,IT,2022Q2,472.0615479677467,46.006455784095,23.1660853828363,1066.9576759511804,577.1852949207671,489.77238103041327,508.5856901913669,369.32697329538655,50.43912406247014,5.628260793018837,1578.3394431396996,0.2247828294806828,0.1348569957541374,0.2103133029416325,2.2079813979886405,1232.604251819164,2.325291239678333,102.98319516656645,0.4552368709361853,0.0796906442878687
C017,MockCompany_017,IT,2022Q3,434.554451396716,42.90900767214645,21.61365816933732,998.8733931333028,591.6352145156935,407.2381786176092,538.1529633709321,497.08341015409,-2.656211450455899,12.448448960004722,1303.7740774467024,-0.173958375612042,0.3147214627791618,0.1869373110978291,2.1581666778069946,1228.0604786881363,2.2513323927600744,102.90664020847464,0.3998612166378653,0.0558799162224393
C017,MockCompany_017,IT,2022Q4,441.9266826437958,1.3842277709896904,-23.03941064119117,1010.7761460645332,604.5809208746517,406.1952251898814,690.3104463809864,458.31216341161297,-29.35829558427961,12.493882821700348,1253.868738049954,-0.0382775975224806,0.3451740279143175,0.014727910789645,2.1040050233037144,1225.809480097077,2.1383654022992475,102.86003261234056,0.8258924184296408,0.0887550281236579
C017,MockCompany_017,IT,2023Q1,450.0712952763839,31.7000497859241,7.466093726114575,1031.90774192975,643.6512559371014,388.2564859926487,647.0821096641135,455.5650811727137,20.561821749677136,11.38152468072876,1457.1558341534678,0.1621278926051464,0.2916792246650048,-0.2562182906331766,1.9956221031900596,1219.7215010256673,2.0225825098422714,102.26593506849407,0.3893244973942362,0.0467349111327621
C017,MockCompany_017,IT,2023Q2,419.5267575864258,33.95992212381251,10.566149907313374,990.3028128202992,691.142594094986,299.16021872531337,384.2512000363051,203.9261749918473,20.34944015626063,11.16809784314249,1164.2169067827624,-0.2010347284104228,0.2003965357607256,0.1294298475909013,1.894121446820648,1204.1598182505577,1.9943098283397755,101.6907724687152,0.6805957437832874,0.0303686344348058
C017,MockCompany_017,IT,2023Q3,435.4353052234439,22.71503361972238,12.045826976568351,1055.9505500178732,734.6331307267517,321.3174192911215,536.8057454599698,417.9139568142538,8.49306596786283,9.726641226440108,1187.5305204046024,0.0200251460754556,0.1967900753757336,0.1858933140524093,1.819969291286996,1191.2798000869036,1.928515533805814,100.87829339500068,0.4103631763342463,0.0528854077793036
C017,MockCompany_017,IT,2023Q4,430.7886925302157,14.157254440720797,4.526557758644265,1036.574580376255,742.8537144421638,293.7208659340912,575.2123362516612,336.75419333248306,9.905279316250454,11.189286227853236,1237.066408868265,0.0417133602989716,0.1957633069069577,0.3050333736083148,1.756052416001933,1183.5323640840438,1.852818908595716,100.0619701171167,0.4273329285753503,0.0299431318162251
C017,MockCompany_017,IT,2024Q1,400.6525932556394,53.05206154629599,30.00275055434175,916.7089705634908,801.338240667388,115.37072989610272,530.7709550703236,292.9215956780219,43.87023756984449,12.856193098291405,1055.60386319063,-0.1466877965295709,0.1887939647020031,-0.1924683491528089,1.7587309996894014,1173.976109166461,1.8576224807734163,99.21168470010004,1.0,0.0901694957637025
C017,MockCompany_017,IT,2024Q2,380.47887483470873,33.280796245668974,18.888126677094064,855.4719149285867,838.8172028464834,16.654712082103288,513.2796385028406,382.8250878401827,1.6362434239939103,10.814291654272411,974.4109317917348,-0.0769160991448858,0.3133555532632517,0.2287924432064471,1.7937667874197327,1167.899114663148,1.8449702705610496,98.28689775455344,1.0,0.1177197589614241
C017,MockCompany_017,IT,2024Q3,325.6268253998361,20.7203863945942,7.570020163512326,727.1511276892986,876.1429261939935,1.0,426.7808016333677,305.9260531212438,3.551777931793147,12.307570910522177,753.2943151809658,-0.2269233743141435,0.1406024351661137,0.0979647251614556,1.84664547218398,1167.5228808962709,1.8806278517962416,97.63100259888348,1.0,0.0571637003237722
C017,MockCompany_017,IT,2024Q4,317.2190646113229,5.378367158844787,0.9172410027336332,717.2831071016906,951.7339695568908,1.0,426.0865274586767,317.9032250488918,0.1908947271128838,11.874407435489438,673.9849872539902,-0.1052833219747887,0.2679092738108351,-0.0032449962951397,1.899535152101252,1167.7929946919262,1.875476095860354,97.31012927107444,1.0,0.0813800681159285
C018,MockCompany_018,Manufacturing,2021Q1,95.2088901919344,0.5119091220963657,-2.923249873184566,258.41709591175857,93.69834583751155,164.718750074247,193.81282193381887,70.22537556065514,-0.6044360588361998,1.422534626281447,209.9933365168852,-0.0529236701292372,0.2574897300312843,-0.0209820226414771,1.989440153727869,1193.7457849955774,2.5648353843558165,99.9651075069735,0.5840792412909266,0.019178913628697
C018,MockCompany_018,Manufacturing,2021Q2,94.07319415879428,0.0742321762074965,-4.4703573635585085,261.38738208964224,88.90102756616656,172.48635452347568,186.9549975671412,76.04218510184577,-0.8742680503036677,0.9775730762236956,203.653502720683,-0.030190642719239,0.2156745651555175,0.2267113377732023,2.134934282471854,1213.61206615973,2.5534204342518945,100.82563521437288,0.4484598358399431,0.0
C018,MockCompany_018,Manufacturing,2021Q3,93.41622208194684,1.7003618480046618,0.0658116039810168,273.95484237619183,85.58443299757248,188.3704093786193,200.79098379898824,84.6942940080004,-4.969837839821928,0.9566833499081928,197.57685646753163,-0.0298381622312957,0.1205973754002248,0.0268862755778689,2.190420826969614,1225.0624230306244,2.507457417820354,101.75041965770367,0.3755508156210181,0.0583670515724082
C018,MockCompany_018,Manufacturing,2021Q4,91.60167892739818,5.304963545753959,3.4326550081714275,276.57409469624014,88.57049634111033,188.0035983551298,207.4305710221801,102.8916796826878,2.4689929634050127,1.9299764311076235,194.3978811659341,-0.0160898161780396,0.2375629093612661,0.2359639851317351,2.2364989081598554,1227.919590850956,2.456848582313809,102.28187900396438,0.2461768892460699,0.0179231098197747
C018,MockCompany_018,Manufacturing,2022Q1,92.53931062531356,4.526018068564041,2.8644687683492127,287.66856326216583,82.65093980401389,205.017623458152,212.3870539159851,80.49556478715184,3.638471629429348,2.304963877965396,214.1016030141783,0.101357698602823,0.0578648985790149,0.2039809950900372,2.225883332837898,1236.1695768536288,2.382030613325962,102.69151078644764,0.6377246591943153,0.0
C018,MockCompany_018,Manufacturing,2022Q2,83.10436975701448,5.270385167699799,3.2209495895771743,257.6629155267907,76.38299361014742,181.27992191664327,193.24718664509305,69.79636320961659,-1.6488112980809704,2.2345650797798395,154.777077947729,-0.2770858519098556,0.1323225806562127,-0.3012638146515863,2.2079813979886405,1232.604251819164,2.325291239678333,102.98319516656645,0.3566284879334058,0.044835395129513
C018,MockCompany_018,Manufacturing,2022Q3,83.80287724937439,-1.7128466523795778,-5.830967147814238,265.3339247077116,78.46153428992524,186.8723904177864,199.0004435307837,82.81888877686575,-5.2811419549391,1.5058759376972035,159.77655073945786,0.0323011188608771,0.1851063149868705,-0.1503843375185858,2.1581666778069946,1228.0604786881363,2.2513323927600744,102.90664020847464,0.5784319500376406,0.0211193513957448
C018,MockCompany_018,Manufacturing,2022Q4,83.10104770845855,-0.8143068033877994,-3.916281635614427,261.5347478820172,87.07419267041912,174.4605552115981,195.292659203109,92.44567323988512,-2.961060060247517,2.0740749315820795,178.0519202308763,0.1143807987269638,0.3096853912614929,0.1902195702756268,2.1040050233037144,1225.809480097077,2.1383654022992475,102.86003261234056,0.365586678833633,0.080281692038978
C018,MockCompany_018,Manufacturing,2023Q1,93.66206401503496,5.292779969116559,1.7829451533224578,295.2017411274946,93.3635326061921,201.83820852130248,221.40130584562093,94.76306367100872,-3.229607895929384,1.308875714749645,219.2051577663429,0.2311305459784093,0.2344575405175987,0.122579483500783,1.9956221031900596,1219.7215010256673,2.0225825098422714,102.26593506849407,0.230456352007819,0.0566795453528003
C018,MockCompany_018,Manufacturing,2023Q2,94.12689106574938,4.473583881470632,3.3283312813329093,300.9675688180248,98.48579473332248,202.4817740847023,225.7256766135186,72.20319112602867,1.019848958122057,0.7658983617477285,186.3237500173419,-0.1500028926511405,0.1565239738157261,0.3393454328778515,1.894121446820648,1204.1598182505577,1.9943098283397755,101.6907724687152,0.1496814724460191,0.0
C018,MockCompany_018,Manufacturing,2023Q3,86.9833082002385,5.535003604495466,3.94487400958307,288.04936414959604,105.53893342887164,182.5104307207244,216.03702311219703,86.59802321611733,0.933319808260462,1.203412168320164,130.76564934454836,-0.2981804556189026,0.0799152453102788,-0.079638815580827,1.819969291286996,1191.2798000869036,1.928515533805814,100.87829339500068,0.330526974249117,0.0447034230827044
C018,MockCompany_018,Manufacturing,2023Q4,89.5023525020892,1.622672390122185,0.6043700195301944,320.1085122365972,110.1109258151741,209.99758642142308,233.5000949775396,83.00358781546173,1.066414350891998,0.9290114269047616,127.79966763452452,-0.0226816577969104,0.3321593469954671,-0.0183075963475514,1.756052416001933,1183.5323640840438,1.852818908595716,100.0619701171167,0.3724226151109263,0.0650945538256361
C018,MockCompany_018,Manufacturing,2024Q1,92.44714148860798,4.7971421208682345,2.651718241031677,331.16899074230804,103.2981263765844,227.87086436572363,225.98550549928672,102.63483893101034,-0.9810584141920032,0.8495461394218885,140.65713797930525,0.1006064458755079,0.1270337191848164,-0.146782865284601,1.7587309996894014,1173.976109166461,1.8576224807734163,99.21168470010004,0.5562123024845982,0.0631652587157298
C018,MockCompany_018,Manufacturing,2024Q2,95.83373939970647,12.204149760123109,8.59763214726978,341.9427596145251,97.64712054165123,244.29563907287385,256.4570697108938,98.23123466876,6.034703226273514,0.9883395271648768,138.23010155081113,-0.0172549823162988,0.1880051519625946,-0.1345528519200931,1.7937667874197327,1167.899114663148,1.8449702705610496,98.28689775455344,0.1983450969945116,0.0823042207599901
C018,MockCompany_018,Manufacturing,2024Q3,95.48641735632307,5.475514602478354,1.460003462480939,340.1974760800948,92.6217177181256,247.5757583619692,255.1481070600711,111.89613287696156,4.828380498884455,1.476305011360613,149.2518551464223,0.0797348296207373,0.402268518016716,-0.0698921854629072,1.84664547218398,1167.5228808962709,1.8806278517962416,97.63100259888348,0.2691932155176398,0.0072644742390189
C018,MockCompany_018,Manufacturing,2024Q4,87.66588876706017,7.03319155861965,5.187727317480995,309.7931402887916,92.7162328390182,217.07690744977344,232.3448552165937,94.78730906457638,5.700981292543073,2.007043219723992,147.36958606883329,-0.0126113613512034,0.315688328795451,0.1468409468535955,1.899535152101252,1167.7929946919262,1.875476095860354,97.31012927107444,0.3444939206571507,0.0602277976563763
C019,MockCompany_019,Finance,2021Q1,157.64477624293062,27.09768330340375,21.42474444271653,348.8577263179234,237.55445337655067,111.30327294137273,244.29914423430856,91.48874253672172,18.33885869297514,2.2910273167576025,415.13090552106814,-0.1255774077743121,0.3217107758306013,-0.0815791895141105,1.989440153727869,1193.7457849955774,2.5648353843558165,99.9651075069735,0.3890587224890879,0.0670307640940643
C019,MockCompany_019,Finance,2021Q2,153.0881035206038,33.762422535832314,25.27301100794265,351.65247676179376,238.3288880910992,113.32358867069462,263.7393575713453,106.14112723846208,21.23599635922237,2.868359959325128,448.4141401945663,0.0801752753910754,0.2349197128998199,-0.0261119671271037,2.134934282471854,1213.61206615973,2.5534204342518945,100.82563521437288,0.5687803593353582,0.0768493623817761
C019,MockCompany_019,Finance,2021Q3,147.85875218063674,29.26039011814136,26.75503266244189,334.0275046236165,250.49370971365988,83.53379490995661,250.5206284677124,101.65425037960269,16.38403527236564,2.618455694546289,426.9871148988343,-0.0477840089664319,0.2751072509827417,0.0952156912630547,2.190420826969614,1225.0624230306244,2.507457417820354,101.75041965770367,0.5985849781529838,0.0384438423069282
C019,MockCompany_019,Finance,2021Q4,163.9640800169625,24.75881410300277,20.82344162552567,382.7277635994863,261.91624802989435,120.81151556959196,267.85857204173846,122.27926759296918,17.547548899163708,6.529907877055656,488.4700351581727,0.1439924487508377,0.1061284494974317,-0.2399301941178558,2.2364989081598554,1227.919590850956,2.456848582313809,102.28187900396438,0.3219219940257641,0.0541027055920943
C019,MockCompany_019,Finance,2022Q1,165.03863306880365,15.82734641583223,11.739233754465328,378.8607011856572,279.8543713534686,99.0063298321886,284.1455258892429,190.69920773599944,3.491070720404005,7.799272971288238,457.9333511631008,-0.0625149585382116,0.2670072703845803,-0.0298128053995994,2.225883332837898,1236.1695768536288,2.382030613325962,102.69151078644764,0.588663080797063,0.012207843091794
C019,MockCompany_019,Finance,2022Q2,149.03909874129548,37.107320158563546,34.221888793499765,336.8493883776184,283.23977657798724,53.609611799631125,234.37564419691384,96.05993650268957,24.167215525259373,5.053972414492927,373.5681432655807,-0.1842303201617477,0.2288211937388088,0.3906286334761928,2.2079813979886405,1232.604251819164,2.325291239678333,102.98319516656645,0.8645610126628009,0.0251250682175456
C019,MockCompany_019,Finance,2022Q3,156.34336306843156,29.06787723748821,23.130402218509083,355.09600327345385,280.67022500069663,74.42577827275721,248.7736590089212,128.60789961838205,15.104000851836227,3.859657089497016,415.066656419155,0.1110868630039253,0.2077503602273518,-0.2026659409667354,2.1581666778069946,1228.0604786881363,2.2513323927600744,102.90664020847464,0.4620584878378789,0.0405973176767014
C019,MockCompany_019,Finance,2022Q4,151.85516143332197,33.92380857892836,25.108706078970545,337.7631567883661,264.982414715923,72.78074207244305,226.6481105196456,104.8783767979113,28.78063680841573,3.093772502407851,426.55088999162905,0.0276684079409084,0.2366238523111397,-0.2072219647774441,2.1040050233037144,1225.809480097077,2.1383654022992475,102.86003261234056,0.5199930734115632,0.0606483032895056
C019,MockCompany_019,Finance,2023Q1,134.95119895669947,25.37341819510437,19.310417677963528,304.4441779778094,260.4279550846511,44.01622289315827,228.33313348335705,151.43968585369822,29.28232693302955,4.930589322491281,420.7942756907835,-0.0134957268544406,0.2640502942502617,-0.0706966896336572,1.9956221031900596,1219.7215010256673,2.0225825098422714,102.26593506849407,0.84462589870716,0.0274268551523589
C019,MockCompany_019,Finance,2023Q2,131.03678725288552,19.14453708889505,13.83132929258843,306.66625490939515,257.38571059733573,49.28054431205942,229.9996911820464,113.9323535664849,21.964933362121894,5.375799856166903,359.2043731736733,-0.1463658278525845,0.3920145212937088,0.0271325863587828,1.894121446820648,1204.1598182505577,1.9943098283397755,101.6907724687152,0.9534211093933408,0.02157827167823
C019,MockCompany_019,Finance,2023Q3,121.93778084506384,24.216299849588047,18.424358150039005,303.55263578676,265.7990121687984,37.75362361796158,223.90771812398555,100.04220164657592,14.87903146177661,2.782991031125836,289.3528237064298,-0.194461857048357,0.1262940961518483,0.2669266186845258,1.819969291286996,1191.2798000869036,1.928515533805814,100.87829339500068,1.0,0.0369874015772862
C019,MockCompany_019,Finance,2023Q4,109.94226872337867,18.109718463678096,14.31706420706615,266.9551022819548,251.54535119570104,15.409751086253747,199.7606395339136,89.3312082768354,19.83387404308855,4.382105256718824,250.52202388209827,-0.1341987934554538,0.1297189408150238,-0.0367901779744206,1.756052416001933,1183.5323640840438,1.852818908595716,100.0619701171167,1.0,0.0466112489373855
C019,MockCompany_019,Finance,2024Q1,106.85110740613,19.42482648357461,17.262587691356977,264.5808303626841,257.5146713887676,7.066158973916515,175.97928926433573,65.91457384510088,14.30453622801712,3.943501622113776,234.9706267074916,-0.0620759681469186,0.2157261931375071,0.0581945834220713,1.7587309996894014,1173.976109166461,1.8576224807734163,99.21168470010004,1.0,0.0459704130840424
C019,MockCompany_019,Finance,2024Q2,101.74878068966426,26.770165297243423,24.62687154523429,252.31985144619603,242.6856193306445,9.634232115551557,188.89770063694257,86.60751446185107,27.228601440221112,4.829323777587573,221.0778624086024,-0.0591255362151451,0.2215234249111482,0.0632053198154597,1.7937667874197327,1167.899114663148,1.8449702705610496,98.28689775455344,1.0,0.0
C019,MockCompany_019,Finance,2024Q3,98.41796806545652,23.99668717876908,18.44331487700533,246.25814860948347,257.89355676263074,1.0,160.06930942895323,82.9519016609873,22.822760276393417,3.299973462203544,232.41004197536944,0.0512587712008114,0.1815351614761386,-0.1824191250185151,1.84664547218398,1167.5228808962709,1.8806278517962416,97.63100259888348,1.0,0.0298910140865929
C019,MockCompany_019,Finance,2024Q4,90.77779553409792,20.67429033406779,19.008795586229606,226.0766990993904,282.5771434524966,1.0,165.00465059441336,74.13374829952411,19.14036404332107,3.714900261091455,252.87139720822805,0.088039893022467,0.3389560822101147,-0.4309584339222123,1.899535152101252,1167.7929946919262,1.875476095860354,97.31012927107444,1.0,0.0049620133520319
C020,MockCompany_020,Bio,2021Q1,504.11287768565023,51.25838767396793,24.2119525817911,1036.6535571813126,465.1481647718422,571.5053924094705,777.4901678859844,249.1566714115089,29.80556019089139,9.180805311024516,1927.413984571912,0.064371111887096,0.1823293434759313,-0.091401363549644,1.989440153727869,1193.7457849955774,2.5648353843558165,99.9651075069735,0.3291632280942349,0.0912101612240709
C020,MockCompany_020,Bio,2021Q2,500.0706258604965,35.71615120672227,17.003788939202998,1082.5818094309022,454.1159689641335,628.4658404667687,811.9363570731766,295.09903398263884,-11.442035678850722,9.83899202279342,1777.1653779296769,-0.0779534691793813,0.2970498600372373,0.2757548650822645,2.134934282471854,1213.61206615973,2.5534204342518945,100.82563521437288,0.3812998848445974,0.089028763745158
C020,MockCompany_020,Bio,2021Q3,499.5100833547298,59.102956487713,36.8792003609934,1092.9691883413063,454.1634623583883,638.805725982918,819.7268912559798,261.87669945912234,61.18913152962647,5.986529818518171,1773.2037164630146,-0.0022292024793311,0.2691668156422125,-0.0241811226000932,2.190420826969614,1225.0624230306244,2.507457417820354,101.75041965770367,0.6212448641740582,0.0660865355571226
C020,MockCompany_020,Bio,2021Q4,502.94493676431983,53.36015495604484,47.19378816006817,1162.2762866426206,489.578697357946,672.6975892846746,871.7072149819654,313.233053194296,43.91059923282146,6.714562780067622,1734.6652801584578,-0.0217337894945477,0.257467836906467,0.2594315931626198,2.2364989081598554,1227.919590850956,2.456848582313809,102.28187900396438,0.2642825643607603,0.0754859989654982
C020,MockCompany_020,Bio,2022Q1,494.4605237358391,23.05811524058193,-0.0402083413648484,1156.0896874047965,469.7567019754943,686.3329854293022,867.0672655535973,271.84253477983475,23.95257163074697,6.104580617872998,1739.0844876360486,0.0025475851324971,0.04,0.1350960189458408,2.225883332837898,1236.1695768536288,2.382030613325962,102.69151078644764,0.9652828705617296,0.066933094472132
C020,MockCompany_020,Bio,2022Q2,457.6684343242565,39.38709919202861,14.63779601443098,1091.4022394275908,446.84786678832126,644.5543726392696,818.5516795706931,306.829184817083,39.0136946308681,10.4899292126138,1494.958088983393,-0.1403763879145967,0.3188920516688396,0.0749960269935332,2.2079813979886405,1232.604251819164,2.325291239678333,102.98319516656645,0.2661196289411419,0.0413693007278319
C020,MockCompany_020,Bio,2022Q3,460.2003317365586,55.82708752609681,34.6820337338947,1140.7936666493238,500.4139919627299,640.379674686594,855.5952499869928,303.3803445558519,22.143311492259,9.454988486656488,1585.0078587695948,0.0602356483768969,0.2977177760166056,0.0406396805211232,2.1581666778069946,1228.0604786881363,2.2513323927600744,102.90664020847464,0.4325394606410199,0.1140225596531901
C020,MockCompany_020,Bio,2022Q4,497.9375577466027,9.126813050431425,-19.16669607247909,1255.3251797346736,572.3835239512356,682.941655783438,941.4938848010052,336.50070707727286,-19.37531655404338,14.477041523731543,1900.1992707703748,0.1988579490359471,0.2131750095855774,0.0074944801698231,2.1040050233037144,1225.809480097077,2.1383654022992475,102.86003261234056,0.2324412667858167,0.0295066326547065
C020,MockCompany_020,Bio,2023Q1,515.3962783170427,29.78724256620316,23.583591128809967,1274.7836338977413,614.9788725726672,659.8047613250741,956.087725423306,335.7032199632276,36.92616188761707,6.71048332162771,2063.688979778816,0.0860381916377433,0.1346521678099636,0.5477130193008657,1.9956221031900596,1219.7215010256673,2.0225825098422714,102.26593506849407,0.2630570048485662,0.1089004081737494
C020,MockCompany_020,Bio,2023Q2,511.0249728826489,53.14077948430469,22.492327469171418,1278.0467441405588,608.1081243590376,669.9386197815212,958.535058105419,287.45104313097346,41.01652550468952,11.553799072043669,2340.579245455524,0.1341724786970489,0.249963874071069,0.5770529298045982,1.894121446820648,1204.1598182505577,1.9943098283397755,101.6907724687152,0.282434204326122,0.0731570284309392
C020,MockCompany_020,Bio,2023Q3,536.4348945321161,34.50722782845095,6.457427040163254,1309.4748650632685,632.7941493715894,676.6807156916791,982.1061487974514,299.59364058792283,-4.051421824984047,12.480204994579864,2515.940147827421,0.0749220103153432,0.194377446238852,-0.3236287259602352,1.819969291286996,1191.2798000869036,1.928515533805814,100.87829339500068,0.4077973927210236,0.0697495776220925
C020,MockCompany_020,Bio,2023Q4,526.8591427412823,48.26005785021178,24.80609959451732,1244.9202419284454,636.552319320351,608.3679226080944,933.690181446334,333.69824206495707,27.6063034735541,11.778841107691823,2288.577114771489,-0.0903690150388772,0.3406488732971471,0.0498603781928902,1.756052416001933,1183.5323640840438,1.852818908595716,100.0619701171167,0.2052131807203296,0.0621307012520502
C020,MockCompany_020,Bio,2024Q1,594.3425539202591,37.44607846795505,31.39879212883084,1424.4806014195187,644.5414809806284,779.9391204388903,1068.3604510646392,339.38647770895614,8.482011184538862,11.431580815822674,2518.7339252136085,0.1005676448290009,0.2993710894902064,-0.0303799557050984,1.7587309996894014,1173.976109166461,1.8576224807734163,99.21168470010004,0.2143320160555932,0.07492758127178
C020,MockCompany_020,Bio,2024Q2,641.0472363739514,67.04833768671472,32.88070893586996,1557.828563766671,694.1444929997397,863.6840707669314,1168.3714228250033,400.8054466766867,43.16793646502568,6.599421319942605,2900.559737069132,0.1515943419165013,0.1637158738155506,0.4188513947229001,1.7937667874197327,1167.899114663148,1.8449702705610496,98.28689775455344,0.4700627536872821,0.077889531354934
C020,MockCompany_020,Bio,2024Q3,666.6903158106757,50.42260073777344,22.36116452369104,1681.0509136994517,694.9688456299175,986.0820680695342,1260.7881852745888,430.8564153642512,40.49828488897924,11.532089042071885,3123.467726356904,0.0768499908617667,0.4074838401655446,0.3912152126212583,1.84664547218398,1167.5228808962709,1.8806278517962416,97.63100259888348,0.4566725235401786,0.0762292625322045
C020,MockCompany_020,Bio,2024Q4,687.4669787907306,-5.054599688642413,-14.40400506819638,1716.8777750852814,693.5263052470007,1023.3514698382808,1287.658331313961,419.1209429568363,-53.29673847803247,11.725931710125762,3208.493799847119,0.0272216910623844,0.1385635653007879,-0.1827549625641291,1.899535152101252,1167.7929946919262,1.875476095860354,97.31012927107444,0.6515786030490069,0.0595053905620796
C021,MockCompany_021,Bio,2021Q1,742.8432596412366,161.75982581283802,128.21785384910763,1482.211379240374,539.2097373300016,943.0016419103724,1091.6592928215844,440.58445315498943,80.83044924008253,13.137616631467326,3403.779423434321,-0.0625114428893517,0.1082186806830829,-0.1988639715172204,1.989440153727869,1193.7457849955774,2.5648353843558165,99.9651075069735,0.4121634994217957,0.0754734711767909
C021,MockCompany_021,Bio,2021Q2,772.2704804434461,171.5630396712936,144.81288255424468,1451.441648583543,539.466854798336,911.9747937852068,1088.5812364376573,408.8483508771726,111.52673180122648,11.166778828287246,4145.058577212793,0.2177811960066853,0.1062843851178984,-0.2090803927878658,2.134934282471854,1213.61206615973,2.5534204342518945,100.82563521437288,0.3148571446508952,0.0620448381966853
C021,MockCompany_021,Bio,2021Q3,778.0297453717275,141.82811288247368,109.2400956626826,1435.1118333290517,547.7083126720022,887.4035206570495,1011.2025023461642,437.7871031145991,127.16707689809748,8.476460305854394,4244.793260950978,0.0240611035719664,0.2502519422206251,-0.0506452250075622,2.190420826969614,1225.0624230306244,2.507457417820354,101.75041965770367,0.2820207899046896,0.0658558770836532
C021,MockCompany_021,Bio,2021Q4,849.5174108119272,173.6104726188692,158.9661711002923,1527.8332490786656,536.8782913594252,990.9549577192404,1145.874936808999,417.2497155834086,230.1783327500829,8.865540294530398,4601.729246773037,0.0840879552617111,0.2468484513447825,-0.4105217815425242,2.2364989081598554,1227.919590850956,2.456848582313809,102.28187900396438,0.1095499877707342,0.08224065359681
C021,MockCompany_021,Bio,2022Q1,868.244543500154,148.36153459787172,119.8340291332432,1578.5208336112194,555.2172222390925,1023.3036113721269,1183.8906252084146,460.4848827717719,35.79076513386639,10.729320463445235,4610.634301213136,0.0019351539307411,0.1811696005749608,-0.0352158577837815,2.225883332837898,1236.1695768536288,2.382030613325962,102.69151078644764,0.1987962563295664,0.1016483406639204
C021,MockCompany_021,Bio,2022Q2,923.9353248432428,126.233607777327,90.38547518074856,1665.795178682497,494.96135770446153,1170.8338209780354,1174.2614361872852,497.7535183732056,79.13436402055916,8.613838993647862,5326.348784537539,0.1552312407722484,0.2065224223385191,0.0462331150749275,2.2079813979886405,1232.604251819164,2.325291239678333,102.98319516656645,0.5156275073254539,0.055247238696064
C021,MockCompany_021,Bio,2022Q3,918.1645879336664,164.96740800685228,128.83526602583245,1639.3522893453926,510.77443016295166,1128.577859182441,1229.5142170090444,543.8054793627412,178.74830145626785,9.306501306222309,5241.844916508305,-0.0158652524360685,0.1742681321086428,0.0552455077248035,2.1581666778069946,1228.0604786881363,2.2513323927600744,102.90664020847464,0.4622003394103846,0.0875391367985117
C021,MockCompany_021,Bio,2022Q4,917.6802707973844,169.187686669509,150.01490489091898,1573.1925544489136,539.3626313382334,1033.8299231106805,1179.8944158366853,544.9541815990297,164.9348618710176,9.662982384122806,5934.054028778764,0.1320544814461151,0.1677540911195084,-0.0076717751595051,2.1040050233037144,1225.809480097077,2.1383654022992475,102.86003261234056,0.5107447759833608,0.0247388573910422
C021,MockCompany_021,Bio,2023Q1,911.4244349998564,158.96131612848262,141.14853666004157,1535.2090368345414,542.8095587246302,992.3994781099112,1151.406777625906,553.9727051728581,48.15362309402177,11.959808937871909,5588.177113979727,-0.0582867822102083,0.1890117610464382,-0.0790484776828202,1.9956221031900596,1219.7215010256673,2.0225825098422714,102.26593506849407,0.4322131556123212,0.1143197480772761
C021,MockCompany_021,Bio,2023Q2,925.7508252981688,114.24549908727089,94.18578869992614,1658.5441373885433,544.2139825805044,1114.330154808039,1243.9081030414077,601.9694154216977,76.89567208279111,7.477587190556072,5182.2067857124,-0.0726480782528753,0.1768532009397612,-0.0910101747128343,1.894121446820648,1204.1598182505577,1.9943098283397755,101.6907724687152,0.3012260895494368,0.0937419975704089
C021,MockCompany_021,Bio,2023Q3,905.6664854952372,166.31777793879633,156.0813714346805,1713.7730172658223,584.7722018714314,1129.0008153943909,1285.3297629493668,531.0296676227075,86.03450857477955,11.15654483022784,4476.173537313335,-0.1362418131105137,0.1649941354412696,0.1100860423424153,1.819969291286996,1191.2798000869036,1.928515533805814,100.87829339500068,0.0632277260372742,0.0688411574354808
C021,MockCompany_021,Bio,2023Q4,952.8715042545996,97.73296414150744,44.07280002319064,1731.4469735032826,620.3891043872393,1111.057869116043,1298.585230127462,566.666495675105,8.95638032109266,8.222655163686824,5071.51054262923,0.1330013236424308,0.3428102241572712,0.2985630289899988,1.756052416001933,1183.5323640840438,1.852818908595716,100.0619701171167,0.2609157006566397,0.0449034354095621
C021,MockCompany_021,Bio,2024Q1,1005.6452857162084,196.32546363099752,172.17537321549847,1825.477607340738,651.2846302649433,1174.1929770757947,1369.1082055055535,629.5327444652725,140.92892727421733,6.25651078308613,5657.092688691693,0.1154650357403927,0.1636912113316651,-0.2618675636611015,1.7587309996894014,1173.976109166461,1.8576224807734163,99.21168470010004,0.6102610943771413,0.1086652852690893
C021,MockCompany_021,Bio,2024Q2,1017.1487007144898,164.3074647699087,150.6853626939709,1788.031735163417,677.9281922085769,1110.1035429548397,1341.0238013725625,563.0243564085214,68.33889678726393,13.407341056748406,6352.727398588725,0.1229668220369764,0.138389753388745,0.0193362478654446,1.7937667874197327,1167.899114663148,1.8449702705610496,98.28689775455344,0.1648246580311082,0.1089223650024358
C021,MockCompany_021,Bio,2024Q3,1028.1682405438837,149.0788444500177,120.04606301023112,1791.874447648127,713.329898446704,1078.544549201423,1343.9058357360952,545.5696238225331,161.07088706600047,12.445765696418148,6196.152533800637,-0.0246468729042067,0.3536720657668817,-0.0784951139902517,1.84664547218398,1167.5228808962709,1.8806278517962416,97.63100259888348,0.4076644156429488,0.030861819313289
C021,MockCompany_021,Bio,2024Q4,1089.5594563502627,225.71554056162685,171.43438354735127,1958.6035918270336,710.1125917803456,1248.4910000466882,1468.9526938702754,650.299594389833,167.0300296752736,13.890209876956796,6963.933095518544,0.1239124694767578,0.2035350267967668,-0.0916690242012528,1.899535152101252,1167.7929946919262,1.875476095860354,97.31012927107444,0.3417458050414556,0.0733501119041977
C022,MockCompany_022,Manufacturing,2021Q1,739.3579342358606,125.70180182481752,101.50772825622192,2037.61805786968,1254.4968278248932,783.1212300447862,1528.2135434022596,553.167714016765,147.5637713369197,10.498281087471977,2114.552630907482,-0.0629779607556943,0.2868953479847529,0.0071251661243608,1.989440153727869,1193.7457849955774,2.5648353843558165,99.9651075069735,0.3730689251789159,0.0508078835116886
C022,MockCompany_022,Manufacturing,2021Q2,799.9899965816311,183.09672240758707,164.46712307770636,2225.790268374893,1210.1479673490624,1015.6423010258306,1669.34270128117,560.7936172810878,132.7844987794024,14.625333699183294,2136.3309992307773,0.0102992793865569,0.3511838724807927,0.0226814504975565,2.134934282471854,1213.61206615973,2.5534204342518945,100.82563521437288,0.3296065413317586,0.0470293522168634
C022,MockCompany_022,Manufacturing,2021Q3,812.2081620345871,165.18272279818953,135.2728728633721,2332.774228641681,1175.305389855091,1157.4688387865897,1749.5806714812609,723.823660511232,65.74077692224131,18.95427481288928,2145.3981031971302,0.0042442411637606,0.2910875782798057,-0.0930990242236594,2.190420826969614,1225.0624230306244,2.507457417820354,101.75041965770367,0.3181394323335695,0.0390601512710681
C022,MockCompany_022,Manufacturing,2021Q4,785.9781618801288,117.66876362344604,91.2755381644134,2221.266067139363,1198.7612816251883,1022.5047855141744,1575.6260345073645,729.9631006240188,89.51118726270226,16.8464698169732,2251.712244720418,0.0495545052290552,0.1688196942857009,0.133900357493039,2.2364989081598554,1227.919590850956,2.456848582313809,102.28187900396438,0.2452400491520459,0.0539883436440804
C022,MockCompany_022,Manufacturing,2022Q1,826.8605913758614,117.46810808317323,94.24637530797048,2302.875944362868,1202.5435197707395,1100.3324245921283,1727.1569582721509,740.0983778421624,71.74566304604133,21.718049192285253,2083.914400100733,-0.0745201102019674,0.2114521360185087,0.287539686510863,2.225883332837898,1236.1695768536288,2.382030613325962,102.69151078644764,0.3566192040707549,0.0105151458274307
C022,MockCompany_022,Manufacturing,2022Q2,785.865581198139,150.31493221056644,135.7284551742908,2181.484508064613,1176.940364427658,1004.5441436369554,1636.1133810484598,690.7094862156687,161.12462367125477,18.862191156128485,1527.7022137220697,-0.2669074057704945,0.1825948407179856,0.1833740085913955,2.2079813979886405,1232.604251819164,2.325291239678333,102.98319516656645,0.3910327104998847,0.0649888617456456
C022,MockCompany_022,Manufacturing,2022Q3,868.1735000467969,197.59343144363183,172.86536305970287,2429.07263120032,1176.9258930188134,1252.1467381815064,1821.80447340024,814.4735353274666,133.66781669315992,15.292072761705228,1936.569659424698,0.2676355653805529,0.2098311941814031,0.2075675572173377,2.1581666778069946,1228.0604786881363,2.2513323927600744,102.90664020847464,0.5686680042067104,0.0425073359360295
C022,MockCompany_022,Manufacturing,2022Q4,895.0465731366695,190.3715804021069,152.74605412064088,2392.4950945179594,1227.560644778732,1164.9344497392274,1794.3713208884697,616.7959826742166,137.15201690514346,30.632822475554725,1951.857623853857,0.0078943529631154,0.1917084039953602,-0.3027380732028579,2.1040050233037144,1225.809480097077,2.1383654022992475,102.86003261234056,0.1932733242323085,0.045088058686348
C022,MockCompany_022,Manufacturing,2023Q1,889.7684768101975,155.3549850012466,145.48724003749675,2480.0021244181744,1226.941014602668,1253.0611098155064,1790.7777347614783,735.1610838254421,109.23551594493804,12.620275131562456,1761.4759340488954,-0.0975387177211529,0.1699342091112733,-0.0178169959776906,1.9956221031900596,1219.7215010256673,2.0225825098422714,102.26593506849407,0.2358449144559821,0.0526760181274224
C022,MockCompany_022,Manufacturing,2023Q2,843.288089314627,119.39325246156436,83.1807724020813,2326.0284389124604,1336.0060282891482,990.0224106233122,1744.5213291843452,787.5599907301048,97.69398157548927,13.046312711329366,1766.8340196424713,0.0030418159510472,0.1794385664750005,0.1928993100130099,1.894121446820648,1204.1598182505577,1.9943098283397755,101.6907724687152,0.3982146302539546,0.0722891629112191
C022,MockCompany_022,Manufacturing,2023Q3,852.9614035520025,189.03977212894168,158.5778877562206,2291.3238176602927,1393.224436225087,898.0993814352057,1695.6347148063328,630.0168054695044,178.05206362490128,27.26658340948657,1970.7382756572088,0.1154065711594112,0.0552893956184177,0.5449586858538404,1.819969291286996,1191.2798000869036,1.928515533805814,100.87829339500068,0.3523636033362118,0.0385273845540534
C022,MockCompany_022,Manufacturing,2023Q4,892.5788894910482,200.33725354741685,177.8890595762658,2296.5353918039,1596.015405619599,700.5199861843009,1722.401543852925,617.1799213596279,131.725049492232,27.43277453094068,1973.2347680324729,0.0012667802752404,0.2775287242354757,-0.0628542632522672,1.756052416001933,1183.5323640840438,1.852818908595716,100.0619701171167,0.7402500162896135,0.0459667041854252
C022,MockCompany_022,Manufacturing,2024Q1,920.8506074427012,180.90785559973,147.07528410262475,2235.248957640272,1666.9862607001146,568.2626969401576,1676.4367182302042,765.9175479480738,111.0106091279386,35.80640030285,2254.064971636086,0.1423197118524478,0.2166601183157783,0.2687471400885939,1.7587309996894014,1173.976109166461,1.8576224807734163,99.21168470010004,0.7122275745429986,0.0328157182376708
C022,MockCompany_022,Manufacturing,2024Q2,891.553136558441,92.58479096896627,45.33141454615195,2269.617130977579,1582.893098650174,686.724032327405,1702.2128482331843,716.9623158429978,117.44170576834946,26.613078484532007,1845.3336694805416,-0.1813307545695417,0.27305299668477,0.3213467078477649,1.7937667874197327,1167.899114663148,1.8449702705610496,98.28689775455344,0.4786424276215696,0.0315638251776719
C022,MockCompany_022,Manufacturing,2024Q3,866.0501115963737,171.0242497216419,146.41180109402254,2219.577664188663,1622.0226811772395,597.5549830114235,1584.9047904658376,681.1403385876263,73.17494398035738,15.61908418980811,1766.7145044523518,-0.0426043085477983,0.095806507603169,0.1027777233872245,1.84664547218398,1167.5228808962709,1.8806278517962416,97.63100259888348,0.547255560854347,0.0479103570688601
C022,MockCompany_022,Manufacturing,2024Q4,884.613639975236,148.6110029027394,122.65542822905545,2456.332130228764,1583.8463375607057,872.4857926680586,1842.249097671573,568.5360299142145,86.54470246878223,36.89130514605223,1940.460156026544,0.0983439322744737,0.1546660496522168,0.26168575324734,1.899535152101252,1167.7929946919262,1.875476095860354,97.31012927107444,0.4161948047079799,0.0240051037627648
C023,MockCompany_023,Finance,2021Q1,353.32358190522206,21.03063191588808,14.653684482474157,997.6495391516762,377.4688778107616,620.1806613409146,639.7138990795092,336.0273882738816,11.284885874420867,7.1178688843490985,908.0562159588488,0.2365442751184827,0.1886487201143085,0.062568882867686,1.989440153727869,1193.7457849955774,2.5648353843558165,99.9651075069735,0.2986218726950918,0.0227897085983615
C023,MockCompany_023,Finance,2021Q2,385.05265337779423,40.776518029307205,30.759263251072028,1104.7668361446963,387.10348204838175,717.6633540963148,693.3081324731882,437.9176617709039,29.06620822467972,4.4977984432776665,943.4468782072717,0.0389740873157865,0.1576859952683404,-0.2543720125328942,2.134934282471854,1213.61206615973,2.5534204342518945,100.82563521437288,0.5023493425078494,0.010773688095255
C023,MockCompany_023,Finance,2021Q3,388.307572868273,51.43869600736643,38.80923101717552,1127.5922620034237,382.76063259527655,744.8316294081469,579.7269442131349,281.35890402880807,31.647127837645986,8.791838109083907,961.3553641149596,0.0189819759027846,0.1759907925611989,-0.2754089848604629,2.190420826969614,1225.0624230306244,2.507457417820354,101.75041965770367,0.3766477064931953,0.0246126833940201
C023,MockCompany_023,Finance,2021Q4,409.586781959413,29.7688198320668,4.554202568811629,1198.442814088507,399.5424914051888,798.9003226833182,676.752087749723,439.1078930079678,17.08735195819184,3.9721109384068862,1108.021629765659,0.1525619673279954,0.1250280634789493,0.2829548201981606,2.2364989081598554,1227.919590850956,2.456848582313809,102.28187900396438,0.2992316380637128,0.0615633379077479
C023,MockCompany_023,Finance,2022Q1,467.9058269252645,49.01943914253442,32.7948565117428,1347.193111705927,413.93002664636,933.2630850595672,528.0865909656852,362.30382799470567,26.79225567493787,5.359203524521606,1465.0605504292369,0.3222310026015374,0.2725166496649891,-0.0125491972690314,2.225883332837898,1236.1695768536288,2.382030613325962,102.69151078644764,0.2046570566488702,0.0231453346036315
C023,MockCompany_023,Finance,2022Q2,534.7099547970474,41.78037662337461,29.64901972785131,1600.823439441514,443.5541118549937,1157.2693275865204,873.577484658064,465.4748969901147,15.96147980990839,9.280238240593349,1871.3482417633656,0.2773180202109009,0.3489993737641898,0.214986473339473,2.2079813979886405,1232.604251819164,2.325291239678333,102.98319516656645,0.4349534568606006,0.0518038744550176
C023,MockCompany_023,Finance,2022Q3,624.0876431057078,58.94601417420372,37.33672198429403,1862.9248925484003,477.9085347844016,1385.0163577639987,1085.6141122249533,805.6039882099986,57.49628295225397,5.826658120423859,2672.815629533176,0.4282834001086779,0.1515050441892693,0.4127056834695188,2.1581666778069946,1228.0604786881363,2.2513323927600744,102.90664020847464,0.6163547048548571,0.0137264194047107
C023,MockCompany_023,Finance,2022Q4,653.9244095449917,61.95168137941294,38.52313476859597,1979.7769291019213,470.76795173879015,1509.0089773631312,1059.0063869081428,619.9072997572638,50.71144750027853,4.533864959912164,2875.71155603234,0.0759109323730649,0.0548190601059842,-0.1560477383966652,2.1040050233037144,1225.809480097077,2.1383654022992475,102.86003261234056,0.3080108260695718,0.0135971203242348
C023,MockCompany_023,Finance,2023Q1,692.0257627424212,42.06256135388415,27.82849682749768,1962.8858431609808,451.2780830151849,1511.6077601457955,1367.0318734181265,702.6358615296492,8.5860178182343,8.75457210874984,3293.403671214155,0.1452482653573613,0.1637705051696692,-0.2084758436913292,1.9956221031900596,1219.7215010256673,2.0225825098422714,102.26593506849407,0.5220116908174545,0.0366141993596847
C023,MockCompany_023,Finance,2023Q2,779.1220908056151,126.76306084985973,100.27744160028044,2157.1305245530434,473.0988867378065,1684.031637815237,1215.748933978135,694.2896761583019,74.84136929259243,5.809851584742986,4081.612219383805,0.2393294678872653,0.1720724669328066,0.2168656403200072,1.894121446820648,1204.1598182505577,1.9943098283397755,101.6907724687152,0.443106925884282,0.069269914019096
C023,MockCompany_023,Finance,2023Q3,784.8420836944747,85.13796572829962,51.84472404477244,2158.0577300641507,470.582492334599,1687.4752377295515,1170.3565841561856,571.7851434484749,78.7277269390593,3.865482590538915,3978.217528640401,-0.0253318260496125,0.2370293457803924,0.3461956512300323,1.819969291286996,1191.2798000869036,1.928515533805814,100.87829339500068,0.4471791226229759,0.0521716740333714
C023,MockCompany_023,Finance,2023Q4,802.706210419885,53.02425233613006,40.168407971873634,2224.2640001815084,458.98136859327343,1765.282631588235,1302.6173680980137,799.3877858425706,28.83478908699368,10.23278263348815,4356.3735908586095,0.0950566577859925,0.2162571009835754,-0.3172479295859163,1.756052416001933,1183.5323640840438,1.852818908595716,100.0619701171167,0.3364012736394237,0.0041093975167829
C023,MockCompany_023,Finance,2024Q1,850.6997912471677,104.9339910664916,62.79672651055472,2391.7825099404795,501.3711959807305,1890.411313959749,1102.179560968628,729.8228477571724,78.57526235880054,6.524515296158804,4115.7963868603965,-0.0552241902538016,0.1533959885321467,-0.6728898387772599,1.7587309996894014,1173.976109166461,1.8576224807734163,99.21168470010004,0.3861381068684229,0.0552446190069554
C023,MockCompany_023,Finance,2024Q2,844.7245352078569,80.52896280509195,47.843890557878,2414.2783588172283,505.15070540061214,1909.127653416616,1504.725429121839,841.5327850812084,35.49198910864372,9.176385853924067,4246.702396746144,0.0318057546052721,0.1735306878556446,-0.0305175628005591,1.7937667874197327,1167.899114663148,1.8449702705610496,98.28689775455344,0.5072396564586215,0.0170141110870776
C023,MockCompany_023,Finance,2024Q3,802.2686530619392,113.17995281905937,99.6191364221576,2254.678146076758,502.01484958688434,1752.6632964898736,1400.8697307866232,959.7782627364434,96.49175998283164,8.391590162224217,3993.5020464709937,-0.0596228147442481,0.2997941069458945,0.3042685746619863,1.84664547218398,1167.5228808962709,1.8806278517962416,97.63100259888348,0.3511607501632429,0.0
C023,MockCompany_023,Finance,2024Q4,863.2239510799869,133.58445106551233,94.5331749049573,2472.2682281776906,505.6733624379624,1966.594865739728,1639.7743776591765,1066.0406839114082,130.13024247513283,10.298454815168292,4498.372677348885,0.12642303046371,0.1679813752075314,0.2541755448022902,1.899535152101252,1167.7929946919262,1.875476095860354,97.31012927107444,0.3723437811863524,0.0547211428288068
C024,MockCompany_024,Retail,2021Q1,659.4064582731431,84.37841870718493,44.98471118675688,1936.7085868802103,926.4807430748598,1010.2278438053504,1452.5314401601577,494.0825297805762,8.803004643770393,22.786956715309884,2623.602136477501,-0.0538799113627076,0.0521703904155666,-0.2524368735506969,1.989440153727869,1193.7457849955774,2.5648353843558165,99.9651075069735,0.5763027361705957,0.028235969962168
C024,MockCompany_024,Retail,2021Q2,612.960671814165,64.00319451722906,56.19695317161761,1777.4533590927945,855.2361581927954,922.217200899999,1333.0900193195955,477.1122693145864,36.87645390756183,20.15342367470703,2156.27625313724,-0.1781237623047914,0.2240783419550527,0.1019175761111559,2.134934282471854,1213.61206615973,2.5534204342518945,100.82563521437288,0.4940682616207504,0.0316717032065767
C024,MockCompany_024,Retail,2021Q3,555.2405934009577,76.09481361117173,57.12369661214653,1707.2895053213863,848.9463680956129,858.3431372257734,1280.4671289910398,409.1042212579306,70.37298517506055,21.22255268644957,1679.9497173835002,-0.2209023704920533,0.0801483692467741,0.4654075813378369,2.190420826969614,1225.0624230306244,2.507457417820354,101.75041965770367,0.4132116360572809,0.0463265276473575
C024,MockCompany_024,Retail,2021Q4,547.8067982757458,60.2471495899938,34.18785559730826,1783.0703285635482,877.9613122935843,905.1090162699638,1337.3027464226611,421.7716821964764,39.59987085965662,17.485011734611213,1758.7108898862907,0.0468830535151135,0.2107147795006925,0.1839644329781876,2.2364989081598554,1227.919590850956,2.456848582313809,102.28187900396438,0.4629668451316662,0.03906796837582
C024,MockCompany_024,Retail,2022Q1,579.8792221468705,59.43744449771684,27.44839138134697,1827.295902655045,862.9562278255331,964.339674829512,1370.4719269912837,415.577147401694,3.5147170960062155,9.099843142398784,1979.72238588344,0.1256667581170424,0.1553478571283426,0.1572533840129056,2.225883332837898,1236.1695768536288,2.382030613325962,102.69151078644764,0.3478797111184057,0.0301828093478293
C024,MockCompany_024,Retail,2022Q2,633.3785960134421,99.27001450461456,89.89461611599968,1989.0526545910384,907.0304628814072,1082.022191709631,1491.789490943279,555.6010224425153,57.48713576927219,23.125670838390853,2378.37288753683,0.2013668706764129,0.2094736257149217,-0.0345516098532983,2.2079813979886405,1232.604251819164,2.325291239678333,102.98319516656645,0.343275667350469,0.0024726375867172
C024,MockCompany_024,Retail,2022Q3,665.6072385714248,47.89593490345288,16.398303932062113,2154.7088819570886,913.052835087619,1241.6560468694695,1616.0316614678163,469.337013318496,36.10594962910467,22.777562574847195,2428.41599169397,0.0210408991875816,0.2943972591566071,-0.1238553123198564,2.1581666778069946,1228.0604786881363,2.2513323927600744,102.90664020847464,0.1182530211782593,0.0180330584526005
C024,MockCompany_024,Retail,2022Q4,715.9080238720295,81.97404169471577,68.696779111014,2339.381273716003,940.8330777250624,1398.5481959909405,1754.5359552870025,598.0136238131604,43.52650102850483,20.13884813539932,2381.1694252889056,-0.0194557137519536,0.1694795184237031,-0.1136291620279629,2.1040050233037144,1225.809480097077,2.1383654022992475,102.86003261234056,0.49401064458824,0.0339113357658776
C024,MockCompany_024,Retail,2023Q1,730.5631762405534,112.44323215310077,68.86603541372176,2496.6892548579326,851.3613293229596,1645.327925534973,1872.5169411434488,635.562424774801,118.28454751513874,18.579596714241795,2140.0917567996,-0.1012433915575141,0.1984236115323678,0.0189606775929088,1.9956221031900596,1219.7215010256673,2.0225825098422714,102.26593506849407,0.4449800652063964,0.0212628205609759
C024,MockCompany_024,Retail,2023Q2,729.6250783580998,113.37268789670448,86.12121524649953,2598.956468768524,858.4788610275574,1740.477607740967,1949.2173515763927,606.7042140053397,104.59281148406166,9.952145527060903,2376.96199416482,0.110682281080998,0.2828862360459832,-0.1126711395362339,1.894121446820648,1204.1598182505577,1.9943098283397755,101.6907724687152,0.3539951270714349,0.0029363842574003
C024,MockCompany_024,Retail,2023Q3,747.0042512820498,106.41999284772764,89.1899619774618,2568.385824912997,881.8320711841186,1686.5537537288783,1926.289368684748,632.5228209614608,33.253104773720715,19.126426075531832,2341.8473363016624,-0.0147729151536121,0.1089419640199798,0.1906530002309968,1.819969291286996,1191.2798000869036,1.928515533805814,100.87829339500068,0.4727041630585658,0.0587223870270876
C024,MockCompany_024,Retail,2023Q4,756.4378145740278,87.74288779439513,76.27760323080686,2594.909643934407,972.4927003252982,1622.4169436091088,1946.1822329508047,685.1850708512445,35.56145316102147,11.564984066646511,2590.9999064702497,0.1063914655350927,0.3182425435461571,-0.1379611397924529,1.756052416001933,1183.5323640840438,1.852818908595716,100.0619701171167,0.2415488685915194,0.0060717837851521
C024,MockCompany_024,Retail,2024Q1,735.893743969209,95.52360912356671,73.04464825784657,2676.363620005204,976.5037850451026,1699.8598349601016,2007.2727150039032,638.5406948573477,66.26758355119702,14.359644477916596,2448.12241061012,-0.05514376727816,0.1237990745525194,-0.2231666871553792,1.7587309996894014,1173.976109166461,1.8576224807734163,99.21168470010004,0.5760152888177841,0.0105659845076762
C024,MockCompany_024,Retail,2024Q2,741.9620903565461,106.62801950259065,96.61139919642864,2706.983426629384,1032.8599172463655,1674.1235093830185,2030.2375699720385,764.2046939841705,36.2307554476595,18.27060581379443,2511.305779090241,0.0258089089852228,0.04,0.0057272241826884,1.7937667874197327,1167.899114663148,1.8449702705610496,98.28689775455344,0.3967144060700096,0.0279240704782254
C024,MockCompany_024,Retail,2024Q3,775.2352423534344,70.14063646819369,29.918350069374195,2852.356585680933,1076.9663840610913,1775.390201619842,2139.2674392607,703.0933275952568,54.28769229813128,13.343217185624988,2561.269121057432,0.0198953637518768,0.1806689906270103,0.2716669940963556,1.84664547218398,1167.5228808962709,1.8806278517962416,97.63100259888348,0.3361949311408025,0.0072789654678182
C024,MockCompany_024,Retail,2024Q4,815.2025227578526,95.53618582561424,54.499517801800096,3211.929254546348,1081.274738663205,2130.6545158831427,2408.946940909761,831.3574758141967,66.5862998911146,26.930096228976083,2451.762805025316,-0.0427547090353807,0.1871503087903384,-0.0867877654174742,1.899535152101252,1167.7929946919262,1.875476095860354,97.31012927107444,0.5257286763777165,0.0050824970603871
C025,MockCompany_025,Finance,2021Q1,685.9319687099718,149.77861898541855,133.38283964368202,1130.066680649786,320.4828904789614,809.5837901708247,847.5500104873396,333.2371428289689,42.92722178737342,5.864474349066423,910.8574353515484,-0.1091401491437276,0.2373708702324202,0.386404514529547,1.989440153727869,1193.7457849955774,2.5648353843558165,99.9651075069735,0.3525143685892921,0.0598941457915882
C025,MockCompany_025,Finance,2021Q2,741.1268401847492,146.72272681414427,103.39127222726027,1304.2471369541693,329.8100962698506,974.4370406843186,978.185352715627,326.20988448595466,114.67053347819817,6.424823834671065,1137.1106907018984,0.2483959032107224,0.2219190778298399,0.0303122546288054,2.134934282471854,1213.61206615973,2.5534204342518945,100.82563521437288,0.3516684954321741,0.0
C025,MockCompany_025,Finance,2021Q3,797.1878293967671,174.16796700415085,131.39547763488562,1464.6678228121802,369.6875968217656,1094.9802259904145,1098.5008671091352,421.9159918855336,100.19301634136087,8.030365642807011,1265.977213465729,0.1133280372944922,0.1812734341535883,0.2965659034033657,2.190420826969614,1225.0624230306244,2.507457417820354,101.75041965770367,0.1847878683228824,0.0089719633151848
C025,MockCompany_025,Finance,2021Q4,827.9069731874811,146.62967151785782,114.57628172219208,1527.1840795336798,374.7856832698111,1152.3983962638688,1145.38805965026,424.38150155592274,107.10416834416418,9.951161933479089,1403.819118979645,0.1088818219220245,0.1349802431163407,0.2278712790532609,2.2364989081598554,1227.919590850956,2.456848582313809,102.28187900396438,0.2630141259032109,0.0562919968307262
C025,MockCompany_025,Finance,2022Q1,840.6983996241405,131.29650927924538,117.51482963805095,1544.0745662627394,373.4639801938722,1170.6105860688672,1158.0559246970545,371.969069241974,124.39703109841236,4.476765402561092,1544.167516758035,0.0999761264687726,0.1827395501321743,0.5446850664685418,2.225883332837898,1236.1695768536288,2.382030613325962,102.69151078644764,0.2710691541808797,0.0561496044939198
C025,MockCompany_025,Finance,2022Q2,903.25854271284,140.24493363772078,94.5628985245451,1662.2884128078226,376.6761368285095,1285.6122759793132,1246.716309605867,513.856694918388,108.03414440785838,8.121100577118368,1708.0870027826472,0.1061539530171958,0.2466774501305451,0.6045570258773179,2.2079813979886405,1232.604251819164,2.325291239678333,102.98319516656645,0.3469974454953611,0.0628850665774236
C025,MockCompany_025,Finance,2022Q3,946.2017611296152,167.78145033288317,123.73608520614076,1676.2748664972305,399.2422728937687,1277.0325936034617,1257.2061498729229,422.8373758528426,47.028601431360414,6.732745342943807,1909.5310164675363,0.11793545255992,0.2474575504563288,0.2333983427311216,2.1581666778069946,1228.0604786881363,2.2513323927600744,102.90664020847464,0.3365388291906006,0.0482154180388645
C025,MockCompany_025,Finance,2022Q4,1018.8394031322704,209.99602768253703,183.9107471079104,1904.396922783376,404.78628526783416,1499.6106375155418,1428.297692087532,548.9316454254619,122.98570552613054,4.547867663387905,2202.5680637104847,0.1534602186169465,0.2540980357122075,0.0042027769062059,2.1040050233037144,1225.809480097077,2.1383654022992475,102.86003261234056,0.0211190238193372,0.0
C025,MockCompany_025,Finance,2023Q1,1057.235487342459,239.4841280691332,215.03945652440123,2021.539473973336,405.4418972124666,1616.0975767608688,1516.1546054800017,489.8060456130119,142.05726410590128,6.660954634603804,2280.6470652926864,0.0354490754990192,0.2611276831481368,0.1346857604854192,1.9956221031900596,1219.7215010256673,2.0225825098422714,102.26593506849407,0.1897126890976445,0.0403452426159333
C025,MockCompany_025,Finance,2023Q2,1102.8864385450825,223.04410413882587,183.9154845102541,2089.993090914119,465.3826197083378,1624.610471205781,1567.494818185589,613.6123150635741,93.51779441609396,8.661575646778505,2221.503373222404,-0.025932856061046,0.2340737838388888,0.0711750158830011,1.894121446820648,1204.1598182505577,1.9943098283397755,101.6907724687152,0.4000403457011822,0.0659085790652735
C025,MockCompany_025,Finance,2023Q3,1159.9757519706088,205.1385481080312,176.12463236713526,2112.7039707705367,475.8138129425174,1636.8901578280193,1584.5279780779024,636.7888481108945,136.7377252716309,11.154820419553294,2661.5185226621,0.1980708896252684,0.3247781706001032,-0.1238848654160972,1.819969291286996,1191.2798000869036,1.928515533805814,100.87829339500068,0.5748457493661308,0.0
C025,MockCompany_025,Finance,2023Q4,1269.0789791706725,300.3545669604996,270.66022079443314,2351.7974000682475,495.8302494462604,1855.967150621987,1763.8480500511855,605.8385323496358,127.3718291229117,5.573842823600672,2855.03171702806,0.072707814248989,0.2221361614083908,0.4359302789505705,1.756052416001933,1183.5323640840438,1.852818908595716,100.0619701171167,0.2788872827079547,0.0381813007574303
C025,MockCompany_025,Finance,2024Q1,1144.6574097378668,195.1052591437169,129.638414066111,2206.985684400599,508.6004624984613,1698.3852219021378,1655.2392633004492,631.3353536354153,119.32246158182764,5.165946206464278,2742.103214200956,-0.0395542025517867,0.3217247527601761,0.3588221710673936,1.7587309996894014,1173.976109166461,1.8576224807734163,99.21168470010004,0.2887836857483206,0.0111556490158728
C025,MockCompany_025,Finance,2024Q2,1222.5995213090166,203.7488639559785,134.420660054326,2426.244875118692,481.0846294699311,1945.1602456487608,1819.6836563390189,562.3874524807944,72.26447825011843,9.330371106824169,3329.547466484032,0.2142312693558677,0.2493707137658868,0.6950200253958299,1.7937667874197327,1167.899114663148,1.8449702705610496,98.28689775455344,0.2400695925157117,0.0102561053564794
C025,MockCompany_025,Finance,2024Q3,1343.158066931588,303.73677076628746,263.3680706323896,2911.49385014243,504.9291585329564,2406.5646916094734,2183.6203876068225,918.9337628322402,351.8362744369381,7.661103445994417,3752.9486603796686,0.1271647868539757,0.1987137732378521,0.4890116946007134,1.84664547218398,1167.5228808962709,1.8806278517962416,97.63100259888348,0.5370750376053851,0.0310291820882936
C025,MockCompany_025,Finance,2024Q4,1453.875126311613,349.7092152064956,308.2201348605978,3244.760117107897,499.48232146142425,2745.2777956464724,2433.5700878309226,844.2531071519935,359.74529231910566,8.130421700222279,4034.068726896379,0.0749064514216591,0.0918133584610881,0.2150345473901799,1.899535152101252,1167.7929946919262,1.875476095860354,97.31012927107444,0.387877986547582,0.0580613933309051
C026,MockCompany_026,Retail,2021Q1,119.22895434784172,25.07375836289896,19.798256059771624,318.044950248209,131.1710978732176,186.87385237499137,238.53371268615672,91.62897532145672,29.35560890476904,2.519281501097597,411.4097143581312,-0.165947683376443,0.1902604434311269,0.0483359971248726,1.989440153727869,1193.7457849955774,2.5648353843558165,99.9651075069735,0.3134375079597076,0.0460971657579181
C026,MockCompany_026,Retail,2021Q2,125.43251054048288,25.08326436281389,18.65021916013436,338.11095846078604,131.8375785979817,206.27337986280435,248.03132731589585,90.69579181984484,26.17491067678057,2.1192308764751244,528.3588122938113,0.2842643084355472,0.286181432297335,0.0916078124279997,2.134934282471854,1213.61206615973,2.5534204342518945,100.82563521437288,0.1798897040865008,0.0009484455853886
C026,MockCompany_026,Retail,2021Q3,124.43644592799608,25.47412610608598,19.548191456985904,336.8242447382923,145.9206250202171,190.9036197180752,252.61818355371923,130.5376202290515,26.98315149485217,2.1927825633632327,524.3905095329068,-0.0075106209427576,0.1029282660472639,0.4421423911583308,2.190420826969614,1225.0624230306244,2.507457417820354,101.75041965770367,0.1895174129628114,0.0515193051603983
C026,MockCompany_026,Retail,2021Q4,120.5475537549801,27.297182069862945,22.49257502799941,319.22501900428523,148.59163504410998,170.63338396017525,239.4187642532139,125.15268280093343,22.06277985311793,3.734309862988818,560.6347839677326,0.0691169534458391,0.1718428456940393,-0.2567146336814527,2.2364989081598554,1227.919590850956,2.456848582313809,102.28187900396438,0.3613706836938878,0.0120941249730318
C026,MockCompany_026,Retail,2022Q1,113.96684499453308,16.25317199491427,9.338654726482314,313.0041320667589,155.05898799001594,157.945144076743,212.6020058677809,97.35294856074265,17.035703287950483,4.460440650999738,572.3811284084801,0.0209518652367876,0.1663324123195781,0.1513818251687488,2.225883332837898,1236.1695768536288,2.382030613325962,102.69151078644764,0.1465720721103756,0.0181838462202626
C026,MockCompany_026,Retail,2022Q2,114.05015512645636,20.758078236525275,16.951070031106823,320.2205897274046,159.00580669376498,161.21478303363963,219.43092467680952,105.04720987424884,16.12499315112511,2.773557820231135,586.422108496261,0.0245308228921213,0.1670665270018404,0.0646709018729363,2.2079813979886405,1232.604251819164,2.325291239678333,102.98319516656645,0.1794767866229857,0.0677235789134116
C026,MockCompany_026,Retail,2022Q3,121.20735131301264,21.896730491962536,16.487948568728374,345.3790717175713,163.5727362490209,181.80633546855043,226.29607240028665,94.2199455282707,12.789408461644014,3.04678426232961,640.4283334782298,0.0920944558527214,0.2207335898360065,0.366568865967492,2.1581666778069946,1228.0604786881363,2.2513323927600744,102.90664020847464,0.1730738881872335,0.0264461916124894
C026,MockCompany_026,Retail,2022Q4,124.58638083661111,28.320522801564223,25.15773650481121,365.83825578636487,169.3536245625926,196.48463122377228,274.37869183977364,120.0768884192447,33.75242428892507,4.055479861809766,725.6176038526268,0.1330192090529874,0.2672581942536334,-0.2050036892492613,2.1040050233037144,1225.809480097077,2.1383654022992475,102.86003261234056,0.4643513839147173,0.0187319692310942
C026,MockCompany_026,Retail,2023Q1,125.34659527841042,26.19296345008521,21.42198407116781,366.0897703027131,168.170494725795,197.91927557691807,274.5673277270348,125.43200672107112,14.350440023596796,2.291191024611467,649.782264552698,-0.1045114381146283,0.2415335550741153,-0.3167992990993036,1.9956221031900596,1219.7215010256673,2.0225825098422714,102.26593506849407,0.444213774224774,0.0223202089217288
C026,MockCompany_026,Retail,2023Q2,119.934510725492,19.96702005998276,15.466563878197102,376.07861532317753,175.13740718755022,200.9412081356273,282.0589614923832,122.48915565656227,6.745085108626545,3.698117096249852,571.7946743664659,-0.1200211123643361,0.2435145355346672,-0.0126928782381645,1.894121446820648,1204.1598182505577,1.9943098283397755,101.6907724687152,0.3857059068674566,0.0156250904647688
C026,MockCompany_026,Retail,2023Q3,129.38610500087594,30.06613538880046,27.109209727330622,391.94942149975645,190.9278082020632,201.02161329769328,293.96206612481734,126.12195505673964,20.85199597981501,3.757145372759447,552.2186528656449,-0.0342361032349779,0.2756064682094382,-0.3888446055838028,1.819969291286996,1191.2798000869036,1.928515533805814,100.87829339500068,0.3930246305220014,0.0139076663055077
C026,MockCompany_026,Retail,2023Q4,120.81958697055912,19.479443121184715,12.98794367528709,391.06237069208345,213.68256762107492,177.37980307100847,293.2967780190626,137.52666451819383,13.1054079163136,4.114589713413353,481.51362773008697,-0.1280380964472066,0.2190107093633351,0.0416243211362099,1.756052416001933,1183.5323640840438,1.852818908595716,100.0619701171167,0.2892374442978936,0.0218451813502032
C026,MockCompany_026,Retail,2024Q1,121.24724960335108,28.63523314875779,26.47209187254148,390.8389916567062,217.18363491766223,173.65535673904395,293.12924374252964,158.56625816558923,25.621896690677666,2.166301386414563,456.9214584555253,-0.0510726339989423,0.1829728951659464,0.1008101681635146,1.7587309996894014,1173.976109166461,1.8576224807734163,99.21168470010004,0.4077553631370322,0.0741442618863603
C026,MockCompany_026,Retail,2024Q2,119.53586343969415,17.591487035638373,13.94267236024853,395.0776041930739,208.0215719427703,187.05603225030364,296.3082031448054,133.53070364531013,16.739485458087536,2.3706765881017025,454.76957915491823,-0.0047095168344265,0.2505527733246339,0.0465389243352757,1.7937667874197327,1167.899114663148,1.8449702705610496,98.28689775455344,0.4750350732548898,0.0377486723036906
C026,MockCompany_026,Retail,2024Q3,123.32319449561392,19.814110983537788,14.10062195475262,422.6447432163988,209.2884135091093,213.3563297072895,316.9835574122991,129.67547509111452,19.806220889645584,2.4748033447028703,494.8043216529293,0.0880330266866269,0.2954282171962167,0.0172576946744894,1.84664547218398,1167.5228808962709,1.8806278517962416,97.63100259888348,0.4296761665525783,0.0361590019062426
C026,MockCompany_026,Retail,2024Q4,124.29671011267293,20.2812544388672,18.94839524475457,439.7071844090835,200.81998631270253,238.8871980963809,329.7803883068126,142.36654803003108,5.93161897288463,3.887662438019704,568.007702983752,0.1479441026025835,0.2210997585872528,0.2289788363872129,1.899535152101252,1167.7929946919262,1.875476095860354,97.31012927107444,0.4651173813116648,0.0698943038203062
C027,MockCompany_027,Bio,2021Q1,365.0987835248103,12.664993201987416,-3.656638803219496,580.0338406330898,265.96224736622065,314.0715932668691,357.92220222632704,204.7195792486044,-12.959048678215826,2.9742626750137617,1292.5443644440736,0.2167549019440667,0.1595781499223118,0.1503203263020742,1.989440153727869,1193.7457849955774,2.5648353843558165,99.9651075069735,0.7253533206913992,0.0751286171827257
C027,MockCompany_027,Bio,2021Q2,400.451117756037,18.194920215185192,9.05365546122514,643.4738835652804,286.9368221920189,356.53706137326145,431.5955820054699,221.0040446777935,-15.96464594926384,6.117779214128879,1484.569704110574,0.1485638287929024,0.3648709605489641,0.1665562093989811,2.134934282471854,1213.61206615973,2.5534204342518945,100.82563521437288,0.4530121031242519,0.0596742168746386
C027,MockCompany_027,Bio,2021Q3,454.7544928862778,24.824169381722875,18.66624543653415,715.4152623984926,291.9553477074381,423.4599146910545,469.870792590158,280.8452858688721,1.6178413740059572,2.8574261244514334,1480.9683180893287,-0.0024258786982338,0.170936616621611,-0.0793891926347042,2.190420826969614,1225.0624230306244,2.507457417820354,101.75041965770367,0.2575044290113299,0.0931667541193985
C027,MockCompany_027,Bio,2021Q4,507.30320629717767,17.49877747885294,2.904419726881128,838.5283349748039,291.60168394864286,546.926651026161,566.7487800013038,213.12160506013905,-3.3554489346088925,6.434975155620446,1742.9401146627586,0.1768922355553242,0.2590630689686738,0.1342840987971765,2.2364989081598554,1227.919590850956,2.456848582313809,102.28187900396438,0.3790761191615764,0.0725083572459279
C027,MockCompany_027,Bio,2022Q1,563.3607348601392,46.93462002265824,16.024254103431232,976.9828208242805,284.7530975587618,692.2297232655187,626.6883801799054,242.36105090355773,30.47445165441883,3.5132048452910314,1972.567492829673,0.131747141645968,0.2202453600572514,-0.0302612223388855,2.225883332837898,1236.1695768536288,2.382030613325962,102.69151078644764,0.4913832712265342,0.1039444387576
C027,MockCompany_027,Bio,2022Q2,603.1756901891127,53.49672172402536,16.901558329440007,1020.38015729979,276.2748458689657,744.1053114308243,704.136896152517,343.7712983588312,49.791304455474965,5.869153137064148,1912.6453382274044,-0.0303777461709609,0.2369557260242735,-0.4812775880131387,2.2079813979886405,1232.604251819164,2.325291239678333,102.98319516656645,0.1982634155659705,0.0234264613041919
C027,MockCompany_027,Bio,2022Q3,711.1387679619622,-7.003982086337205,-38.99604569066089,1209.7494467071217,297.39615991874854,912.353286788373,880.8338019693937,473.1507965454808,-52.27679428805195,5.879066114246073,2269.4833879392586,0.1865678087724111,0.1346396138951166,0.0848789060050766,2.1581666778069946,1228.0604786881363,2.2513323927600744,102.90664020847464,0.469575805451,0.0664632226595028
C027,MockCompany_027,Bio,2022Q4,768.8303843601462,51.83376642332763,13.296974557966085,1362.1571627853166,285.45926278109425,1076.6979000042224,1021.6178720889876,598.967734200822,12.069447175885088,7.143638966916222,2913.754857383716,0.2838846377410455,0.1602829351634445,-0.0258506659227672,2.1040050233037144,1225.809480097077,2.1383654022992475,102.86003261234056,0.2943876890090121,0.0723900701973487
C027,MockCompany_027,Bio,2023Q1,842.817701795838,75.6072426651428,26.854757053755872,1461.8487309333332,300.69340069514806,1161.1553302381851,927.3117777738696,531.6407005732715,-11.688582336511416,4.489442282593997,3194.9530431843896,0.0965071529913,0.320269989285487,-0.153405674906996,1.9956221031900596,1219.7215010256673,2.0225825098422714,102.26593506849407,0.5071776656821985,0.0536959990690763
C027,MockCompany_027,Bio,2023Q2,892.0248078536099,75.08042704636742,39.779555891928304,1583.7137496626965,300.2246137590203,1283.489135903676,1060.5365268918963,486.60427036479615,19.498226955702748,5.083289440707939,3335.070072037812,0.0438557396492337,0.3181312525100179,0.0228669099056272,1.894121446820648,1204.1598182505577,1.9943098283397755,101.6907724687152,0.1646489628777559,0.0401030379714721
C027,MockCompany_027,Bio,2023Q3,1007.602848853154,40.78072972618541,10.239576311690668,1833.482335470299,265.6118893540044,1567.8704461162945,1211.7484069773368,558.4362489803908,-16.668481403169302,3.355713256475075,4325.15634750045,0.2968712063245106,0.2070249561313896,0.4808847765222953,1.819969291286996,1191.2798000869036,1.928515533805814,100.87829339500068,0.5190479378421682,0.0670358961757141
C027,MockCompany_027,Bio,2023Q4,1114.816576385864,65.44895596931245,10.62287478793004,2172.341476031807,272.68316107171086,1899.658314960096,1249.7970761324948,657.8219791300578,5.916609325160408,3.2962313475496727,4460.812038920614,0.0313643439730363,0.1767128668464649,-0.0292825498084589,1.756052416001933,1183.5323640840438,1.852818908595716,100.0619701171167,0.2827818788516684,0.0902853845419929
C027,MockCompany_027,Bio,2024Q1,1145.076507502611,5.455542542530133,-27.09528784023876,2213.7879146709743,270.2740952613995,1943.5138194095748,1467.4280099724451,672.0141455392335,-51.66891177121452,3.0471609765790992,4078.06305487352,-0.0858025356611322,0.1548132485770469,0.3243963257152294,1.7587309996894014,1173.976109166461,1.8576224807734163,99.21168470010004,0.5136389012717715,0.0515036372438021
C027,MockCompany_027,Bio,2024Q2,1257.4587273936331,1.142482617390724,-49.81698965005664,2516.6954011321336,283.81891920840815,2232.8764819237254,1887.5215508491,1006.7679959844428,-13.333949538274394,2.474530579503818,4791.349705348384,0.1749081956009596,0.1987153079010416,0.1314701823320389,1.7937667874197327,1167.899114663148,1.8449702705610496,98.28689775455344,0.4780475414239294,0.0637252794852909
C027,MockCompany_027,Bio,2024Q3,1412.1516728270117,96.7101129325415,47.203828787106325,2792.502158951741,257.721702555241,2534.7804563965,2094.376619213805,982.1938672913084,-30.859572419105845,2.064828961122314,4874.013820858167,0.0172527827425134,0.20036362641626,0.4986609653308739,1.84664547218398,1167.5228808962709,1.8806278517962416,97.63100259888348,0.2452033706190377,0.0915949503603109
C027,MockCompany_027,Bio,2024Q4,1498.0641927480483,154.28603202887243,110.0795787283542,3108.161721929864,265.1135124465001,2843.048209483364,2222.095958952406,1071.7537540656422,180.21124232210352,5.133129638748142,5115.8019460943015,0.0496075994289165,0.2773146224827995,-0.0334016319670447,1.899535152101252,1167.7929946919262,1.875476095860354,97.31012927107444,0.125523915830915,0.0280144066252679
C028,MockCompany_028,IT,2021Q1,698.6054279709397,189.33426771473776,148.27345572898258,997.6718140655064,206.87789627532183,790.7939177901845,576.8570362596593,340.9336211844468,152.59067771092262,4.223559814753766,4197.589876246721,0.2480098444990955,0.2365343887825808,-0.0005036293038572,1.989440153727869,1193.7457849955774,2.5648353843558165,99.9651075069735,0.4650687248026336,0.0904010476313778
C028,MockCompany_028,IT,2021Q2,705.0040860523417,142.9559757617505,110.26031520821915,1073.1604587065297,214.3471737476396,858.8132849588901,636.026620608614,304.29136280873803,154.86333873352814,3.8792106826894512,3856.231255194671,-0.0813225281926008,0.1862119622197137,-0.3437689961164304,2.134934282471854,1213.61206615973,2.5534204342518945,100.82563521437288,0.4621774031289757,0.0804999187517498
C028,MockCompany_028,IT,2021Q3,745.074664063155,176.19099870499622,154.1398065489767,1141.1017487262716,205.0939015975563,936.0078471287152,758.4400054701468,557.1896522459577,96.55206343130638,2.2228315868289257,4031.511174905254,0.0454536847276641,0.0796315817068853,0.1473625894433948,2.190420826969614,1225.0624230306244,2.507457417820354,101.75041965770367,0.051275140632548,0.0440939756854218
C028,MockCompany_028,IT,2021Q4,774.1067121783045,98.33915209155842,87.86239061612278,1212.8242810765903,195.97232197655703,1016.8519591000332,616.2743540808608,288.7988982334632,66.69105742298801,3.9966193030014177,4599.887641953855,0.1409834780036195,0.1655072604155578,-0.2460945632498886,2.2364989081598554,1227.919590850956,2.456848582313809,102.28187900396438,0.5791956768084523,0.0815263994536285
C028,MockCompany_028,IT,2022Q1,864.1367832047632,210.2173594314131,198.3624856064576,1419.2195718193811,180.5776066375568,1238.6419651818244,843.2131163636082,520.4489765341434,139.79415360939683,2.101857927576261,4731.345516582408,0.0285784968810054,0.162683571628312,-0.18961595928414,2.225883332837898,1236.1695768536288,2.382030613325962,102.69151078644764,0.2750313103766002,0.0682130376584502
C028,MockCompany_028,IT,2022Q2,897.514047497307,173.02616273127146,119.2053152257228,1518.886253690582,172.1109925303272,1346.7752611602548,922.0547013231512,513.3062367320667,101.30472321709628,2.257609346496675,5599.548641932211,0.1835002585008696,0.1911662479593271,-0.1514424892014607,2.2079813979886405,1232.604251819164,2.325291239678333,102.98319516656645,0.6664978121125043,0.0318326096119508
C028,MockCompany_028,IT,2022Q3,984.2086643493304,139.89379230595344,87.62393376718757,1610.2886085187786,163.69632392505028,1446.5922845937282,952.1285278113038,496.9551145158724,69.53141474508843,2.205668466986753,6753.781466761448,0.2061296184099137,0.1827658512446022,-0.2015310042780924,2.1581666778069946,1228.0604786881363,2.2513323927600744,102.90664020847464,0.4347337110326963,0.085327392269377
C028,MockCompany_028,IT,2022Q4,1030.0333434881877,200.9550056724768,181.54536783183545,1632.859187392321,158.02026901397338,1474.8389183783477,855.3803704487188,416.4651537757585,102.74015588836777,2.182241055654436,8098.555586355602,0.1991142482492843,0.3079536173586947,-0.2238120946184112,2.1040050233037144,1225.809480097077,2.1383654022992475,102.86003261234056,0.0,0.0681944594413189
C028,MockCompany_028,IT,2023Q1,963.3205113342988,191.8064297172849,161.82029675958108,1590.1747237745942,149.7198589481999,1440.4548648263942,984.5816339050506,553.8423645736426,88.69410553290982,2.919803440443811,7284.073588937178,-0.10057126715172,0.2830391432016621,-0.0098248817417091,1.9956221031900596,1219.7215010256673,2.0225825098422714,102.26593506849407,0.1572226861317686,0.0647957017822807
C028,MockCompany_028,IT,2023Q2,1056.6083492019593,211.5892361458598,199.11124216044053,1775.4621498334018,142.0038031951935,1633.4583466382082,966.7629895194176,711.7313881597001,180.2182813461571,2.851938048710024,8515.104660522271,0.1690031074719982,0.2165925188320934,-0.4436938776551313,1.894121446820648,1204.1598182505577,1.9943098283397755,101.6907724687152,0.2604497362218428,0.0815303029676086
C028,MockCompany_028,IT,2023Q3,1173.6985973860506,221.89752367608472,180.8751061989164,2029.208257916654,124.8445138515379,1904.363744065116,1043.5967525424935,519.9998584795759,60.53146291803753,2.167590608717908,8606.044263007763,0.0106797985592715,0.0718408389434941,0.3630485439570536,1.819969291286996,1191.2798000869036,1.928515533805814,100.87829339500068,0.3651823048635879,0.0725818590552286
C028,MockCompany_028,IT,2023Q4,1388.509515622478,317.8706211282825,292.7258399998745,2435.049909499985,120.2927337926537,2314.757175707331,1267.4176160456636,698.5711369519331,387.0431644512606,2.510740925761313,11175.99944815502,0.298622120292125,0.2057296822808547,-0.0523917120575605,1.756052416001933,1183.5323640840438,1.852818908595716,100.0619701171167,0.2639271195060567,0.0802970029383468
C028,MockCompany_028,IT,2024Q1,1378.879810125174,317.6552268950157,237.60984686799884,2446.1556437271847,136.57631440782228,2309.5793293193624,1625.2124815655395,835.6794151111329,195.32725493040013,1.7884242601750882,9817.85102102518,-0.1215236662662906,0.3096226494392461,-0.205277794806679,1.7587309996894014,1173.976109166461,1.8576224807734163,99.21168470010004,0.2653491321399905,0.0840348111015417
C028,MockCompany_028,IT,2024Q2,1430.326748349234,345.97110160812616,261.23690417217443,2466.741086413127,136.4038600857275,2330.3372263273995,1171.5445861330877,662.8798126900145,140.8351527373,2.9002870086732733,12457.088973883972,0.268820330152372,0.1411642144608084,0.0642293485787866,1.7937667874197327,1167.899114663148,1.8449702705610496,98.28689775455344,0.4458743998834726,0.0923013723442457
C028,MockCompany_028,IT,2024Q3,1562.6792799592138,380.7576865035168,290.92354091465893,2780.5779035486894,120.36710050951292,2660.2108030391764,1639.1970090612224,855.7900292463311,451.9986131512969,2.1026897608920274,12982.085438864908,0.042144393933573,0.1582762304214877,-0.1083915876136888,1.84664547218398,1167.5228808962709,1.8806278517962416,97.63100259888348,0.2475738088301717,0.0515580455553875
C028,MockCompany_028,IT,2024Q4,1662.4352360057778,318.8559731240913,236.72689609110472,2885.201426296671,123.27815978579784,2761.923266510873,1835.7095872085272,1524.9260351453145,236.7790028843457,2.805493460077117,13867.64128635947,0.0682136819746574,0.2860615594965721,-0.0878458117108637,1.899535152101252,1167.7929946919262,1.875476095860354,97.31012927107444,0.3428724541700454,0.1063807099098078
C029,MockCompany_029,Retail,2021Q1,769.3576211572953,84.04084775180337,74.37078222940985,1230.553753071919,710.58077804621,519.9729750257087,333.45461190186387,300.53201850577227,48.24256622826199,15.73777296242806,3787.477304880739,0.0515386098857762,0.1403044821837646,0.1203527006132371,1.989440153727869,1193.7457849955774,2.5648353843558165,99.9651075069735,0.3104353129628839,0.0341797922555
C029,MockCompany_029,Retail,2021Q2,775.2509712279913,76.64284242258245,40.69464711365002,1248.4696785093092,685.3806514717796,563.0890270375296,235.3958130210698,206.43418270141504,-4.622687125861255,10.268349100433715,3925.517274764591,0.0364464150599573,0.3093460070792972,0.1617340069615658,2.134934282471854,1213.61206615973,2.5534204342518945,100.82563521437288,0.3135610624455279,0.011412590756231
C029,MockCompany_029,Retail,2021Q3,756.9778785163489,69.15948821093524,31.22681843063842,1294.4220188561935,674.2645043370527,620.157514519141,568.5332392873743,687.7948177192532,26.88038775916957,9.19446476132132,3587.3276339631766,-0.086151611909973,0.3555684182165498,0.1474120358550128,2.190420826969614,1225.0624230306244,2.507457417820354,101.75041965770367,0.2288787945620978,0.0256460851402697
C029,MockCompany_029,Retail,2021Q4,786.8799252497693,46.2704100525998,26.42340264878873,1404.7422522662505,673.3163432058725,731.425909060378,586.1950620470501,988.2312723359664,-13.700050436598572,15.420583755900324,4246.592128804478,0.1837759363264417,0.1608277168512036,-0.1581338313404075,2.2364989081598554,1227.919590850956,2.456848582313809,102.28187900396438,0.4351169645555688,0.0194241526270571
C029,MockCompany_029,Retail,2022Q1,759.5151856006048,58.419616741734245,22.43339905516529,1439.0487435917587,756.5942882258179,682.4544553659408,362.7082942911698,337.623302380624,41.52655019306973,17.525300556379644,4664.255612708419,0.0983526251722985,0.1853562900735642,-0.0370859467489739,2.225883332837898,1236.1695768536288,2.382030613325962,102.69151078644764,0.2216570548730619,0.0636547344416215
C029,MockCompany_029,Retail,2022Q2,815.5213116181405,96.75303461506024,68.3588623328607,1615.1857639014747,773.6111415957114,841.5746223057633,478.7522721265893,527.3953391124078,30.95241496142277,16.025248658780622,4720.450858239014,0.0120480630129882,0.2039761772774118,-0.1884513836773527,2.2079813979886405,1232.604251819164,2.325291239678333,102.98319516656645,0.167742570938919,0.0145672074385525
C029,MockCompany_029,Retail,2022Q3,920.9513145829624,-0.7342908934761364,-54.03688174777868,1874.864396159977,778.8333359108497,1096.0310602491274,657.1683412873966,797.4455682516608,-59.56762247785536,9.594921514373782,5865.080214789497,0.2424830574292837,0.2208374983527942,-0.0368964393575228,2.1581666778069946,1228.0604786881363,2.2513323927600744,102.90664020847464,0.465120020082991,0.0310200941352904
C029,MockCompany_029,Retail,2022Q4,978.0973808452566,97.9418384235092,53.54251959539497,2055.380754214678,727.749335454277,1327.6314187604007,573.51535787638,497.2940906285514,59.95327620422304,16.77592269983071,5482.459577923131,-0.0652370680117115,0.4108645685676395,-0.3616651370882958,2.1040050233037144,1225.809480097077,2.1383654022992475,102.86003261234056,0.0456254421757609,0.0335271805125673
C029,MockCompany_029,Retail,2023Q1,966.792026026874,88.66594979685259,59.823034257377806,1992.695876751544,677.2540638589314,1315.4418128926122,643.5097976320092,928.8429823729616,47.495979429331385,6.8827954978177335,4411.055808840615,-0.1954239249472744,0.335666844158316,0.1083274698304311,1.9956221031900596,1219.7215010256673,2.0225825098422714,102.26593506849407,0.3434236053462558,0.0091308514862353
C029,MockCompany_029,Retail,2023Q2,914.9939797764976,17.688744188715177,-18.50841819198721,1968.5685944497136,656.2595315123081,1312.3090629374055,753.3248539872546,767.4134526020131,-2.418544986420025,9.452764499736874,4021.576509773201,-0.0882961621765976,0.1723618383600511,0.041403428547832,1.894121446820648,1204.1598182505577,1.9943098283397755,101.6907724687152,0.4805704421093911,0.0311577982870624
C029,MockCompany_029,Retail,2023Q3,896.2783192507808,61.07602843247091,27.84721044916777,1914.246357260884,686.9663501636583,1227.2800070972255,344.5643443069592,284.8933390327273,-4.183634280120913,7.799859461194743,3639.503595773315,-0.0950057553477786,0.3963013053261507,0.4526068543752892,1.819969291286996,1191.2798000869036,1.928515533805814,100.87829339500068,0.4559731633695703,0.0439135594573862
C029,MockCompany_029,Retail,2023Q4,930.6077412821396,55.91062212370517,3.8344669577211072,1956.224387830997,683.2005439017893,1273.023843929208,706.3400876617073,966.5535957131716,-10.94436339509111,10.598354543312718,3564.388000974873,-0.0206389670519012,0.1850455750108094,-0.031414334328566,1.756052416001933,1183.5323640840438,1.852818908595716,100.0619701171167,0.2348245231155181,0.0351773618831402
C029,MockCompany_029,Retail,2024Q1,941.2412593283162,76.87461175907339,61.79538388235238,1924.9690201825065,706.6805768739334,1218.2884433085728,570.2797971193185,619.0333665439294,51.07490803463165,12.166397961707542,3341.651265686168,-0.0624894751154437,0.0571972175808168,-0.3781116764493035,1.7587309996894014,1173.976109166461,1.8576224807734163,99.21168470010004,0.4638953934043152,0.0684113172920782
C029,MockCompany_029,Retail,2024Q2,957.7503682371748,79.3965435488144,35.1297583006174,1967.921834518556,787.286805583149,1180.6350289354068,702.1547722648412,572.0479356106483,-20.113126236466503,14.00788160650455,3414.1075052906067,0.0216827651492116,0.2944826239176814,0.1872495266298949,1.7937667874197327,1167.899114663148,1.8449702705610496,98.28689775455344,0.3895840217017323,0.0176559368613028
C029,MockCompany_029,Retail,2024Q3,913.3198206819192,100.57157082612233,59.7039173083244,1839.492106478459,770.6013381634987,1068.8907683149605,616.7852539478008,772.6186999066913,89.12359124943586,14.8604878827959,3419.581088752878,0.0016032252803372,0.1163562433476775,-0.4511467466904383,1.84664547218398,1167.5228808962709,1.8806278517962416,97.63100259888348,0.3156522531570425,0.0
C029,MockCompany_029,Retail,2024Q4,914.4558421254272,21.421090349310383,1.2226606607542074,1848.63081712427,809.5286173867124,1039.1021997375574,690.8171165784657,859.857512575584,-29.87710805163393,9.414033505440408,3591.490446716848,0.050272051898224,0.1292256207029949,0.5221228573533239,1.899535152101252,1167.7929946919262,1.875476095860354,97.31012927107444,0.2361224918810833,0.0347812650810851
C030,MockCompany_030,IT,2021Q1,215.16376628996085,44.81825927735563,34.49561681407742,569.1149668746805,346.3144345120151,222.80053236266536,279.31234339394723,216.2952506105665,19.746062195185367,7.630763477380399,873.006507744532,-0.1213000610896768,0.1537051339615002,0.157530279185432,1.989440153727869,1193.7457849955774,2.5648353843558165,99.9651075069735,0.3733939512756357,0.1220291936074366
C030,MockCompany_030,IT,2021Q2,217.1979199790948,35.042680526286894,22.03966473342402,582.3560860079466,381.6431202142814,200.7129657936652,158.1303889929052,97.7151746408283,24.952636581066592,4.795149347581358,819.4976978730303,-0.0612925670047352,0.0925094502540703,0.1848665848480673,2.134934282471854,1213.61206615973,2.5534204342518945,100.82563521437288,0.3024285337233898,0.0742166916551175
C030,MockCompany_030,IT,2021Q3,208.3896354144248,54.939806887448015,42.10394206309736,563.8178360683539,390.2505783143273,173.56725775402663,198.86419763606307,154.01244953889065,37.395565294187705,8.328267952996953,791.0529483380924,-0.0347099810149131,0.1310826909868051,0.1944028065708545,2.190420826969614,1225.0624230306244,2.507457417820354,101.75041965770367,0.4976672604555446,0.0243022695320696
C030,MockCompany_030,IT,2021Q4,223.3313699109012,47.13295714158546,38.97718911487325,589.225266519583,431.9736139544668,157.25165256511616,227.093556983089,163.1347183634794,29.097137324630783,11.63906098490787,853.41539170943,0.0788347271852707,0.3130971767593526,0.1054983434334944,2.2364989081598554,1227.919590850956,2.456848582313809,102.28187900396438,0.4010424603228807,0.1105628534521604
C030,MockCompany_030,IT,2022Q1,219.83631994706064,38.92122804585164,29.89154774965112,594.0835532281249,452.4288220781724,141.65473114995245,218.4760475005865,156.5080645305735,27.30900342140212,5.606701865007906,838.6548402143744,-0.0172958580762053,0.1158231177924481,0.064233127596484,2.225883332837898,1236.1695768536288,2.382030613325962,102.69151078644764,0.3819388003723379,0.0443068260004059
C030,MockCompany_030,IT,2022Q2,222.4180125211712,56.91231746774904,51.29504695048393,607.0128608223011,444.8982654665959,162.11459535570526,207.34869271966272,147.5770133904024,42.46198491839908,6.885239331487576,796.2739134163091,-0.0505344091107039,0.1874536803188855,0.1674592797300594,2.2079813979886405,1232.604251819164,2.325291239678333,102.98319516656645,0.7307826540947614,0.1375491983568471
C030,MockCompany_030,IT,2022Q3,216.3051518248058,34.39742141695508,29.530317996585136,619.5496631670115,451.69387308807626,167.85579007893529,177.10186069818403,161.8577634884717,22.09545445272021,6.156750221055971,815.9844751338685,0.0247534942253648,0.2047867960756638,0.2392907828533941,2.1581666778069946,1228.0604786881363,2.2513323927600744,102.90664020847464,0.2578818314976074,0.0639384650669061
C030,MockCompany_030,IT,2022Q4,228.5555803623308,36.721099147409255,25.97351573915357,674.8242321734066,424.4851725781332,250.3390595952734,291.56242681570745,246.24475502578085,10.907068793924246,6.067445812112598,873.0856065962477,0.0699782081675159,0.2653152307059493,-0.141170014656314,2.1040050233037144,1225.809480097077,2.1383654022992475,102.86003261234056,0.3275459735059025,0.0818607359960855
C030,MockCompany_030,IT,2023Q1,218.8222013974236,34.361280705812746,27.26327675357018,669.762684492477,433.1492885320116,236.61339596046545,309.90071970465203,231.0081242271918,28.693061796593707,8.743555928010721,929.1695249855592,0.0642364482538618,0.2109985779466569,-0.3092817537015254,1.9956221031900596,1219.7215010256673,2.0225825098422714,102.26593506849407,0.5492322488890918,0.0895138297330694
C030,MockCompany_030,IT,2023Q2,216.85388785972344,27.12291073860292,18.924951962311024,671.5310989459516,449.86308127934615,221.66801766660544,254.1403636541391,182.51154850597987,26.268911949735188,6.6925149173904925,1012.2880276749456,0.0894546156049171,0.374177911948454,0.2142994500579867,1.894121446820648,1204.1598182505577,1.9943098283397755,101.6907724687152,0.7262658702590661,0.0742233998939685
C030,MockCompany_030,IT,2023Q3,206.83576354442263,27.8449845707581,21.39656737306379,635.8069268921167,467.971337704589,167.83558918752772,285.2684135256197,325.6197774728267,2.3191402579840243,6.238875399147105,794.0851462157605,-0.2155541461458952,0.2683729779777556,0.4796712508395666,1.819969291286996,1191.2798000869036,1.928515533805814,100.87829339500068,0.8074779061032351,0.0884468147658023
C030,MockCompany_030,IT,2023Q4,211.3838807431655,34.19006431144127,26.00170406659831,650.9065702476825,462.7649001522221,188.1416700954604,222.91388689760564,181.7482158710012,32.40556988346231,9.152035203014592,864.3362825615997,0.0884680146463176,0.3125273465495441,-0.2512672838720385,1.756052416001933,1183.5323640840438,1.852818908595716,100.0619701171167,0.270237947523031,0.0698953561092059
C030,MockCompany_030,IT,2024Q1,214.7541388258321,26.985019167893075,23.681280657412564,668.2579948167046,496.1890238188568,172.06897099784777,217.73250102935648,297.46328961630473,13.235876911411973,7.67715004003974,845.2470413645802,-0.0220854331608588,0.3195239744606624,0.1525033774834851,1.7587309996894014,1173.976109166461,1.8576224807734163,99.21168470010004,0.7323930386946469,0.0855087841300707
C030,MockCompany_030,IT,2024Q2,220.63936821274388,37.81623670453498,34.780243718744366,705.1449567061669,502.8265178670204,202.3184388391465,302.9521180788985,247.5052752854089,32.57958281198458,6.625759819761798,827.3158857204755,-0.0212141004541776,0.1977683416749545,-0.4133613093280934,1.7937667874197327,1167.899114663148,1.8449702705610496,98.28689775455344,0.6545309200191746,0.039120900695613
C030,MockCompany_030,IT,2024Q3,215.1172129077193,40.79484159226625,38.59581084556799,651.2019294662259,530.7415861024641,120.4603433637618,223.5372413222756,310.8692278892434,40.87433466039077,5.398928124873262,702.7809976577737,-0.1505288248566018,0.4114537075877383,-0.1567853099343548,1.84664547218398,1167.5228808962709,1.8806278517962416,97.63100259888348,0.7717649669142698,0.0395216895538097
C030,MockCompany_030,IT,2024Q4,205.39339347063628,32.09124054250663,22.614677247526824,604.8117187152346,544.3792302430413,60.43248847219331,142.56972223332474,103.00290324224962,3.889490883330147,11.813381869723418,668.408699141825,-0.048908975385653,0.2601745561632378,-0.0481155144638512,1.899535152101252,1167.7929946919262,1.875476095860354,97.31012927107444,1.0,0.0880809895548069
C031,MockCompany_031,Finance,2021Q1,788.5520146280664,130.19872319516537,107.59052696054856,1392.6213723412882,612.4259342077513,780.1954381335369,660.4977704378912,396.21503357501336,76.23361449078902,6.182004399408861,1866.3353646524124,-0.068434998867038,0.2497994098591927,-0.3863440579526407,1.989440153727869,1193.7457849955774,2.5648353843558165,99.9651075069735,0.0755104756505927,0.0319517920833252
C031,MockCompany_031,Finance,2021Q2,861.4994836626211,158.12157518746088,137.37967910574477,1553.843286507425,644.1491108700859,909.6941756373392,569.1168330064279,522.1314972383691,166.9780784242567,7.415786419723389,2306.15774857112,0.2356609601086459,0.2016013521746804,0.2279475696515787,2.134934282471854,1213.61206615973,2.5534204342518945,100.82563521437288,0.1631607095658071,0.0347313857397826
C031,MockCompany_031,Finance,2021Q3,871.0000201670948,141.07407904218024,108.38155140424756,1516.5301509328522,599.2274885001269,917.3026624327252,791.0922045204351,471.7941596287027,44.47348029237461,15.144286863472455,2356.061096233237,0.021639173509721,0.1781287825000025,-0.2606936210371762,2.190420826969614,1225.0624230306244,2.507457417820354,101.75041965770367,0.2839880492374251,0.0019662903668457
C031,MockCompany_031,Finance,2021Q4,885.9708525990573,151.5124958279467,119.7436224279806,1596.200300091579,594.7432732797239,1001.4570268118551,793.1959638170755,555.0240551460796,176.86859403105652,8.069030866024184,2325.4624865882943,-0.0129871885299847,0.2059060706725107,0.1442823377917009,2.2364989081598554,1227.919590850956,2.456848582313809,102.28187900396438,0.3148105235433456,0.0286955934004663
C031,MockCompany_031,Finance,2022Q1,1019.1321599411976,172.0441707195246,149.2200279048633,1836.9620131463864,586.8915198864323,1250.0704932599542,1023.7678291289676,616.3214170852166,34.78705586966214,7.189872609900108,2921.203679120912,0.2561818115615505,0.1386138245246899,0.1432489028891199,2.225883332837898,1236.1695768536288,2.382030613325962,102.69151078644764,0.3726735847518555,0.0
C031,MockCompany_031,Finance,2022Q2,1004.1310087511118,220.9984405980429,169.8984558120538,1841.034909856279,615.9405214868674,1225.0943883694115,871.170588462721,499.7878352701335,222.33858335480983,15.664567319870246,2355.7967254173354,-0.1935527323016811,0.1282075885704245,0.4447627524416121,2.2079813979886405,1232.604251819164,2.325291239678333,102.98319516656645,0.6586703351878103,0.040864761705761
C031,MockCompany_031,Finance,2022Q3,1060.2146552575834,239.1978595800302,215.44667802560232,1977.9106736275487,605.9313634017951,1371.979310225754,1025.3297190805029,607.1766577649767,138.12250182358068,7.045676397531904,2538.5203092071542,0.0775633915347466,0.3221961876783609,-0.1101442775373625,2.1581666778069946,1228.0604786881363,2.2513323927600744,102.90664020847464,0.1513470450856728,0.041256224391474
C031,MockCompany_031,Finance,2022Q4,1146.6851414143468,250.61014208121568,218.7594962719652,2117.607096628152,622.5315500601656,1495.0755465679863,1159.808270583928,705.0908291008706,117.8876063477184,13.383303539056431,2908.308627540839,0.1456708134232651,0.1595264766813878,0.5105628796198393,2.1040050233037144,1225.809480097077,2.1383654022992475,102.86003261234056,0.6326764544022419,0.084767244859901
C031,MockCompany_031,Finance,2023Q1,1223.235524238876,269.3102050614098,234.1367999334852,2321.111104370967,623.7637979258652,1697.3473064451018,1275.254334810763,799.2930158076142,253.74832438315684,6.760047455258884,3417.047669731665,0.1749260850011633,0.1840885970491947,-0.3025752251128386,1.9956221031900596,1219.7215010256673,2.0225825098422714,102.26593506849407,0.43534334095609,0.014774861877209
C031,MockCompany_031,Finance,2023Q2,1196.1331814889902,193.72986247125124,169.04862712903787,2365.522009527556,657.9301249400977,1707.591884587458,1405.056777540772,1665.6254526052749,109.90214860782126,7.33879705849094,4042.846916373604,0.1831403325699234,0.1374139175380573,-0.3767635350127544,1.894121446820648,1204.1598182505577,1.9943098283397755,101.6907724687152,0.3510827685087764,0.0281156917560709
C031,MockCompany_031,Finance,2023Q3,1328.4420986068671,221.07921383222748,179.81457355144605,2727.761147715883,662.264907018592,2065.496240697291,930.3030381384092,620.3476234842996,133.45809392814775,9.091058978208574,4181.612997818346,0.0343238525512151,0.1983408115627518,-0.2478055589149657,1.819969291286996,1191.2798000869036,1.928515533805814,100.87829339500068,0.1578923844922432,0.0655672870642723
C031,MockCompany_031,Finance,2023Q4,1493.461556906834,277.7715148039608,213.3277344342765,2943.538555437963,654.6974308925093,2288.841124545454,1671.7614141240051,1211.4867329393398,221.6030066364048,8.148954051274856,4987.201665472772,0.1926502208776187,0.2899795359121389,0.0217151029798433,1.756052416001933,1183.5323640840438,1.852818908595716,100.0619701171167,0.3764415553592279,0.0574780870999778
C031,MockCompany_031,Finance,2024Q1,1729.1963497147665,207.90835864742763,163.5004440105208,3420.530344397684,677.624751608581,2742.905592789103,1956.029297181112,1467.1316437351993,238.4557874095402,13.675584773104193,6884.434486450858,0.3804203134821965,0.1067234458913612,0.0836602017350139,1.7587309996894014,1173.976109166461,1.8576224807734163,99.21168470010004,0.3133645052443342,0.0454489776260691
C031,MockCompany_031,Finance,2024Q2,1850.0205870065813,221.4271057994033,175.097248563614,3755.258545581233,706.4570846154429,3048.8014609657903,2550.7604114648334,1889.823459690172,126.93132112055886,14.215001676902256,7184.0033661318885,0.0435139415257138,0.1220538450706471,0.0386450914452134,1.7937667874197327,1167.899114663148,1.8449702705610496,98.28689775455344,0.5378982358335531,0.0734914768242478
C031,MockCompany_031,Finance,2024Q3,2103.726452888091,233.59906669290632,191.57449893746852,4286.282885489131,675.3450666782248,3610.937818810906,2191.872038789565,1226.1431746354883,13.235928427898472,13.391470921700169,8161.828986933124,0.1361115204109,0.1352324333635537,0.1457224702474046,1.84664547218398,1167.5228808962709,1.8806278517962416,97.63100259888348,0.4015403393539565,0.0149873224851082
C031,MockCompany_031,Finance,2024Q4,2201.9124034128263,310.0620681252772,232.1264770974989,4546.713032815705,697.5926734166376,3849.120359399068,1692.0314578708765,1347.036141238129,77.17556768108636,15.279232209682805,9934.055184694756,0.217135914094613,0.2314254820971928,0.1097763457041657,1.899535152101252,1167.7929946919262,1.875476095860354,97.31012927107444,0.1172614996253629,0.0295175009937327
C032,MockCompany_032,Retail,2021Q1,664.1841967094143,57.08902012392714,50.19429984647073,1076.1864790079674,513.6030856485701,562.5833933593973,381.3062373245948,372.6745998391825,-9.464416560564729,10.561215546500238,824.4766523966189,0.0266092608727153,0.0550581428186588,0.0497309723197581,1.989440153727869,1193.7457849955774,2.5648353843558165,99.9651075069735,0.147312238385547,0.0254676648154976
C032,MockCompany_032,Retail,2021Q2,659.80830294816,18.68016530849385,-13.375455107658896,1152.4784223819634,531.9895434029652,620.4888789789982,398.50164695248327,335.4221091340215,-18.58623263195317,6.901762818711823,682.2150820715469,-0.1725477245614425,0.1002063339489786,-0.0874948260907804,2.134934282471854,1213.61206615973,2.5534204342518945,100.82563521437288,0.6024420189707488,0.0658265068705693
C032,MockCompany_032,Retail,2021Q3,640.9883961360662,-3.721602749627339,-36.853604254574456,1135.2667513172871,547.2856865574987,587.9810647597884,569.4522363442749,382.7593501772498,-16.80904427255442,5.857760398038471,642.0257768789139,-0.0589100215588874,0.1597856110498497,-0.0284887229559321,2.190420826969614,1225.0624230306244,2.507457417820354,101.75041965770367,0.8927260135370619,0.0395547425220885
C032,MockCompany_032,Retail,2021Q4,684.11210448036,45.341690680622,21.589859725349065,1219.0931716397474,580.5409485965622,638.5522230431852,431.86228860669786,392.5141601412318,5.202685024930947,11.259531481423554,747.8923638873423,0.164894605202736,0.1304493333865775,-0.0601596435544816,2.2364989081598554,1227.919590850956,2.456848582313809,102.28187900396438,0.3180080606480343,0.0359821705392637
C032,MockCompany_032,Retail,2022Q1,677.7606884400384,65.47747904552003,54.36069966566392,1235.2822050785085,547.2303085182886,688.0518965602199,477.5551513318847,380.780985571254,-2.3768710601823955,11.471620673098696,652.9577034356,-0.1269362611998036,0.1684843068861906,0.265940529585104,2.225883332837898,1236.1695768536288,2.382030613325962,102.69151078644764,0.1698837701115398,0.0330338932906907
C032,MockCompany_032,Retail,2022Q2,712.8835152020544,22.766951580620585,-18.69740394704847,1309.6224964713776,531.1608534682827,778.461643003095,438.7582620596816,285.10506985166444,2.8522397838211297,5.661894649767767,809.0228441528873,0.239012634196879,0.1433148185388349,0.0220611610318999,2.2079813979886405,1232.604251819164,2.325291239678333,102.98319516656645,0.7461359758241471,0.031456447645309
C032,MockCompany_032,Retail,2022Q3,746.9166088928786,51.87362321425164,28.44975906557533,1403.3195155915623,543.4148895834481,859.9046260081142,820.2005321708913,639.9785057224063,-3.647334425860656,13.35182587965459,825.5128869827008,0.0203826665081132,0.2422590738854752,0.0138569487091361,2.1581666778069946,1228.0604786881363,2.2513323927600744,102.90664020847464,0.1610079948421034,0.0
C032,MockCompany_032,Retail,2022Q4,806.8492107713029,54.94213860707576,38.081616920469045,1552.2632659243995,571.8964959449281,980.3667699794714,604.7231503752282,491.9856187507198,6.727810200520345,11.533103917409711,966.890055258281,0.1712597955827463,0.04,0.0675755045994206,2.1040050233037144,1225.809480097077,2.1383654022992475,102.86003261234056,0.3380755436457718,0.0007124714638962
C032,MockCompany_032,Retail,2023Q1,871.4764144470481,68.728122928318,30.89175118746577,1729.4747183696454,559.0416949174745,1170.4330234521708,544.04196650928,382.7384091300497,54.691732127371125,12.024833018285223,1111.338845727149,0.1493952592472181,0.1859602715589217,0.1849545721183938,1.9956221031900596,1219.7215010256673,2.0225825098422714,102.26593506849407,0.4162610321871359,0.019793399461404
C032,MockCompany_032,Retail,2023Q2,946.5526097688202,46.32138027906034,8.717857940475762,1744.207113662331,596.6235396126291,1147.5835740497018,696.3242285017467,654.9387416753804,-7.885351137036174,14.117587033123492,1378.913482237081,0.2407678248076158,0.2202753435292446,0.4051683962096994,1.894121446820648,1204.1598182505577,1.9943098283397755,101.6907724687152,0.4241330178917743,0.0272692319012378
C032,MockCompany_032,Retail,2023Q3,962.192152450166,62.43585026148834,6.779888528695852,1748.2789692977126,598.3825217615647,1149.896447536148,838.3966063464409,525.8116543362654,44.11577936172966,9.793719552165024,1348.6717199079549,-0.021931587963056,0.2710598069683749,-0.1243515780600554,1.819969291286996,1191.2798000869036,1.928515533805814,100.87829339500068,0.2855401497578792,0.0
C032,MockCompany_032,Retail,2023Q4,1044.8919281276262,24.644740923130207,-29.83931256888357,1951.152683911202,619.3783256395745,1331.7743582716275,826.8049625897102,693.2435028583844,-23.16572657945824,6.575406038091005,1668.5825291086155,0.2372043577976815,0.1126447136920287,0.4092492796902708,1.756052416001933,1183.5323640840438,1.852818908595716,100.0619701171167,0.4463097118703532,0.0161242615613791
C032,MockCompany_032,Retail,2024Q1,1119.583784520212,71.263842737699,55.20536038734901,2105.308030731472,586.071096582671,1519.2369341488002,1040.7626887553774,897.4663035246726,46.278165154861874,9.540848056444496,1857.8418346278809,0.1134251990642444,0.1514842296287052,-0.2041568104218491,1.7587309996894014,1173.976109166461,1.8576224807734163,99.21168470010004,0.2769813924862435,0.0792641902259245
C032,MockCompany_032,Retail,2024Q2,1122.69219999704,41.06570696074145,-20.56229826287032,2197.116926475894,642.4171805025271,1554.699745973367,604.2579718357143,559.8152093847021,-21.688051455174325,13.910454129447952,1637.525866679999,-0.1185870421482948,0.3420635042819779,0.0523860826733381,1.7937667874197327,1167.899114663148,1.8449702705610496,98.28689775455344,0.4815280566051182,0.0748178433445694
C032,MockCompany_032,Retail,2024Q3,1121.6609829181232,151.76198669015284,115.82893168730028,2277.1337330748647,608.4431639464696,1668.690569128395,685.9052544137986,601.6635271700208,141.7930149489512,12.70273679437723,1562.6416420426913,-0.0457301018329141,0.1535465229280047,-0.394084974498425,1.84664547218398,1167.5228808962709,1.8806278517962416,97.63100259888348,0.3617046088280126,0.0390503187997029
C032,MockCompany_032,Retail,2024Q4,1115.567690351865,86.51612734140792,28.876173015920934,2292.235058498992,641.7414244055673,1650.493634093425,689.8410236855788,680.6472437557442,14.796615620250035,8.471743674939406,1481.4442523122343,-0.0519616190595787,0.1775120207776394,0.345607513337526,1.899535152101252,1167.7929946919262,1.875476095860354,97.31012927107444,0.3713800553437193,0.0607357394015969
C033,MockCompany_033,Finance,2021Q1,581.2399898481253,38.31039960663657,29.51642536309941,1712.227165596167,883.1846856783918,829.0424799177752,707.4132327168961,509.4294773593837,-9.919245145524275,14.614613955519962,2874.038772331324,0.0799980779128235,0.1463200308818912,-0.4272171763460033,1.989440153727869,1193.7457849955774,2.5648353843558165,99.9651075069735,0.2571671688976996,0.0148434871430928
C033,MockCompany_033,Finance,2021Q2,648.3400451004532,28.76168650757938,-9.977312976877185,1886.3599074961628,930.2470309302988,956.112876565864,654.7446809835935,719.9404457393362,9.471289236469982,15.72420559802981,3345.4647084812987,0.164029080153143,0.1347024618703565,0.1249800698624482,2.134934282471854,1213.61206615973,2.5534204342518945,100.82563521437288,0.4650097687321149,0.0289746689053634
C033,MockCompany_033,Finance,2021Q3,710.9025225401518,85.8866167370494,53.709573551734096,2234.5770963042887,958.624350959508,1275.9527453447809,936.9695515946986,805.5960736730009,79.55472759444221,17.5489458793249,3979.966334990156,0.1896602361101858,0.2416940601451084,0.3549780575496713,2.190420826969614,1225.0624230306244,2.507457417820354,101.75041965770367,0.3963275837455646,0.0234277706143692
C033,MockCompany_033,Finance,2021Q4,766.3411871036108,87.69123101418495,44.08923137558217,2366.2549923308284,1055.9498301200126,1310.3051622108158,881.6830170108095,642.7258506161764,82.49781045398802,17.221630366889716,4511.773427021216,0.1336210026089016,0.2036008620393078,-0.2425360998411066,2.2364989081598554,1227.919590850956,2.456848582313809,102.28187900396438,0.3221780036143615,0.0496876647559806
C033,MockCompany_033,Finance,2022Q1,718.7344868569844,87.90602981139054,73.47899624560156,2290.2963569668614,1110.2000399654014,1180.09631700146,866.5826783327989,635.4850595350811,55.104062635735154,27.52172644144451,3890.757405687036,-0.1376434414048556,0.2395553239370301,0.1729753692763418,2.225883332837898,1236.1695768536288,2.382030613325962,102.69151078644764,0.2276552849530172,0.0
C033,MockCompany_033,Finance,2022Q2,777.6575654590096,85.60205711245955,46.35904288208394,2532.449714401889,1164.0508865762947,1368.3988278255945,809.5739311777623,1109.0860707177824,30.560715060575635,27.85385415793337,4705.834368350882,0.2094905638353257,0.1674258655658726,0.5044719739656887,2.2079813979886405,1232.604251819164,2.325291239678333,102.98319516656645,0.0313761998721746,0.0383698901036287
C033,MockCompany_033,Finance,2022Q3,773.5045117488413,87.64653744192961,46.15060344620583,2527.908329963697,1124.7502565297802,1403.1580734339166,1127.2066586700385,885.448715391909,24.93374397845345,30.87072452803764,4239.7540785101,-0.0990430715061728,0.2436218532389772,0.1035582997677969,2.1581666778069946,1228.0604786881363,2.2513323927600744,102.90664020847464,0.4685124068668571,0.0268462445487346
C033,MockCompany_033,Finance,2022Q4,736.5185011392957,62.46104141548968,29.147659111300666,2255.534436837999,1110.1627147435122,1145.3717220944866,788.9446149352976,516.9660686855308,35.201248969635294,27.126750238982616,4428.427062528246,0.0445009263566644,0.142280828220458,-0.0778056629683398,2.1040050233037144,1225.809480097077,2.1383654022992475,102.86003261234056,0.3712443160717855,0.0
C033,MockCompany_033,Finance,2023Q1,762.5424295894333,95.3794580076274,61.65868637927011,2446.8582336497448,1164.4084639393488,1282.449769710396,724.4003522077915,867.1152371749416,72.82088059881463,24.29117482367562,3957.612796771704,-0.1063163645034157,0.2395754506836205,0.3590762935383134,1.9956221031900596,1219.7215010256673,2.0225825098422714,102.26593506849407,0.4364711209746316,0.0180986799298941
C033,MockCompany_033,Finance,2023Q2,808.1166600802575,115.53266848499766,78.17430398326073,2610.3257500126697,1232.2008401160183,1378.1249098966514,1152.0414725002706,799.9837708542507,128.70892306859,17.161681914457116,4270.9114994356205,0.0791635561011632,0.0612195998084265,0.3626410058600581,1.894121446820648,1204.1598182505577,1.9943098283397755,101.6907724687152,0.3017152379321495,0.0476474265000727
C033,MockCompany_033,Finance,2023Q3,843.8369228299523,71.24402703835123,51.77519466907211,2637.001742186976,1351.3721489757856,1285.62959321119,1162.3426114815677,1104.5195445343445,57.90591767702615,13.475761146334102,4663.351766291813,0.0918867709874231,0.284320691204874,0.151267244919253,1.819969291286996,1191.2798000869036,1.928515533805814,100.87829339500068,0.1374666193747369,0.0291980481160405
C033,MockCompany_033,Finance,2023Q4,943.6502048423408,126.84616634057367,95.40916689999916,2908.178939064513,1382.6287773745855,1525.550161689928,1123.8783392765351,782.6004622434554,66.49704970758378,16.122143888769962,5331.6933845305,0.1433178648605649,0.0658869438031807,-0.5300809306163691,1.756052416001933,1183.5323640840438,1.852818908595716,100.0619701171167,0.474701205516243,0.0256314028423414
C033,MockCompany_033,Finance,2024Q1,1062.6291422784288,130.00554054441074,84.72574142300968,3387.3412262868555,1234.309624366963,2153.0316019198926,1072.3977450325192,978.2841402426628,86.42854950921733,18.612520869974244,7264.759768470924,0.3625614311485106,0.2883219108625343,-0.044560419299706,1.7587309996894014,1173.976109166461,1.8576224807734163,99.21168470010004,0.2795650233541435,0.0030749012862039
C033,MockCompany_033,Finance,2024Q2,1117.491656748733,154.72688891522176,115.31632009178637,3557.4139646737854,1375.407549315887,2182.0064153578983,1294.958945259471,1019.3632778151444,122.18709234057768,24.68407402340665,7023.927082904288,-0.0331508120353615,0.1630345963425093,-0.2904657756441369,1.7937667874197327,1167.899114663148,1.8449702705610496,98.28689775455344,0.2592540017195798,0.0662617510057767
C033,MockCompany_033,Finance,2024Q3,1206.185230195871,148.76747803781208,91.0685565525346,3807.3236338087054,1330.074054584987,2477.2495792237187,1073.8818394894524,801.9566698329999,98.03472099536523,14.895891101790149,6227.30032781007,-0.1134161482161664,0.1460194608061531,0.1766591963274073,1.84664547218398,1167.5228808962709,1.8806278517962416,97.63100259888348,0.339991529152575,0.0395086936688841
C033,MockCompany_033,Finance,2024Q4,1251.5780481743054,154.07182539744824,116.51896664243074,4079.0851314728975,1426.846350081813,2652.238781391085,1618.4937662339082,1905.9994671166585,131.73204996490364,19.406098496836726,6581.592286510148,0.0568933470444441,0.1902211118953925,-0.2610203449421729,1.899535152101252,1167.7929946919262,1.875476095860354,97.31012927107444,0.1805419948527422,0.0
C034,MockCompany_034,Manufacturing,2021Q1,807.1630397190278,157.20540645391856,116.73326806161684,1074.224852422048,561.3295937159849,512.8952587060633,720.9484654353389,284.3455109335802,34.84125355608688,10.230604893941177,3135.421757557867,0.007925785254984,0.1098062048728869,0.4178687295824874,1.989440153727869,1193.7457849955774,2.5648353843558165,99.9651075069735,0.2745087244670871,0.052037649645478
C034,MockCompany_034,Manufacturing,2021Q2,827.2450155143576,164.25516261182733,136.63785564904043,1122.9551706875409,595.5703858665568,527.3847848209839,842.2163780156554,342.317862487786,149.2825375523561,14.455749881225143,3672.1378508322928,0.1711782767280617,0.2069878554587519,0.1009016452154187,2.134934282471854,1213.61206615973,2.5534204342518945,100.82563521437288,0.505324826401413,0.0227403097559121
C034,MockCompany_034,Manufacturing,2021Q3,863.7509159279703,203.8521060561195,152.926917317241,1170.2550428292448,659.3117802569477,510.943262572297,877.6912821219336,366.3704316902864,114.6225675716496,11.054091798838156,3918.391061181824,0.0670599036181928,0.2148489571726782,0.4890512095785524,2.190420826969614,1225.0624230306244,2.507457417820354,101.75041965770367,0.1994846663145215,0.0254615170887469
C034,MockCompany_034,Manufacturing,2021Q4,856.2570418620932,143.6745497506061,116.00120230900563,1162.721113077582,657.3599967931327,505.3611162844493,849.2837306282306,352.1199556313181,129.53958793445543,11.28543767432803,3818.875160407771,-0.0253971334714196,0.3824018095678421,0.5389973113655312,2.2364989081598554,1227.919590850956,2.456848582313809,102.28187900396438,0.2279792080866845,0.012138810835286
C034,MockCompany_034,Manufacturing,2022Q1,958.1094676799491,177.77917910107865,135.12731473634653,1349.600175415815,639.2924306877686,710.3077447280467,1012.2001315618616,454.6574760869469,180.57975832976007,12.7664966378821,4339.739469280776,0.1363920754134807,0.1755707656294907,-0.5600999130829347,2.225883332837898,1236.1695768536288,2.382030613325962,102.69151078644764,0.3150001488236605,0.022300644068962
C034,MockCompany_034,Manufacturing,2022Q2,964.304832376637,229.43396356877045,212.4369048980172,1311.8181920618135,659.5631533417996,652.2550387200139,983.8636440463602,365.2265464671253,201.38220244245528,11.978934031098206,4371.032503917399,0.0072108095101407,0.188869546312077,-0.3225328029547906,2.2079813979886405,1232.604251819164,2.325291239678333,102.98319516656645,0.4558312509626524,0.0379633560361584
C034,MockCompany_034,Manufacturing,2022Q3,989.2267837929109,160.25871013129083,114.72650315947656,1387.1923710408016,574.7578415030865,812.4345295377151,1040.3942782806012,545.9622689247832,22.503790444727656,13.812405359632033,4401.698708727775,0.0070157805467913,0.2768154072851999,-0.4618727927403787,2.1581666778069946,1228.0604786881363,2.2513323927600744,102.90664020847464,0.2960780465726541,0.0221657807795985
C034,MockCompany_034,Manufacturing,2022Q4,1084.989175265186,228.84711823228264,176.81212107098034,1512.9633298836786,534.3195213796807,978.643808503998,1114.8144999087278,409.7898441357334,118.23687000139311,11.83968396289464,4883.48659578109,0.1094549897515738,0.3871632229927437,0.0405279392672911,2.1040050233037144,1225.809480097077,2.1383654022992475,102.86003261234056,0.5140918030375267,0.02004549569872
C034,MockCompany_034,Manufacturing,2023Q1,1153.8913477935444,182.2058612448841,156.24279335007498,1673.8932357204346,544.2814675001679,1129.6117682202666,1255.419926790326,670.9466313412083,159.585082515062,11.55219562300392,5915.052293588642,0.2112354928338978,0.2551430437447026,0.3554864804364514,1.9956221031900596,1219.7215010256673,2.0225825098422714,102.26593506849407,0.1686343139567091,0.0318294376086761
C034,MockCompany_034,Manufacturing,2023Q2,1191.783496144801,207.8634040948704,159.05312930352315,1762.7050885915803,541.2103661722406,1221.4947224193395,1322.0288164436852,547.5750203664445,251.80922063643445,8.35061423537735,5678.439362147766,-0.0400018325615383,0.0923841541768132,0.0350708542149127,1.894121446820648,1204.1598182505577,1.9943098283397755,101.6907724687152,0.0879173994012857,0.026908475125159
C034,MockCompany_034,Manufacturing,2023Q3,1350.0662224818682,239.9887040943429,214.4461052954488,2016.6330170701244,547.6651816589806,1468.9678354111438,1282.7009005224943,536.3350834470432,137.1541660370087,9.140975282560294,7581.395942794724,0.3351196445509281,0.3003435251670826,-0.0429819700923871,1.819969291286996,1191.2798000869036,1.928515533805814,100.87829339500068,0.5892670788196088,0.036132374108127
C034,MockCompany_034,Manufacturing,2023Q4,1363.3334222751675,188.3856777083326,141.97060637102314,2042.1899085870289,528.2774252153638,1513.912483371665,1508.0448771278357,527.5070123948876,91.0788300457258,4.659338396012387,8401.71603839066,0.1082017219237255,0.3297521605052051,0.4526745244649345,1.756052416001933,1183.5323640840438,1.852818908595716,100.0619701171167,0.5057522006373992,0.0650379919308695
C034,MockCompany_034,Manufacturing,2024Q1,1380.155443991367,247.86081474906013,177.35634282047317,2202.6433024439707,536.1316656096493,1666.5116368343215,1651.982476832978,776.3294976240378,202.00087167572133,10.110297347121929,7358.564092976777,-0.1241593908491219,0.2468225753919651,0.1782113474584527,1.7587309996894014,1173.976109166461,1.8576224807734163,99.21168470010004,0.4291409772333886,0.0760704416962117
C034,MockCompany_034,Manufacturing,2024Q2,1362.8988479002244,266.3060963398075,248.45341809412068,2166.4975060602296,531.9523203666922,1634.5451856935374,1567.7987876608574,639.5160835160783,114.39380868069924,7.29153461199239,6623.130191746031,-0.0999425828107776,0.1635136165174701,0.4236222669665816,1.7937667874197327,1167.899114663148,1.8449702705610496,98.28689775455344,0.3253256203890619,0.0357532757312908
C034,MockCompany_034,Manufacturing,2024Q3,1390.743926008838,216.0980496525672,142.19777854583572,2324.966701090463,525.6856849081345,1799.2810161823286,1743.7250258178474,635.7635923511133,61.11191760140238,7.102401435355363,7208.457772843234,0.088376275892426,0.4189046473826801,-0.1546435828461151,1.84664547218398,1167.5228808962709,1.8806278517962416,97.63100259888348,0.5648814915490743,0.0354336504508388
C034,MockCompany_034,Manufacturing,2024Q4,1439.0181416181397,315.7805083743701,245.60540624906432,2428.6015651784537,539.2831136111428,1889.318451567311,1821.4511738838405,746.1479850466552,289.68173443674146,9.072916401473886,7713.798152009835,0.0701038134773283,0.2996418702121027,0.3489979451012028,1.899535152101252,1167.7929946919262,1.875476095860354,97.31012927107444,0.6162028012381182,0.0382653599394826
C035,MockCompany_035,IT,2021Q1,282.49142914741344,26.329633086115127,17.578239949253096,483.3362409314514,190.9560748928249,292.38016603862656,362.5021806985886,132.42935480139838,20.822252245914928,2.422238483211113,583.9307711963185,0.1789391840487571,0.2619194989854302,-0.0433021524241661,1.989440153727869,1193.7457849955774,2.5648353843558165,99.9651075069735,0.165530701405042,0.0770058195368299
C035,MockCompany_035,IT,2021Q2,287.31207680424154,19.175693543326904,15.113460342525832,488.5971402734091,196.05396378805497,292.54317648535414,366.4478552050568,122.92545063312124,2.165219930599582,2.323268821927884,644.5979196859973,0.1038944194795353,0.1902680423067088,-0.1194042206713826,2.134934282471854,1213.61206615973,2.5534204342518945,100.82563521437288,0.3526817648762603,0.0846394692443224
C035,MockCompany_035,IT,2021Q3,316.8013688484074,35.45542723035712,29.4701617303206,533.6467792444644,201.647416828109,331.9993624163554,400.2350844333483,171.19234377563922,45.14371613663192,3.078389794284959,693.9653679851448,0.0765864220027203,0.2368791418128538,-0.0500518250281893,2.190420826969614,1225.0624230306244,2.507457417820354,101.75041965770367,0.2414869592496114,0.0713301358112224
C035,MockCompany_035,IT,2021Q4,317.2123945210464,7.324369953906155,-7.829613788047638,534.1087930481135,221.65346714123007,312.45532590688333,400.58159478608513,152.84075897591438,-15.569789217014046,6.18525163952636,663.3104354641345,-0.0441735768602022,0.1896161988065463,0.1228013789993902,2.2364989081598554,1227.919590850956,2.456848582313809,102.28187900396438,0.7543657895941159,0.0567286598130689
C035,MockCompany_035,IT,2022Q1,322.5595562476297,15.904562250153324,-1.1507133311417204,522.7504161038061,226.43571776873148,296.3146983350746,392.0628120778546,151.65975942429867,-8.626702076410163,5.093114220244282,658.8959723288968,-0.0066551992841009,0.4580821623507412,-0.226464352843894,2.225883332837898,1236.1695768536288,2.382030613325962,102.69151078644764,0.6747824573113043,0.0316831385788221
C035,MockCompany_035,IT,2022Q2,330.4895248000996,39.438399923431945,21.43865709027627,517.5688478376786,221.3853953681909,296.18345246948775,388.1766358782589,136.24546113540418,23.64795328252529,3.455632952903024,655.9616132892234,-0.0044534481358291,0.1323591271509923,0.0840547298917985,2.2079813979886405,1232.604251819164,2.325291239678333,102.98319516656645,0.3054323639452862,0.063149193429357
C035,MockCompany_035,IT,2022Q3,350.85827646531664,-8.697455515904473,-14.32192004183333,573.3264420246664,219.8253726003964,353.5010694242701,429.99483151849984,160.48153576817214,-10.597536880889471,4.010938370903372,702.7152555591862,0.0712749668925342,0.168403574807584,-0.0823581246556222,2.1581666778069946,1228.0604786881363,2.2513323927600744,102.90664020847464,0.3484763489433037,0.0411554064869867
C035,MockCompany_035,IT,2022Q4,378.31231805379207,43.591190727930055,39.011056478310834,618.7353805898387,211.6292769989966,407.10610359084205,464.05153544237896,148.23664454446435,3.364881598100638,2.4272692366683297,743.9249954995284,0.0586435823248914,0.1762475265655916,0.3265894718502078,2.1040050233037144,1225.809480097077,2.1383654022992475,102.86003261234056,0.1569046702279534,0.0208345118777781
C035,MockCompany_035,IT,2023Q1,402.2727670205472,11.309529155170845,-0.6594416831834279,658.4950518426648,210.9503240338483,447.5447278088165,493.87128888199857,193.3876687277401,-25.43188560624811,3.7624755429637498,816.4146075028626,0.0974420975795537,0.1781568906243859,-0.3097156524893256,1.9956221031900596,1219.7215010256673,2.0225825098422714,102.26593506849407,0.5093800119250655,0.0626262451231823
C035,MockCompany_035,IT,2023Q2,419.6547189677534,22.16695598848569,-2.719828814916285,715.8569286429133,217.5993252516812,498.2576033912321,536.892696482185,239.0147167527003,12.102138084732577,1.8645397530409604,964.1178614543334,0.1809169662008441,0.1616684633355311,0.129535815434326,1.894121446820648,1204.1598182505577,1.9943098283397755,101.6907724687152,0.5338636014627128,0.0989418790070181
C035,MockCompany_035,IT,2023Q3,388.549339556554,42.20452496588023,22.97444958994713,657.8526224010858,219.5463208621252,438.3063015389606,493.3894668008144,158.39064717336413,24.2953584166278,3.978359052450565,967.6740443200893,0.0036885354041584,0.1816994129961207,-0.0964443952291182,1.819969291286996,1191.2798000869036,1.928515533805814,100.87829339500068,0.3306466819079283,0.0455321407645105
C035,MockCompany_035,IT,2023Q4,431.8819063634523,10.402475517798642,-9.45648641094918,725.5452155192719,237.19477900691984,488.3504365123521,544.1589116394539,206.857174108022,-18.672587258529543,3.298773203548597,1198.886937582943,0.2389367521222596,0.2660579504519766,0.4217404575158784,1.756052416001933,1183.5323640840438,1.852818908595716,100.0619701171167,0.5595227190471687,0.0039474385361116
C035,MockCompany_035,IT,2024Q1,425.3538026704175,48.60812323408723,30.22466637190601,725.6708433709099,224.88715789040447,500.78368548050537,544.2531325281824,264.2548125776878,31.48916469683521,4.559642325568367,1418.7194937393765,0.1833638763298516,0.0581073636940962,-0.2467177914195176,1.7587309996894014,1173.976109166461,1.8576224807734163,99.21168470010004,0.3825162195039215,0.114235572650365
C035,MockCompany_035,IT,2024Q2,444.1353307352553,25.79145307229503,5.49841344145322,765.8254498276322,225.84606696479025,539.9793828628419,574.3690873707242,234.76098195398964,-14.131037801236452,2.152662711533288,1538.4077662830412,0.084363592008028,0.1318042485028577,0.0222635981464471,1.7937667874197327,1167.899114663148,1.8449702705610496,98.28689775455344,0.144177192782003,0.0724970563571971
C035,MockCompany_035,IT,2024Q3,473.8504548019238,34.92797717008641,23.396999223032235,849.5440454958118,216.19475364661795,633.3492918491938,637.1580341218589,222.11482366269203,-3.934174668910007,2.796212043179702,1361.035731375371,-0.1152958525009401,0.1529577288540586,0.1719082103634099,1.84664547218398,1167.5228808962709,1.8806278517962416,97.63100259888348,0.1883557764350632,0.0724237145230932
C035,MockCompany_035,IT,2024Q4,480.95436470707375,18.972914859780907,-7.7691404797463965,898.3709577378734,215.5442791468336,682.8266785910398,647.7330310502991,255.44150378132392,-2.8339147774701274,2.32451529967454,1559.165220609805,0.1455725846625773,0.1336338451711583,0.1768024185860158,1.899535152101252,1167.7929946919262,1.875476095860354,97.31012927107444,0.6554957876886518,0.0812548493077858
C036,MockCompany_036,Retail,2021Q1,483.65420412199177,35.08234204320464,14.396263117813785,611.4989721679026,362.4676743118053,249.03129785609727,307.5200949934092,211.40659098175323,4.602671978048029,7.33585073861284,1765.8308834484203,-0.1623405595242462,0.1240432436928933,0.3212463717996399,1.989440153727869,1193.7457849955774,2.5648353843558165,99.9651075069735,0.4172439148046115,0.0
C036,MockCompany_036,Retail,2021Q2,503.9725527246453,-6.274049033492954,-16.961286479503322,653.4635901121345,352.5718606863466,300.8917294257879,414.5609541373143,346.22017625301135,-28.83068065161357,4.949100063226674,1679.0255515377712,-0.0491583496043122,0.2647650797951084,-0.1112671098737305,2.134934282471854,1213.61206615973,2.5534204342518945,100.82563521437288,0.6248821524770521,0.0
C036,MockCompany_036,Retail,2021Q3,531.3955667354272,39.38156701008671,19.14620472234013,704.8068814638716,317.4828471354469,387.3240343284247,305.50028643774453,162.31035273761037,4.511280333675192,5.120597476433364,1934.0019790980264,0.1518597661165609,0.1508974467174857,-0.4456569886383848,2.190420826969614,1225.0624230306244,2.507457417820354,101.75041965770367,0.264663110307811,0.0869503760908252
C036,MockCompany_036,Retail,2021Q4,520.6974124666899,17.931015736794667,0.0604834094887644,671.7939363894868,340.6300447383213,331.1638916511655,344.899253037293,300.19799064180074,-9.370912207255117,4.01374402844695,1892.1254278528008,-0.0216527964799477,0.1196745384280673,-0.3022926682577757,2.2364989081598554,1227.919590850956,2.456848582313809,102.28187900396438,0.0465185939394675,0.0075123253337875
C036,MockCompany_036,Retail,2022Q1,512.1761253312625,37.986665433583084,24.560437710732177,669.988500187452,392.85656871453006,277.131931472922,391.90801831675896,309.6272310029968,12.830586308563731,7.72774292713185,1899.06180593516,0.0036659187494935,0.0989426422753864,-0.275661790458672,2.225883332837898,1236.1695768536288,2.382030613325962,102.69151078644764,0.4516956847064075,0.0599417278399506
C036,MockCompany_036,Retail,2022Q2,494.8407955677717,41.96166732470183,21.08797684109445,685.9983788290742,398.7462545841978,287.2521242448764,355.424117490099,214.46899771126,47.93985347177476,8.763224318565475,1877.2928779840952,-0.0114629907689311,0.2058572348422623,0.46457448588775,2.2079813979886405,1232.604251819164,2.325291239678333,102.98319516656645,0.5148441204902766,0.0201129428389249
C036,MockCompany_036,Retail,2022Q3,495.4224814667873,26.195452484271307,4.463849473932999,702.2664389348215,430.51398590494506,271.75245302987645,359.03740033977266,250.5124047621225,-9.46815546329254,5.66440599472663,2040.8673270621136,0.0871331538069173,0.2955849954371443,0.3448163291160232,2.1581666778069946,1228.0604786881363,2.2513323927600744,102.90664020847464,0.4765991035390535,0.0228375904350558
C036,MockCompany_036,Retail,2022Q4,505.8351761533738,12.704278898420409,-8.27029341374712,706.5574164475076,468.99727802250175,237.5601384250059,464.9544225024204,259.9626454145688,4.2512842259232375,12.251360076835969,2171.5307589982904,0.0640234816852451,0.2352809786689221,0.1573740172089877,2.1040050233037144,1225.809480097077,2.1383654022992475,102.86003261234056,0.7273093739257768,0.01646004983684
C036,MockCompany_036,Retail,2023Q1,513.8480683192423,17.26798807047497,-0.1730434585552202,716.1714211391038,476.4648538529974,239.7065672861064,331.764484302208,178.8140141278896,1.871126436605083,7.8199262561462355,1948.3614185093209,-0.1027705177853044,0.181203251255392,0.1785078562122849,1.9956221031900596,1219.7215010256673,2.0225825098422714,102.26593506849407,0.6468194107085297,0.0377274511112996
C036,MockCompany_036,Retail,2023Q2,484.387945583279,70.5889021595429,47.114962407816144,673.4474444453172,483.79823863321735,189.6492058120998,344.6106909829489,263.5318463127696,60.980438703948,10.734572669696558,2128.22335346921,0.0923144613987996,0.2723953064423195,0.192090650902924,1.894121446820648,1204.1598182505577,1.9943098283397755,101.6907724687152,0.2756256538935228,0.0151867831676744
C036,MockCompany_036,Retail,2023Q3,493.2339889935668,13.159903660696846,3.9899158623824458,666.7509736168548,514.6578571013163,152.09311651553855,338.35224197908184,216.69986876326763,7.992231648214717,7.43342190370387,2035.8365549386208,-0.0434102926180139,0.1593235391437718,-0.3361242593900353,1.819969291286996,1191.2798000869036,1.928515533805814,100.87829339500068,0.5604285643400535,0.007967338590094
C036,MockCompany_036,Retail,2023Q4,535.0684159226802,11.78036248318986,-14.863499127282273,735.8801140214949,511.2792446355498,224.6008693859452,380.7432251878204,244.61271859079065,-14.237203607205714,6.994946626518747,2567.4478095225263,0.2611266868621159,0.294272322673194,-0.1696529163157238,1.756052416001933,1183.5323640840438,1.852818908595716,100.0619701171167,0.6080579934131143,0.0293728582661446
C036,MockCompany_036,Retail,2024Q1,492.2372235899833,30.783273953929097,4.9081235539904045,643.7034635207622,537.2446209108856,106.45884260987656,337.15171774524475,205.29744123841817,28.99590491859285,11.01806769122659,1600.493125476359,-0.3766209698439767,0.1246812694192675,0.2533286065123471,1.7587309996894014,1173.976109166461,1.8576224807734163,99.21168470010004,0.8396189660597895,0.0046090967600329
C036,MockCompany_036,Retail,2024Q2,478.1800386644864,16.446585988922735,-2.585789572310741,635.6577968542499,550.141968962166,85.51582789208396,321.8218911292854,251.8386316307107,-13.421999486806929,8.081408763345824,1813.6498980858487,0.1331819357524874,0.1010507300107031,-0.058130448315852,1.7937667874197327,1167.899114663148,1.8449702705610496,98.28689775455344,1.0,0.0274166811681876
C036,MockCompany_036,Retail,2024Q3,517.6534101609911,54.66714978105354,23.80984187703405,693.543183748953,559.6792093622988,133.86397438665415,363.2898942968266,274.318747663149,39.68730712159938,9.077334455084747,1945.151067010695,0.0725063690978251,0.1072660055193222,0.0409487813068919,1.84664547218398,1167.5228808962709,1.8806278517962416,97.63100259888348,0.4477327153701663,0.0204587663991942
C036,MockCompany_036,Retail,2024Q4,551.0077364757637,43.48866090533394,29.12554293041847,728.581380999788,586.7903753023351,141.791005697453,372.8610201697633,234.3180416396952,16.93905446042877,9.553914745352978,2345.200974477213,0.205665212461526,0.1209687465384549,0.2435808891719201,1.899535152101252,1167.7929946919262,1.875476095860354,97.31012927107444,0.8052443394585584,0.0
C037,MockCompany_037,Bio,2021Q1,716.8115321284854,148.3690918594949,128.2403812057508,904.4773614586804,389.1418899511772,515.3354715075031,623.8187427180541,239.32670203538888,33.68456102892283,8.422021475710043,2393.808927953995,0.0782758718153685,0.1524433300162148,-0.0319745054808302,1.989440153727869,1193.7457849955774,2.5648353843558165,99.9651075069735,0.2611671254127946,0.0679608469892353
C037,MockCompany_037,Bio,2021Q2,810.3997051360695,166.8958552434451,138.9393106825801,1041.1185545035942,359.55124626414096,681.5673082394533,780.8389158776956,339.5701138050087,133.50743745966915,5.746145747783581,2621.690927706528,0.0951964031428795,0.1994308998957298,0.067927370937474,2.134934282471854,1213.61206615973,2.5534204342518945,100.82563521437288,0.3774574401225702,0.0473969648239474
C037,MockCompany_037,Bio,2021Q3,839.0325287043826,197.7074938038417,153.481735373678,1057.4340567292752,353.4201274596895,704.0139292695857,793.0755425469564,299.17383502309923,251.12429516363125,7.012685419173669,2788.884220405472,0.0637730752057817,0.1823601273894914,0.2861002592215784,2.190420826969614,1225.0624230306244,2.507457417820354,101.75041965770367,0.2582612244793368,0.0556195973087287
C037,MockCompany_037,Bio,2021Q4,878.887359955448,212.5541562237393,169.90761650400242,1125.3957080830082,350.5646518839648,774.8310561990435,844.0467810622562,374.4938434199356,180.14254876482542,3.938615579828599,2821.207970029378,0.0115902085096982,0.1531671822544381,-0.4217300459084657,2.2364989081598554,1227.919590850956,2.456848582313809,102.28187900396438,0.3029064125245618,0.0579317005689854
C037,MockCompany_037,Bio,2022Q1,904.7952892860576,192.22974354313632,142.21843274369942,1159.8159578964778,360.1733940169737,799.6425638795041,869.8619684223584,317.6972533059688,106.36920701376712,3.925729837669982,2982.4551051782546,0.0571553521973063,0.4042167243320123,-0.076904219275046,2.225883332837898,1236.1695768536288,2.382030613325962,102.69151078644764,0.3985187742664058,0.1407304790552125
C037,MockCompany_037,Bio,2022Q2,892.4691253381332,189.36533511545568,159.35852665515674,1202.3471796990357,360.8047455647129,841.5424341343228,901.7603847742768,300.7269348771085,124.39732577023406,5.615563172105464,3209.246363846474,0.0760418013583695,0.2379227464459456,-0.5225442571493295,2.2079813979886405,1232.604251819164,2.325291239678333,102.98319516656645,0.454303505146668,0.0674846559333718
C037,MockCompany_037,Bio,2022Q3,871.5325808186255,163.17509558511316,122.02751448901137,1156.6008519154195,392.40379736637567,764.1970545490439,867.4506389365647,336.47197951319646,49.69696963008015,4.342588399542848,3177.681152509317,-0.0098357083746366,0.1410172680367349,0.3032816992515517,2.1581666778069946,1228.0604786881363,2.2513323927600744,102.90664020847464,0.2480714255257594,0.0474832254987006
C037,MockCompany_037,Bio,2022Q4,915.6512251658156,184.47250646925056,144.98902173437477,1232.2655152384116,415.8086694152004,816.4568458232112,924.1991364288089,350.74740658139854,216.8705586982788,5.311908557917539,3514.7829243102187,0.1060842027950798,0.1751080455616515,0.1525689222090808,2.1040050233037144,1225.809480097077,2.1383654022992475,102.86003261234056,0.2935265326043356,0.1111887902235392
C037,MockCompany_037,Bio,2023Q1,891.5618669196647,165.81047662777445,127.56826950708398,1254.7411854988154,466.8325145098645,787.9086709889509,941.0558891241116,318.26726759162005,62.677769040759735,6.726855885009236,3426.9809661790405,-0.0249807626877581,0.3684470429473203,-0.0792537611860486,1.9956221031900596,1219.7215010256673,2.0225825098422714,102.26593506849407,0.2817564128264087,0.0976825914775978
C037,MockCompany_037,Bio,2023Q2,934.5751915512254,220.43001348627163,173.25586456270153,1415.3865489487564,481.2770334002254,934.109515548531,1061.5399117115674,375.2207070229017,238.1199287873274,5.421088063134032,3555.569216807742,0.0375223124662034,0.179496511274462,-0.3849465557742817,1.894121446820648,1204.1598182505577,1.9943098283397755,101.6907724687152,0.339044721530826,0.018322244384765
C037,MockCompany_037,Bio,2023Q3,972.4104624555396,165.10547287841624,118.84703931576573,1498.2077511575824,494.7877468118154,1003.420004345767,1123.6558133681867,341.4649932070165,103.17847711974896,6.310980816559156,3632.7916078596977,0.0217187140351291,0.1662085512633814,-0.2351332558568047,1.819969291286996,1191.2798000869036,1.928515533805814,100.87829339500068,0.4528846039765105,0.0528438257995137
C037,MockCompany_037,Bio,2023Q4,993.4276079566424,226.3017052856802,190.7455940948991,1569.1215121020984,548.7851464117828,1020.3363656903156,1176.8411340765738,435.6737351531368,195.47350577577697,10.83994248088285,3801.298024155212,0.0463848286620524,0.1481378100738316,0.1631535745224313,1.756052416001933,1183.5323640840438,1.852818908595716,100.0619701171167,0.2275610283414457,0.0833367878153481
C037,MockCompany_037,Bio,2024Q1,1045.9884222557143,189.36089526727068,167.24287783922102,1602.950984126722,592.836300149689,1010.114683977033,1202.2132380950416,483.2840617613067,113.0432943253674,9.229124045451366,4311.748208714184,0.1342831267938831,0.2015800338447489,0.086796628599539,1.7587309996894014,1173.976109166461,1.8576224807734163,99.21168470010004,0.3848055613521054,0.0784099066407218
C037,MockCompany_037,Bio,2024Q2,1085.2609558755414,242.6800660502455,206.3890578241217,1752.2651362567303,564.2260192664243,1188.039116990306,1314.1988521925475,508.2873583709501,204.99765942269383,4.984390363431235,4021.8779173614193,-0.0672280191980894,0.1114225999606079,-0.0517829865109749,1.7937667874197327,1167.899114663148,1.8449702705610496,98.28689775455344,0.3281936603158759,0.0418511223578957
C037,MockCompany_037,Bio,2024Q3,1126.8427621343196,255.27928798463373,190.4486286945533,1840.0923715412985,537.6860701944557,1302.4063013468426,1380.069278655974,505.3340777358883,310.83564737785554,12.312823643635392,4609.321293537361,0.1460619611649819,0.1494564261658326,0.3385745873740831,1.84664547218398,1167.5228808962709,1.8806278517962416,97.63100259888348,0.354270618666414,0.0773689715513825
C037,MockCompany_037,Bio,2024Q4,1197.8303638723053,161.22025553937277,96.62506373650989,1973.3424347730104,565.7398839870544,1407.6025507859565,1480.006826079758,528.5404903368576,82.48767517674811,7.90918726057189,6348.52362581195,0.3773228684910922,0.1024944722804095,0.0001240594945519,1.899535152101252,1167.7929946919262,1.875476095860354,97.31012927107444,0.4852037874120339,0.0888180326215248
C038,MockCompany_038,IT,2021Q1,494.91402394730943,71.50613837831068,59.79922773877622,885.4680217484383,402.33719016424254,483.1308315841958,414.81843990204345,238.59378363769463,48.58097401209748,8.381125395226707,658.1048446082378,-0.1643810044778518,0.2050674522955876,0.2905632328810842,1.989440153727869,1193.7457849955774,2.5648353843558165,99.9651075069735,0.322650948114803,0.0584977269964029
C038,MockCompany_038,IT,2021Q2,517.5991523108775,77.02861393409275,55.42633491501931,919.7234603208752,451.5016267819664,468.2218335389089,474.3618840946598,404.4140267965333,37.87912383983944,4.607150609779343,748.1557991068031,0.136833751090484,0.3821231754754218,0.3996162056281397,2.134934282471854,1213.61206615973,2.5534204342518945,100.82563521437288,0.3781883890872728,0.0477146133106305
C038,MockCompany_038,IT,2021Q3,509.7984822114484,84.25398529181506,77.26936691880461,880.0883012259412,422.80883858926586,457.27946263667536,516.9049173254718,298.8133624921272,50.8642928680655,10.511724759997657,761.0886766653065,0.0172863427296072,0.3112437002951478,-0.1889859260806344,2.190420826969614,1225.0624230306244,2.507457417820354,101.75041965770367,0.3633354254323149,0.0939567601001331
C038,MockCompany_038,IT,2021Q4,538.8881406979218,98.42736005584102,90.6490022838365,975.5894239833864,473.0702357231164,502.5191882602701,656.5500036462745,463.1960301859882,43.5763132966606,11.127239221324944,852.0353064281313,0.1194954445535908,0.1382226635378461,-0.3865449548693182,2.2364989081598554,1227.919590850956,2.456848582313809,102.28187900396438,0.2983224141950251,0.0880650674152503
C038,MockCompany_038,IT,2022Q1,578.9719377995365,99.54325272695102,73.93033959598867,1059.1577429004035,483.1174083407889,576.0403345596148,585.8569595703025,365.5064981791722,89.45727423165724,7.554886303682877,930.6044323696464,0.092213462691927,0.136758823477897,0.0592776630757537,2.225883332837898,1236.1695768536288,2.382030613325962,102.69151078644764,0.4376292416264041,0.0647021285022271
C038,MockCompany_038,IT,2022Q2,629.5159940983218,83.47383164182742,54.25899304919321,1167.8798115154668,480.55223925790574,687.3275722575611,614.3275475195121,402.2387638628845,74.69544860858909,9.572278298975384,881.0311907088125,-0.0532699393388908,0.3017654309341764,-0.0424449352218394,2.2079813979886405,1232.604251819164,2.325291239678333,102.98319516656645,0.2402097476182605,0.0417894079363667
C038,MockCompany_038,IT,2022Q3,643.4030705934257,91.95536993017784,67.04957667130904,1223.9777901107768,469.1046397926369,754.8731503181399,689.4577359704837,356.5270762879305,103.29167487685748,7.660074144602961,823.9217810524242,-0.0648210985702358,0.1157852662306774,0.0879402627491077,2.1581666778069946,1228.0604786881363,2.2513323927600744,102.90664020847464,0.268212279699866,0.0395799218441225
C038,MockCompany_038,IT,2022Q4,693.7873258922153,119.0360852397112,90.07748457863718,1294.5439356705367,487.6680555146258,806.8758801559109,606.5020166443846,297.59470822240394,94.80991707374326,10.3239783596198,943.9025329557692,0.1456215318765931,0.3793219911309068,-0.0034367387955551,2.1040050233037144,1225.809480097077,2.1383654022992475,102.86003261234056,0.4325619784536939,0.0592042670077249
C038,MockCompany_038,IT,2023Q1,789.9365652885741,93.78110336178624,60.4737874848852,1480.240820827591,474.6653859271301,1005.575434900461,734.138767524144,584.8598101215011,91.74287560061184,4.86333122324299,1094.186471790524,0.1592155265906009,0.1369865438061014,-0.0641723119554163,1.9956221031900596,1219.7215010256673,2.0225825098422714,102.26593506849407,0.2821691910413509,0.0687958704427407
C038,MockCompany_038,IT,2023Q2,833.4300482346839,133.51648040959896,103.95829294414236,1558.7658670760984,459.6313006619951,1099.1345664141031,795.5934269936458,494.420376238568,119.07619676973316,7.565795060198565,1120.4914045063704,0.0240406305451766,0.1585538101405285,-0.1147332686313326,1.894121446820648,1204.1598182505577,1.9943098283397755,101.6907724687152,0.4714318273325186,0.0736376638157904
C038,MockCompany_038,IT,2023Q3,873.8921771043317,132.47153553594197,110.23583486187802,1694.4340739527292,452.154345167171,1242.2797287855583,862.9995747853936,459.8736061091518,153.58497248478378,7.332869291733054,1205.6110902696223,0.075966388872703,0.1301124852425926,0.0087275501068625,1.819969291286996,1191.2798000869036,1.928515533805814,100.87829339500068,0.2676838564160694,0.0787244139167265
C038,MockCompany_038,IT,2023Q4,917.4461226867876,161.25282597159236,109.11316854917511,1749.8336564423582,481.8648027085752,1267.968853733783,1012.2581347671074,611.7555174772525,135.4467180054766,6.652725403292876,1449.2806708470011,0.2021129222715465,0.1295849640691026,0.1236226576489212,1.756052416001933,1183.5323640840438,1.852818908595716,100.0619701171167,0.2617904368818933,0.0469249739886894
C038,MockCompany_038,IT,2024Q1,964.6814928495824,233.5615815721572,194.6169027667605,1733.7470768680992,480.4064365357916,1253.3406403323074,1245.543561806345,804.7758596100468,170.9545197785159,5.286122382790415,1575.4105212926008,0.0870292780292763,0.2096364494729033,-0.3986142293250312,1.7587309996894014,1173.976109166461,1.8576224807734163,99.21168470010004,0.242575420524103,0.0926751906082499
C038,MockCompany_038,IT,2024Q2,990.8341638881724,235.55521754404933,194.3255466266534,1807.6909175959024,478.15604983503295,1329.5348677608692,1051.5794043684575,521.2815607924829,194.5283816176365,10.062247255270703,1576.2506179492525,0.000533255710367,0.1341732433981027,0.004212907782945,1.7937667874197327,1167.899114663148,1.8449702705610496,98.28689775455344,0.3442021732413372,0.0653535157793951
C038,MockCompany_038,IT,2024Q3,1039.6558539905047,212.33921991963567,193.70538941293188,2019.413660641934,491.34388663418633,1528.0697740077476,1297.815722107573,688.4889995855307,205.3853683068632,9.303126652051471,1796.9896027523328,0.1400405381539315,0.261062603718049,-0.2890268259088921,1.84664547218398,1167.5228808962709,1.8806278517962416,97.63100259888348,0.3870954333644682,0.065398052981317
C038,MockCompany_038,IT,2024Q4,1131.5842667953532,149.17801474859405,132.3555637687232,2246.8068140495134,487.8448407263813,1758.961973323132,1033.1153557361872,729.9850446856626,160.73308374253122,7.995415595747744,2033.1094224923727,0.1313974323381675,0.1630033649572465,0.092248113159685,1.899535152101252,1167.7929946919262,1.875476095860354,97.31012927107444,0.3732722192339646,0.0796699888606131
C039,MockCompany_039,IT,2021Q1,372.4955741920838,51.07799214169221,36.9632563596501,752.3051662120046,232.92933922684105,519.3758269851635,564.2288746590034,227.90183075070595,50.82340627974884,5.140449644675412,871.9466758048761,-0.0945866983840236,0.2134183334172782,-0.0988692373970537,1.989440153727869,1193.7457849955774,2.5648353843558165,99.9651075069735,0.2850400691109534,0.0849975108495725
C039,MockCompany_039,IT,2021Q2,349.97456343404514,68.11857630740526,63.33498708603109,694.0495768095153,218.92763733963136,475.121939469884,499.5638887856471,230.7519752356721,41.90754204268165,4.619727647118618,875.4438872070025,0.0040108088019236,0.0702264291031615,0.1534076419838874,2.134934282471854,1213.61206615973,2.5534204342518945,100.82563521437288,0.3667632046162189,0.0675543391990975
C039,MockCompany_039,IT,2021Q3,381.6948161528637,55.34192020441305,38.059498879947846,728.0249602095782,218.44088263882367,509.5840775707545,546.0187201571837,242.2523283467944,22.0564756012281,4.664065731155613,1002.7418209019164,0.1454095865596166,0.2074692689047833,-0.1153353517139728,2.190420826969614,1225.0624230306244,2.507457417820354,101.75041965770367,0.377007570710356,0.074253040428949
C039,MockCompany_039,IT,2021Q4,377.1370801161544,61.62848720217754,38.94785053430507,766.1370760448831,228.036534713746,538.1005413311372,536.5138262493904,230.84875270872595,34.880974791904606,5.868698775525864,1139.4029589100396,0.1362874621956062,0.0872730727573206,0.1690421561548482,2.2364989081598554,1227.919590850956,2.456848582313809,102.28187900396438,0.609698661638193,0.0871380481618205
C039,MockCompany_039,IT,2022Q1,393.2544326369032,49.20293036234085,33.28320882714694,852.1565893519986,220.8170455002291,631.3395438517695,576.3722223546558,291.0542276179285,57.79275244329053,5.581083413387349,1101.3379344228551,-0.0334078687346904,0.1709763532977334,-0.1861848211822836,2.225883332837898,1236.1695768536288,2.382030613325962,102.69151078644764,0.3943836921783867,0.1371094151699084
C039,MockCompany_039,IT,2022Q2,419.7635078011981,81.18397058688691,60.74729395165095,937.9281082175308,227.63604208289533,710.2920661346355,694.3994502869944,342.9377880841882,70.0817763996356,3.441945180974744,1186.838273235278,0.0776331552197267,0.2351793116482542,-0.2435123661790965,2.2079813979886405,1232.604251819164,2.325291239678333,102.98319516656645,0.4670087504195537,0.077823533412249
C039,MockCompany_039,IT,2022Q3,410.48312951808543,68.6304311777364,51.92330295131475,933.8907728795136,224.3407838728612,709.5499890066526,700.4180796596353,325.5308791105689,32.862356889203696,2.643361838689048,1160.1748196186525,-0.0224659536332122,0.2719274805298041,0.0222195274665456,2.1581666778069946,1228.0604786881363,2.2513323927600744,102.90664020847464,0.5135761641233645,0.0845081861486254
C039,MockCompany_039,IT,2022Q4,417.90670863485377,73.02360979131755,64.00901891424404,919.7926938582312,225.38899277325163,694.4037010849795,689.8445203936733,312.3698085800542,63.61265017587762,2.2420759961067858,1271.6436690605403,0.0960793559357955,0.0722193581835471,0.4346733046140535,2.1040050233037144,1225.809480097077,2.1383654022992475,102.86003261234056,0.1831274827664434,0.0898433082432444
C039,MockCompany_039,IT,2023Q1,440.6053748256462,91.05961587061556,67.45304145060476,981.5147642773736,240.9119875659221,740.6027767114516,736.1360732080303,346.2091771154368,35.55171988689243,2.722053093024272,1364.1385273588337,0.0727364595513036,0.2330285214398045,0.2417985006746799,1.9956221031900596,1219.7215010256673,2.0225825098422714,102.26593506849407,0.3464940287006161,0.0
C039,MockCompany_039,IT,2023Q2,447.0455402198299,67.02576094022136,52.898495154108105,1065.4613001249372,254.40994411030672,811.0513560146305,799.0959750937029,368.3787100627277,78.0966150210212,3.3309349623232767,1427.3058235605388,0.04630563167511,0.2341185923384229,-0.148682502324404,1.894121446820648,1204.1598182505577,1.9943098283397755,101.6907724687152,0.2861404894176324,0.0913637989583269
C039,MockCompany_039,IT,2023Q3,428.8831383487996,73.87887651761676,63.90196868742425,1046.154507182165,261.49350617096434,784.6610010112006,688.7913830941679,313.0499208613964,75.67176809138971,5.310394349161008,1336.5596459088272,-0.0635786501769728,0.2440672160358488,0.2417905055428963,1.819969291286996,1191.2798000869036,1.928515533805814,100.87829339500068,0.320505845244116,0.0987101936871835
C039,MockCompany_039,IT,2023Q4,429.17253526392767,104.70496105612034,93.49600986879936,1083.8254950656913,284.0731326271275,799.7523624385638,723.493450229342,325.49547459240927,46.75158694197873,2.8784434247431703,1481.0417672177537,0.1081000176469356,0.1857333618520674,-0.166167042188594,1.756052416001933,1183.5323640840438,1.852818908595716,100.0619701171167,0.3173348468049897,0.1430910839401165
C039,MockCompany_039,IT,2024Q1,435.4144506575767,76.57522444955006,55.56432601432349,1116.0291711659424,289.7461089922762,826.2830621736662,778.8103750054752,377.1510645876228,74.2102419215704,6.520465806839594,1637.276444316318,0.105489717141511,0.1938811383242504,0.4426041086584411,1.7587309996894014,1173.976109166461,1.8576224807734163,99.21168470010004,0.2456269178506158,0.0748277450363706
C039,MockCompany_039,IT,2024Q2,412.2975590869285,94.69175433326156,77.48487710328703,1096.6528390217431,283.5161781172713,813.1366609044719,822.4896292663074,301.22914008869765,54.12895280646595,5.181628337153618,1548.5994760103008,-0.0541612680093534,0.1653417782463794,-0.2043659023487898,1.7937667874197327,1167.899114663148,1.8449702705610496,98.28689775455344,0.3165069388387588,0.0211180417232376
C039,MockCompany_039,IT,2024Q3,420.749910526103,62.0075401246398,52.18356441114502,1107.0396298942733,289.5501604253856,817.4894694688877,830.279722420705,419.6064565123177,50.86333108687913,4.597085145350443,1701.9356705218215,0.0990160444239364,0.1816028534077285,0.2038488142448719,1.84664547218398,1167.5228808962709,1.8806278517962416,97.63100259888348,0.2030066754523067,0.0462753040451668
C039,MockCompany_039,IT,2024Q4,466.46263141828894,74.43989229740858,65.07693814386316,1232.8601804462105,290.2872934475265,942.572886998684,850.5600239617063,291.8804240568731,30.49141889590251,2.646220579760328,1811.2271327620035,0.0642159772153272,0.1537864492203896,0.2788651809547896,1.899535152101252,1167.7929946919262,1.875476095860354,97.31012927107444,0.0986237341115358,0.0414283881802407
C040,MockCompany_040,IT,2021Q1,390.754978157751,76.56406250439973,65.49702803192307,771.1543545415894,161.1360657392511,610.0182888023384,540.2391511629246,316.03182148693446,76.52349202504965,2.6220147030454224,971.9662833645516,0.1882531399909184,0.1930462450378285,0.1268017802503622,1.989440153727869,1193.7457849955774,2.5648353843558165,99.9651075069735,0.2257609406608763,0.110610967082285
C040,MockCompany_040,IT,2021Q2,394.3127779417229,68.88238325958439,56.24147549284775,765.9993908410524,156.466131596821,609.5332592442314,574.4995431307893,236.39814332032,21.020915960191704,1.783988629283703,896.7830933611154,-0.0773516440747128,0.3376995069999634,0.1992750465635171,2.134934282471854,1213.61206615973,2.5534204342518945,100.82563521437288,0.3598192063337457,0.1167208293287764
C040,MockCompany_040,IT,2021Q3,416.6689087280672,61.46081540849319,53.889877235770335,781.2078287633764,174.38747938841792,606.8203493749585,522.2645333669425,199.70101525306328,49.94349749562282,4.370916350193486,1088.3100657947273,0.2135711231082364,0.312149250210658,-0.15176285697887,2.190420826969614,1225.0624230306244,2.507457417820354,101.75041965770367,0.3002521600103824,0.0473551015859755
C040,MockCompany_040,IT,2021Q4,434.58942748331134,97.4130872469751,83.37773815981365,808.3215780027621,189.34956237098987,618.9720156317721,513.9169080013913,217.65990051484823,85.97599862232806,1.9021826460292564,1117.3539344637506,0.0266871267498701,0.1718578107161666,0.0079104493194651,2.2364989081598554,1227.919590850956,2.456848582313809,102.28187900396438,0.2718999553086205,0.0782858026009137
C040,MockCompany_040,IT,2022Q1,490.9003636493167,94.44484375105712,70.38604429796452,938.647110854508,186.8121968988566,751.8349139556515,682.5655816686722,290.46691587260864,109.8256157330538,4.412434947441994,1319.0750266702062,0.1805346416963814,0.3986739120064973,-0.0280679770380388,2.225883332837898,1236.1695768536288,2.382030613325962,102.69151078644764,0.1089199052451053,0.0346325176197668
C040,MockCompany_040,IT,2022Q2,514.5613105213918,88.49331885644388,61.45789189989728,1002.8338968011742,186.0434157535659,816.7904810476083,611.9959031375439,341.0502687790903,74.23901062603493,4.564528239951968,1611.1948127151586,0.2214580521491351,0.1460314554410484,0.0798877516929773,2.2079813979886405,1232.604251819164,2.325291239678333,102.98319516656645,0.2276955811425243,0.0371979476208527
C040,MockCompany_040,IT,2022Q3,543.6576188430421,122.72845042314002,102.00549730450334,1081.329486331521,191.198171163152,890.1313151683687,729.539642233371,357.0659245506422,121.20557291279448,2.4697593858356925,1764.287536358116,0.0950181333968968,0.2653007691669753,-0.3118142518495728,2.1581666778069946,1228.0604786881363,2.2513323927600744,102.90664020847464,0.3909459866186385,0.0896157803345848
C040,MockCompany_040,IT,2022Q4,532.1123959631517,118.43141448712215,105.16908568242134,1067.4590836822344,188.92728401703857,878.5317996651959,776.2749675848088,380.69961840838704,113.55066679636376,1.7233573183392472,1800.1353578373796,0.0203185822835101,0.214022816691514,-0.3970215397268092,2.1040050233037144,1225.809480097077,2.1383654022992475,102.86003261234056,0.498937499030289,0.0655928010086376
C040,MockCompany_040,IT,2023Q1,562.7737123700534,132.66352848337925,102.08020242495212,1179.3755389875196,198.57591729693627,980.7996216905832,815.5727203178744,403.6333759729703,75.58593399770554,3.782741372382336,1769.8360569211009,-0.0168316792314325,0.04,-0.3814246017261762,1.9956221031900596,1219.7215010256673,2.0225825098422714,102.26593506849407,0.6478109541667286,0.0535874937592555
C040,MockCompany_040,IT,2023Q2,603.5861185363832,160.40480320501544,147.0374336841131,1242.8320051151086,193.0893456873132,1049.7426594277954,932.1240038363314,360.0568018135459,188.9022303043112,2.6251145247066394,2186.6760472759725,0.2355246344568366,0.1217141167308036,0.0953894539599842,1.894121446820648,1204.1598182505577,1.9943098283397755,101.6907724687152,0.4194448999319196,0.04842998482059
C040,MockCompany_040,IT,2023Q3,650.6816993587554,123.71989402234468,90.2769130730062,1348.6161172158902,199.9752286431403,1148.64088857275,936.6676836867478,439.0291411846516,40.287159627291786,4.095052629303368,2377.7691791264647,0.087389776866374,0.2609757282349444,-0.4120975853408797,1.819969291286996,1191.2798000869036,1.928515533805814,100.87829339500068,0.5861419788501895,0.0733882365800749
C040,MockCompany_040,IT,2023Q4,664.1333667120514,126.76921675640502,101.71490248279386,1294.1799759897654,199.1196626041726,1095.0603133855927,970.634981992324,453.95977879264393,102.63315934314774,3.2029686065119645,1814.2786993766067,-0.2369828344553068,0.1190558423670463,0.3472543351875029,1.756052416001933,1183.5323640840438,1.852818908595716,100.0619701171167,0.2626095849655652,0.0583863909499693
C040,MockCompany_040,IT,2024Q1,669.0577191259136,118.7286436168112,107.64779354540876,1310.536330494613,207.807338728445,1102.7289917661678,982.9022478709596,409.5931011133871,41.92639911813793,2.05810481828166,1819.3695737349367,0.0028060045901875,0.1930223451602246,-0.0519633068019686,1.7587309996894014,1173.976109166461,1.8576224807734163,99.21168470010004,0.2509327729088726,0.0
C040,MockCompany_040,IT,2024Q2,702.4580274136001,129.85815154720746,110.14727035774068,1345.9422711416294,222.68369266995964,1123.2585784716698,959.1916926856564,447.379351198481,75.9205281314062,3.321484909749406,1887.2802989920767,0.0373265147650719,0.2244572215778268,-0.3722801204481663,1.7937667874197327,1167.899114663148,1.8449702705610496,98.28689775455344,0.3831648570152322,0.0511072135204658
C040,MockCompany_040,IT,2024Q3,749.6048227161093,118.67909051096836,111.04363733539454,1497.74826562346,230.1330542612449,1267.615211362215,1046.416283786779,535.6050057061734,145.56517965773838,3.976019614531322,2134.51530128532,0.1310006798806098,0.216012460407082,-0.040057839439873,1.84664547218398,1167.5228808962709,1.8806278517962416,97.63100259888348,0.5819970774975914,0.0653809069997412
C040,MockCompany_040,IT,2024Q4,789.8191500964971,144.1653251557412,100.97152050926849,1644.4870945056207,240.7376127588861,1403.7494817467343,1233.3653208792157,608.0289546034496,134.4596559588533,2.660319993554092,2403.966204520262,0.1262351706135303,0.2633930257769491,0.0754463574927084,1.899535152101252,1167.7929946919262,1.875476095860354,97.31012927107444,0.4815059866063795,0.0559167130754656
