company_id,company_name,sector,quarter,revenue,operating_income,net_income,total_assets,total_debt,total_equity,current_assets,current_liabilities,operating_cash_flow,interest_expense,market_cap,stock_return_3m,volatility_3m,volume_change_3m,macro_rate,fx_rate,inflation,business_cycle_index,disclosure_risk_score,rnd_ratio
C001,MockCompany_001,IT,2021Q1,417.6007274764133,82.35156047340526,68.9170485984579,1055.008303243496,305.9382916957669,749.070011547729,791.2562274326219,272.8325258871307,41.736528091126445,4.485837012543624,2127.7558990856464,0.10708882707537996,0.16573377422695143,-0.05055229814567441,1.9986559073996568,1189.763472869117,2.6819096962294244,100.62223354834316,0.4298463778330023,0.07913610160910196
C001,MockCompany_001,IT,2021Q2,428.313712633736,55.36647805709829,40.46907502028369,1066.0320439545299,297.91534733801205,768.1166966165179,799.5240329658974,255.26098103382577,34.39207942345905,7.0838316782143345,2336.171791209672,0.09795103480318734,0.14675922341690445,0.09232319294779551,2.1303731945048416,1216.62166642396,2.8603664877292947,100.52039654325894,0.3675028713711092,0.07546721491822533
C001,MockCompany_001,IT,2021Q3,456.2531423085569,82.0540774801181,60.26853644360179,1125.7990165302265,298.50482865616067,827.2941878740658,844.3492623976699,309.2954826460225,79.62880176448135,5.551265604068573,2519.1764930582076,0.0783352930367229,0.21302024520840046,0.17397293540267256,2.249053324960736,1224.326089692737,2.6089909311224146,101.67656589566761,0.4566839869689282,0.08983368087999814
C001,MockCompany_001,IT,2021Q4,450.51820366169073,53.19861959553882,46.45604939382227,1146.2265481028176,296.6284404878437,849.5981076149739,859.6699110771132,277.06559152601045,30.653081894712102,5.069982364575058,2327.621617873085,-0.07603868792558487,0.17095569227479426,-0.06882093272562757,2.2051117657119312,1223.9032629563017,2.5847874862944105,102.11488263553491,0.17062405316164403,0.08217431201963955
C001,MockCompany_001,IT,2022Q1,488.54718190501393,75.38343347131126,62.09543056429381,1204.6821087609087,281.5152622567432,923.1668465041655,903.5115815706815,296.59186746960313,65.3301786493394,6.288899756200239,2841.7498857564447,0.22088137691088947,0.17149888231508592,0.26168737403558295,2.2123412135441582,1234.167755972448,2.4612178058897354,103.08669367964733,0.20995734799851842,0.06486406105330926
C001,MockCompany_001,IT,2022Q2,524.2047623833984,87.05414649517817,76.3856019020488,1285.5189198358257,289.0130864236156,996.5058334122101,964.1391898768693,288.0767260184346,75.72767688210519,6.030312691677426,3104.8608662084644,0.09258766289418982,0.21759973471774122,0.3722025758230756,2.1513225923135737,1230.770881610505,2.4364090474569533,101.5878528905625,0.47526668688718676,0.07892177647873774
C001,MockCompany_001,IT,2022Q3,540.4110775674246,59.20971370010967,36.293541512349464,1298.9508300950606,298.2512864867242,1000.6995436083364,974.2131225712955,282.7451600871754,-7.795770312200965,5.744456955303909,3028.7414172515682,-0.024516218998840447,0.04,0.0755085422355531,2.285930026435353,1217.5602532870248,2.128795290671234,102.22790839345504,0.2280588357034511,0.05961606849550787
C001,MockCompany_001,IT,2022Q4,563.8292782239832,68.50545210816863,59.61015439792093,1379.1670878844172,329.08942434120326,1050.077663543214,1034.375315913313,324.0469300554926,61.834260550304634,7.920380223522697,2925.729281990985,-0.03401153187717871,0.14198191483713976,0.5440214692658036,2.0347792936141915,1223.6185152238447,2.2975109151408244,102.85353113443333,0.22679199811634207,0.09096223009340863
C001,MockCompany_001,IT,2023Q1,591.5852773576922,79.76383191969292,68.97900107514087,1407.9772516121388,336.86560863089227,1071.1116429812466,1055.982938709104,353.6011854818432,26.144140839573243,7.506650610564021,3496.5869140417262,0.19511635460074678,0.2175506001091085,-0.034441083598172925,1.913172289896143,1227.1834180867445,2.11209125212438,102.14013076056851,0.5159433065089833,0.08071891096154035
C001,MockCompany_001,IT,2023Q2,670.746597984474,146.27408863782696,134.3438411820935,1563.7006873707385,326.8484546704027,1236.8522327003357,1172.7755155280538,411.8299493281361,69.26587800449612,5.594302076409544,4113.405046196782,0.17640577721034578,0.31259854890509736,0.08438824874905741,2.0122303685359664,1207.1380135287582,1.7964688772889663,100.5247831878054,0.44659081899152864,0.018745697474224443
C001,MockCompany_001,IT,2023Q3,693.9273454051587,131.71075199612906,99.13141813537813,1656.295294630557,323.8386799362725,1332.4566146942846,1242.2214709729178,388.55135759624045,79.38019373182946,5.736123265668906,4386.593612126246,0.0664142147105236,0.14432459106634377,-0.03271972907144162,1.8069019040186085,1183.2113580558437,1.736777775495029,100.13936630500007,0.38637451869068323,0.07441433396134278
C001,MockCompany_001,IT,2023Q4,794.6217701981946,101.61997430854429,61.71562187443138,1928.882034792054,348.2213623745576,1580.6606724174962,1446.6615260940405,519.8521625142027,44.00002124503822,3.7110307118284465,4911.847310912668,0.11974067926748848,0.1576448458107141,-0.1773059567982761,1.6753484357489516,1183.5411806789423,1.9107284169994738,102.010185763236,0.33586061686211643,0.026056790216084223
C001,MockCompany_001,IT,2024Q1,908.341258450002,235.6469557893387,223.54063541045568,2314.6584417504646,336.2624469942131,1978.3959947562514,1735.9938313128484,552.7404270853923,231.04499722392808,3.199360035275647,5753.463333762989,0.17134409308296283,0.09000833533040146,0.0004269965853706814,1.6335952281597605,1199.0628780085622,1.6603892389987396,98.27340397498952,0.3100418764986567,0.0758042472406564
C001,MockCompany_001,IT,2024Q2,970.8838352710565,154.96147186214375,102.77622579953987,2490.422063672504,376.4990785757133,2113.922985096791,1867.816547754378,613.8417359742392,187.3661584411609,3.1963750295405204,6440.875321242883,0.1194779470386057,0.11100708224132658,0.33960301973572826,1.7347101585644404,1173.142954726065,2.003961986044783,98.49865132345656,0.38941238377207077,0.08200358508479028
C001,MockCompany_001,IT,2024Q3,997.7671732096015,166.60549531663307,124.57538747831097,2565.459053583048,385.0185470159378,2180.4405065671103,1924.0942901872859,834.8550702635229,184.72093909662115,4.969454329910607,6961.300455875819,0.0808003739672624,0.1702468334942968,-0.4109003147311038,1.7026164615739843,1176.1658396802707,1.9404032101803759,96.84124796654463,0.39919932255711643,0.11318375535410463
C001,MockCompany_001,IT,2024Q4,996.3911188942628,145.51521166240755,88.27961990988548,2678.193592839588,399.24665097795287,2278.946941861635,2008.6451946296909,657.2539238954264,148.37343685059813,7.890938080461579,7049.491674283998,0.012668784944304245,0.14420609413597785,0.25183005837921973,1.8074372130569776,1176.8035865511686,1.8635254414627198,97.21989969040457,0.17325445653277013,0.08955875856044154
C002,MockCompany_002,Retail,2021Q1,741.2394017261765,87.09622624164601,44.62220552140975,2108.3856068389514,588.9593645085597,1519.4262423303917,1581.2892051292135,620.4139495306871,30.566911270506736,9.665819589156001,1232.3737608051265,0.09696055109474783,0.23311122282981545,0.43798861329596356,1.9946437461681439,1185.9359136888622,2.472258023645059,101.20898274662137,0.04051425847928858,0.02022241437022236
C002,MockCompany_002,Retail,2021Q2,792.9728067063908,96.72709386742717,61.03709940638525,2291.446480884974,605.7548140965156,1685.6916667884584,1672.275887260844,708.6839032054737,22.026930840119192,7.484081104005172,1435.0164833228173,0.16443284412782494,0.11531711344172726,0.026299237864844317,2.144627091400631,1192.4726815944182,2.7605117048067522,101.14021384652716,0.572218332148846,0.0164102942796859
C002,MockCompany_002,Retail,2021Q3,867.4424235439229,149.1577302465703,98.24291682746377,2515.4516255565877,554.1589726295144,1961.2926529270733,1886.5887191674408,826.6718280063409,37.151228485404644,5.38589057136258,1425.4871045453026,-0.006640605796700755,0.09986822287150886,-0.39799527225086817,2.113559021341655,1224.070617409415,2.6338116752344285,101.63164348452501,0.2308795564961864,0.045990915150424846
C002,MockCompany_002,Retail,2021Q4,892.9731143193966,112.02455644630581,63.27333491441111,2564.656112570163,566.9247137087559,1997.731398861407,1923.492084427622,783.8583219495076,-0.2231062866654412,6.102961407392814,1457.518564615096,0.02247053653986632,0.2157420877325566,0.21299680664330792,2.2749447989168283,1232.7667746202192,2.2441762215219825,100.41984334613409,0.29093882416631417,0.04802918139330282
C002,MockCompany_002,Retail,2022Q1,859.3562786984777,77.41672670862755,30.36120836272102,2471.8348266680864,581.2786230252843,1890.556203642802,1853.876120001065,679.4498425414165,-8.941298065375506,6.245650629808584,1582.3377290551728,0.08563813008655513,0.20737013267472876,-0.17937621042657123,2.228626297407146,1232.6073205397784,2.51353366335746,101.13502044198005,0.2608399471701897,0.0
C002,MockCompany_002,Retail,2022Q2,823.5682468045111,128.23973159162594,93.33840408451623,2257.8423083008543,616.9777622215357,1640.8645460793186,1693.3817312256406,748.2578048220014,16.62432439490486,16.417090738231785,1569.5019124158143,-0.00811193236669066,0.18486045272508758,0.08500467689896199,2.156273648407728,1230.5430782644187,2.4309005797451344,104.34632509404916,0.40428827808932655,0.06801654138820418
C002,MockCompany_002,Retail,2022Q3,892.0838009585881,138.61338044697675,105.75609105443722,2608.9434509099283,628.3727595295894,1980.5706913803388,1956.7075881824462,734.0494901902516,87.20115802036233,10.661685733400617,1781.0717272773247,0.13480060979082023,0.22511265691660431,-0.16116198806056437,2.1414429030686377,1214.10311613675,2.3848413830694937,102.70397860890165,0.11156487600365464,0.0
C002,MockCompany_002,Retail,2022Q4,965.9158515367399,104.5992021173641,67.61564125293377,2865.4635141491503,657.2518640922756,2208.2116500568745,2149.0976356118626,807.1615235419262,66.20355879259999,10.422579245735394,2434.8012541142684,0.3670427848721635,0.21784637941002202,0.48676860135680045,1.9943563084998075,1219.8039024415693,2.0936351425253634,104.27767721042066,0.3637280267259812,0.04951942738324492
C002,MockCompany_002,Retail,2023Q1,951.318017223053,157.213724418606,107.6503786443088,2889.8372074423714,656.9668449960128,2232.8703624463587,2167.3779055817786,1117.9410678138759,72.1003225677018,6.008989849418513,2066.9462324148517,-0.151082155505639,0.30910897838511275,0.27667499991989514,1.9808638085916896,1213.959650958283,1.9374262476996875,102.60968216586102,0.2420779650072814,0.0
C002,MockCompany_002,Retail,2023Q2,950.8283728317385,150.46020095446596,107.41589789223285,2909.7836712280346,692.7980178094663,2216.9856534185683,2182.337753421026,851.2600168853535,80.68689423203807,6.67014486520918,2388.4373337543257,0.15553916995889638,0.122388038427887,-0.16748520444302623,1.6522075821489548,1198.4172541869036,2.343201483884152,101.96721796437285,0.5503676504480349,0.030216400332623496
C002,MockCompany_002,Retail,2023Q3,989.2184053671284,194.60745359873297,177.26284560068885,3095.8508732259097,648.9522489979158,2446.898624227994,2321.888154919432,1026.529506840285,63.41595165336798,11.471099597807477,2386.3387256428223,-0.0008786532021774346,0.06508254790127185,-0.20624983797022603,1.9231050875383424,1188.019692756652,2.13785657099918,100.94707685198743,0.38714988516634147,0.03051933436375613
C002,MockCompany_002,Retail,2023Q4,1051.3476475607838,173.63708568211268,118.73156536424159,3510.257119494864,655.8605348239278,2854.396584670936,2632.692839621148,1192.238835605019,97.88679970001046,12.911593875563494,2401.796439809297,0.006477585935463104,0.1943455694678343,0.0858409372018407,1.7418292760117797,1180.5450848428472,1.9070024035716295,99.18937769965437,0.35767130878282427,0.015861618064257177
C002,MockCompany_002,Retail,2024Q1,1109.0511883627307,164.74117553539628,120.4635716265141,3643.2764374723147,671.9239823042443,2971.3524551680703,2486.4353539366325,910.5750810668469,66.90438042961952,10.191222974508436,2727.6293334279544,0.13566216029720168,0.04,-0.24160515896231263,1.8229736129126368,1182.3848647318339,1.8295553800765416,98.62849952202147,0.3059331619771805,0.008196674464328521
C002,MockCompany_002,Retail,2024Q2,1152.5662886156358,228.61432982666238,160.34909168210848,3642.123548923243,638.9637858852484,3003.1597630379947,2731.5926616924326,1205.2416978134054,110.79640352406915,14.530791344490922,2475.0764166721356,-0.09259062940140121,0.24123283223206488,-0.1119780015484222,1.8362880546804143,1191.4520508244993,1.6755624054574136,97.70433713805363,0.5411670825411858,0.01931031158907701
C002,MockCompany_002,Retail,2024Q3,1087.0821369631055,174.79691040241994,157.98614770493697,3520.3808775172974,622.7788681941705,2897.602009323127,2451.055875895422,951.8554857522377,128.54175115584536,5.456972228436733,2671.3039650588726,0.0792814100869559,0.16474780627442062,0.03577541202316823,1.791254117883741,1171.5301572312267,1.986679131798762,98.08807200522519,0.39033701715179014,0.01950835164678466
C002,MockCompany_002,Retail,2024Q4,1060.3775409777686,60.988736364408645,31.93272570773229,3264.5529312298772,622.4524082526963,2642.100522977181,2448.414698422408,1042.2806839239038,49.81988484837672,7.350227382951922,2737.669483421777,0.024843866228245495,0.08044755041445549,0.18349453610360789,1.9678370289222629,1160.0362222208134,1.8510584765987226,98.35907327891032,0.6579027472918837,0.0392990083109265
C003,MockCompany_003,Retail,2021Q1,192.05978406386387,41.23193788067615,34.67458359748121,543.788588324033,268.9050368067112,274.88355151732173,381.6042165602354,202.56479524463987,38.333611568576494,3.9137437565914017,545.0924719441318,-0.00967316358695089,0.08756561113869679,0.12390231613681413,2.1478260010364836,1197.9099271943405,2.800183141667928,99.11700744177439,0.27159219557454795,0.0
C003,MockCompany_003,Retail,2021Q2,209.0233457329841,45.09283464546903,33.53026110223824,603.5811213408192,270.69422429931626,332.88689704150295,452.6858410056144,199.79606268565348,25.629833409788304,7.284440195949042,602.0549320725227,0.10450054451353541,0.17849002461139263,0.23427562087448467,2.1601421085058132,1214.7202514511562,2.432038123993253,99.79206438752004,0.5747561660445097,0.023528987671267487
C003,MockCompany_003,Retail,2021Q3,195.21633419685332,34.07874828716246,31.441858594893137,553.1763267717197,272.0327442409082,281.1435825308115,414.88224507878977,202.55913482993125,24.428416363190728,3.1472796302813792,607.1814822399364,0.008515087069822652,0.13874157299515866,-0.2246634405059242,2.1453571245014333,1225.4118697938784,2.470289671659695,102.3841455625884,0.43378234389113346,0.02946159710672999
C003,MockCompany_003,Retail,2021Q4,204.0170123266891,40.013789258971784,32.399224403001405,577.8220455214142,262.55461041013365,315.2674351112806,401.8531413769094,168.03582877698105,25.630427743209243,3.863190105009746,594.1469293077151,-0.02146730971461082,0.33371258762197736,0.07816030412993791,2.2848085467485646,1229.2877229667329,2.5613406513192727,101.43986360420769,0.465097586069184,0.006495977021844238
C003,MockCompany_003,Retail,2022Q1,211.5963335507504,45.120558982424605,42.56737532817,576.9866751694024,236.99139356456254,339.9952816048398,432.74000637705177,179.82882824750155,31.08450352761731,4.721253486974524,640.3597714700527,0.07778015821134263,0.29128533639239346,0.47662168598254856,2.160330530738734,1239.3915911483884,2.397846956694166,103.16845979391468,0.42744463581521763,0.02570708258535763
C003,MockCompany_003,Retail,2022Q2,243.11821375562104,64.66572864253179,57.46078836426691,679.7829452948434,245.79023967783186,433.99270561701155,509.83720897113255,224.76512311966886,71.4402940503205,3.7310200340971664,749.4545133279984,0.17036476480635337,0.07412938790721638,0.08053293703486299,2.155873906979631,1234.9766940213597,2.2654731212555554,102.15765490453332,0.2665712061726312,0.0030039760589994913
C003,MockCompany_003,Retail,2022Q3,270.59814057986034,55.18191026089723,49.71040386557239,764.6488900556061,233.84939614913407,530.799493906472,534.5356932007408,255.8155157607041,57.20324975428889,6.7033412658775635,877.6868897977519,0.17110094634073228,0.2367212630684377,0.0709384257453058,2.303411124681854,1252.5733540295273,2.428641110628038,103.17333988006416,0.3195629022806678,0.00793932006529283
C003,MockCompany_003,Retail,2022Q4,288.4839253662145,40.66730703214648,37.3137806183227,846.3686948417193,237.81212858817773,608.5565662535415,537.911703307943,292.57490562466705,36.41022141444491,3.7784234214816768,1067.7373615452912,0.21653561646720404,0.30481665031171773,0.042730301630728384,2.071662887330422,1216.3548267810113,1.950066549684206,103.13686973211507,0.16336911817086958,0.02702233507472756
C003,MockCompany_003,Retail,2023Q1,294.63904718084126,53.48332397176996,37.42235190111696,879.8275286757413,227.83080871076598,651.9967199649753,584.7833436560276,236.8586766327961,30.227652999137266,5.188936877788708,997.2170872174228,-0.066046461300003,0.04748592236670857,-0.4423450268556268,2.002784959727947,1213.5795429875807,1.9676644909968521,102.4677489306709,0.35436649198650033,0.035772931950817474
C003,MockCompany_003,Retail,2023Q2,331.3528099266122,54.352296294476574,36.06206369365818,989.6458735130266,247.50952717165538,742.1363463413712,742.23440513477,366.44802396602637,46.374300822903024,5.739017694933109,1306.6215558852334,0.3102679172206677,0.2093543863120717,0.14135822753876975,1.8799610207422772,1219.5094782292374,1.5792140670816008,101.93605764674659,0.40482117089642516,0.11447134198418839
C003,MockCompany_003,Retail,2023Q3,338.657972261107,79.68786942209537,69.9140990350885,1031.3534809984853,256.4813254961552,774.8721555023301,565.3866667661941,248.40025966059414,65.40068446584054,3.1076856627132106,1330.7709245800324,0.018482297790072613,0.22353675854950739,-0.16690773691654479,1.878902222160601,1184.8429469399405,2.064949415099952,100.5524221688756,0.4746547786501961,0.0014456208407273297
C003,MockCompany_003,Retail,2023Q4,337.3505287580983,77.20392142705802,62.82403126954091,1037.3041436518774,257.4948458507388,779.8092978011387,720.80446951077,342.83655234697943,70.07883382026255,5.216428911305701,1191.293643726858,-0.10480938400212726,0.12306055085228748,-0.2366476800711011,1.7295439816258162,1175.4368136802118,1.869506076927737,100.21929796092665,0.393337500075306,0.06612368446616114
C003,MockCompany_003,Retail,2024Q1,343.6412870701013,65.02044295641461,57.232578226691956,1045.9832915896486,250.25514703602596,795.7281445536227,775.5611791295136,449.45536449119066,20.67933817911299,3.3242253383101836,1212.1777860958077,0.017530641986484158,0.34388036685629203,-0.14941613662841002,1.716451692731879,1143.4915145343068,1.5979036967982878,98.48440305951642,0.6590447255786117,0.02936421376929752
C003,MockCompany_003,Retail,2024Q2,366.4541379129928,81.70065446376556,73.54230480840332,1170.9518363077439,260.63339574372094,910.3184405640229,878.2138772308078,535.7351777341332,66.39934977641872,2.5306824753949657,1383.0619003560644,0.14097281456595706,0.17110234074861205,0.007801024610651873,1.6769750204723435,1168.3235274274614,1.6906178333239938,97.77290318307098,0.6323262320306073,0.030757005089490544
C003,MockCompany_003,Retail,2024Q3,391.72122040062067,95.69341398968753,73.10666021025759,1222.9704991208498,263.39771599074277,959.572783130107,917.2278743406373,394.34371753848893,47.77982332658042,5.845748673896481,1563.297470627651,0.13031634392154517,0.3128427789450968,0.11795050961181859,1.8752867259071369,1162.2493459424816,1.8835971526417465,97.73440585842508,0.29664525266434477,0.0433960314233256
C003,MockCompany_003,Retail,2024Q4,418.7979379021836,92.22657085411426,80.88998148279535,1301.9762436496524,296.8876861024134,1005.0885575472389,915.2925473462794,413.88286019927244,42.94971220156899,3.1190820335174068,1631.5951060895209,0.0436881890651616,0.20804008214880784,0.006388182125283826,1.6956985753820464,1171.0322792234108,1.3655423011489365,95.89018844114331,0.14528875216976517,0.02860419821647942
C004,MockCompany_004,Bio,2021Q1,123.00348214554057,7.898776711776369,0.82570074583048,361.15573054531893,119.89037713029191,241.26535341502702,270.8667979089892,147.21382346210225,4.765895318560051,2.6794155178411585,396.55703598541766,0.03059198996774669,0.17579041924236427,-0.10999034319244987,1.9200230217064496,1187.5009484085447,2.7157018823103796,99.67013050223622,0.48058334141295894,0.10698186276685576
C004,MockCompany_004,Bio,2021Q2,134.72382259299872,7.130078088135839,-0.6520223404295807,391.2782908606733,119.2777264599569,272.00056440071637,293.458718145505,133.89116999715452,-0.6608169134785769,1.3989393523067337,442.88067486411967,0.11681456808247245,0.2604998530903845,0.13559574969346397,2.240904189945191,1227.2295088459362,2.522659220354198,101.12770468678771,0.3147780369632782,0.10605761977965611
C004,MockCompany_004,Bio,2021Q3,142.80202297138132,5.583225849887855,2.9663046298559212,422.36246482627854,123.51106268829415,298.8514021379844,316.7718486197089,190.3638246339384,-3.3711569188523773,3.2032961031232396,483.50543497953936,0.09172845513723041,0.19962936222205238,0.2934880279954507,2.1392794432243276,1201.7817989892185,2.3503973402236853,100.80566651153383,0.528145158908168,0.07506937620630919
C004,MockCompany_004,Bio,2021Q4,158.033192113691,4.6083169340106895,-4.672448373071839,483.9750798284675,129.67776221237418,354.2973176160933,357.4130800468198,178.66711496623412,1.60925712462552,1.835291654932625,602.7375788849914,0.24659938705859136,0.12354998660788817,0.19568784762547445,2.1929808853000545,1235.2734178188252,2.3769034585071904,102.26681197428552,0.31373667066824107,0.06489828538902878
C004,MockCompany_004,Bio,2022Q1,168.18808739056675,10.608203120131899,6.323262991017202,541.0258180409795,128.77733443961088,412.24848360136866,405.7693635307346,199.89323861005917,5.2909772384916325,1.3263602475071243,673.4345496402083,0.11729311931404648,0.3156100765541227,0.02171354680470275,2.258665221126297,1263.359388288423,2.1825084587257937,103.90708039201547,0.32046714519441355,0.04213457592330183
C004,MockCompany_004,Bio,2022Q2,188.9111087588392,27.770842443161605,16.675177077986664,610.642825116968,133.51176060678966,477.1310645101783,449.00203491500145,202.37886985450348,36.01207575190208,2.8925134779701778,662.3836536856664,-0.01640975497982089,0.25225959066249815,-0.06343160827849104,2.2089809444222355,1215.7257474046535,2.17343112883052,103.15113806600368,0.260586665051575,0.07021264066807885
C004,MockCompany_004,Bio,2022Q3,214.60060014600063,14.161904991259005,1.0374027628350797,711.0387147108677,139.57376302931974,571.464951681548,533.2790360331508,278.2294771072113,3.4774778959698223,3.3651132191019992,776.5604508216987,0.17237260687325884,0.304285205424647,0.27038545307919,2.232460375371038,1233.9897772552158,2.126349780087551,103.95020351109862,0.5731097434528793,0.06320814040781769
C004,MockCompany_004,Bio,2022Q4,239.07291123587152,8.615702207019458,-0.15636121071935535,799.2998095431298,136.43465601506222,662.8651535280676,568.6813368936085,265.1221924294013,4.194031711620771,2.640579603075204,925.1329374118504,0.19132121193262328,0.180488311185813,-0.4574003152261173,1.9915671302368347,1222.4227594959973,2.152918575108764,102.79108325354906,0.36586889720307836,0.06342316438859119
C004,MockCompany_004,Bio,2023Q1,253.5219408429257,12.672397733752248,3.7461614094911546,799.9787599006023,124.82716559824301,675.1515943023593,549.495060907304,250.37888480794263,5.151435265090759,1.313669847182389,941.517884800569,0.01771091129298353,0.281523495459341,0.263747669740727,1.9305382500489736,1232.585033052787,2.0296079408990675,103.29619647814958,0.3776086746907348,0.09406643931217104
C004,MockCompany_004,Bio,2023Q2,268.07904743371836,26.871120217528933,12.490569832583295,845.1949149039713,125.11047227371418,720.0844426302571,515.3615529593853,265.0038013468066,14.17768013961042,2.1298068665005974,1193.7637876124434,0.2679140852064692,0.16706004658522805,0.002874107245564486,1.9111815102508571,1198.2014039607006,2.084811757897042,101.70780104526487,0.17761940042175586,0.022296739669368335
C004,MockCompany_004,Bio,2023Q3,273.24058741814656,14.723400297250851,8.292727316913737,891.5913576990704,121.98138619377951,769.6099715052909,668.6935182743027,305.5679816813195,7.365212164326236,1.362016319133425,1273.805543248708,0.06704991093451601,0.24903723043796794,-0.01177950553402405,1.801448961260336,1181.3558975004298,1.906872154809272,99.56172351930829,0.5797668335901579,0.09518776927466398
C004,MockCompany_004,Bio,2023Q4,272.1346536438771,4.4232154749753825,-1.211227611787042,883.8939851864025,126.37409881355424,757.5198863728482,638.3031513446288,314.68597966096047,-1.7225841495826586,1.554527555529565,1159.4021935028284,-0.089812256158115,0.38253063018208494,0.10581205745172897,1.7415671522156408,1191.4567650450513,2.166563190256866,101.56459421383528,0.6330138581607108,0.057773063297026916
C004,MockCompany_004,Bio,2024Q1,263.10565785042724,-7.9089555941975185,-12.144548400987192,897.6283722041853,130.86658793495357,766.7617842692317,673.221279153139,342.4671811426482,-25.619336949086144,1.7517019494440673,1041.5653922333072,-0.1016358274375076,0.2447632296492933,0.1771194792468359,1.7360823136161558,1164.9492648877783,1.455746375951964,98.04842501627495,0.4175671068304876,0.041930789193225126
C004,MockCompany_004,Bio,2024Q2,278.54516843541506,19.122468512923266,13.646154592638972,932.3154663098125,143.84584589080703,788.4696204190054,641.3049492450197,261.51797816995406,-7.203445876980444,2.317596787687161,988.5368223913337,-0.050912376925533714,0.18627483918269216,-0.37202647690246543,1.6844060695180998,1168.522558958581,1.9011060936902062,97.74028719695545,0.4950948853764158,0.10791981642848121
C004,MockCompany_004,Bio,2024Q3,305.30702408428874,14.45127899542451,9.953499454369242,1033.9375342959145,151.72700162681724,882.2105326690972,718.140046259579,329.62881674167653,-7.793680447715996,1.7699560496693214,1215.1230558566947,0.22921375140810063,0.25201992044626914,0.22861348671922688,1.7784304613881845,1168.6602268118036,1.7634314311470252,97.22680472996679,0.5805448480876467,0.1062336200309076
C004,MockCompany_004,Bio,2024Q4,313.66176577232665,33.05521221235488,21.094222416525014,1005.242238633728,138.72321926683438,866.5190193668936,753.931678975296,341.7425539436744,0.22639785323828931,2.845032963087929,1256.3254148977194,0.03390797240035571,0.36028075283210736,0.21791769528909022,1.9001505502623377,1170.9142782080003,1.819264121542422,97.2876434199593,0.3754559817714218,0.059023652247376567
C005,MockCompany_005,Bio,2021Q1,446.9358635112909,47.232918134542174,29.17520896268704,977.7317758635766,581.7785772205564,395.9531986430202,733.2988318976825,291.72854101723436,28.807775565268873,7.900170240739859,1079.6084046541973,0.17466928922339459,0.2209420877031873,0.15514534363384094,2.004278530145752,1174.9871741401382,2.64214056575356,100.60308405594695,0.18355905479490922,0.09976033908234361
C005,MockCompany_005,Bio,2021Q2,467.2517426603095,105.77073237305456,88.72647120048,1053.7179443826735,535.8765742638731,517.8413701188005,790.2884582870051,272.36781999592637,71.09031962411986,8.446765574583361,1343.388861050101,0.24432975443572383,0.2746616654777131,0.24998741666079816,2.036513877731453,1204.7227644188124,2.535782178371344,99.59522108009475,0.7607911485081401,0.06465488604773774
C005,MockCompany_005,Bio,2021Q3,459.02697364953184,125.47548207547536,119.42778083098246,1042.2568747474868,537.1390607204465,505.11781402704025,781.692656060615,331.3040213332161,128.7782334826886,6.18163258236274,1555.6472374710338,0.15800218579675768,0.2744716561730018,-0.03875226091700094,2.115508401635401,1226.7764998864063,2.5730025510699646,101.20113032651952,0.2815414423204988,0.05974150066637227
C005,MockCompany_005,Bio,2021Q4,494.36768512730646,88.59929928718859,75.5335110530878,1171.8714586744484,571.070090950727,600.8013677237213,878.9035940058363,304.151206934439,113.35488782272719,14.199402806750708,1770.842873855186,0.13833189890401432,0.26634020231987793,0.1874349830721927,2.212692757247984,1224.9178060751772,2.5935378202670227,100.88135881287302,0.37658920504232835,0.0772807854211845
C005,MockCompany_005,Bio,2022Q1,506.2854268028803,66.41603848565276,49.5804455469748,1223.667085425767,554.9234043950746,668.7436810306924,917.7503140693252,300.72810129215264,38.161283710351185,6.282472624047469,1491.754449366231,-0.15760202591061623,0.3861628481088073,0.2058238206453404,2.3677823121406236,1248.730233466644,1.9590475639864373,102.47551789495323,0.3226250236024607,0.08438866274999737
C005,MockCompany_005,Bio,2022Q2,511.06204449618167,87.9965259992783,67.77182116732259,1247.1257541877426,577.4865847758937,669.6391694118489,935.3443156408069,288.7002724848988,90.66777419717191,13.93673291159199,1689.3625282873436,0.1324668942700765,0.16900473871996943,0.6036818156335201,2.1145388023905953,1249.0296474223437,2.2617651105138794,102.80645361707762,0.49932354244179766,0.09427847517057279
C005,MockCompany_005,Bio,2022Q3,564.2517101396558,112.20283070056418,86.61190227748959,1413.8870629780902,607.6746644216959,806.2123985563943,1060.4152972335676,432.7933565777951,90.4154825131779,7.069612625143084,1960.4562611977285,0.16047102286873652,0.23050154053908944,-0.05383206812836941,2.171107570099858,1229.2186960402748,2.193346696527755,103.28159362363508,0.0,0.03881706325764578
C005,MockCompany_005,Bio,2022Q4,624.0356960172772,116.98514922688013,108.0765304568896,1564.8275946841666,598.7655405495577,966.0620541346088,1173.6206960131249,417.67537271228946,132.77393239293338,12.60433709162705,2565.839061196225,0.3087968918157048,0.22804065185498998,0.6829761853948265,2.1734142896512294,1217.3324938600838,2.191702632171204,101.61534393649684,0.36361138456282593,0.1146329598556182
C005,MockCompany_005,Bio,2023Q1,659.6074233764726,149.80067703372106,126.43208154739331,1602.6786153906594,554.8274631607261,1047.8511522299332,1202.0089615429945,405.5807434412614,146.4034687673927,10.631785930532905,2761.1167667954483,0.07610676310624985,0.22415352346660836,0.5506370546435473,2.0139920179599553,1227.5600688112468,1.9456569494808418,101.58243370062505,0.13142931306206654,0.060233059935020115
C005,MockCompany_005,Bio,2023Q2,692.9272230276064,152.2518946407104,139.0742139358953,1715.4521072125078,568.1083948692899,1147.343712343218,1286.5890804093808,480.65498780127996,100.78484496303693,10.245178019445866,2891.2825627059055,0.04714244521484971,0.148858352367484,0.09719922184850943,2.025838103619852,1210.338940378254,2.064636193074505,101.71097809682104,0.17748717587714546,0.0877994255747763
C005,MockCompany_005,Bio,2023Q3,727.9421604930985,134.73900867375818,113.18973608082369,1922.0909003939923,580.3893788582783,1341.7015215357142,1441.5681752954943,511.29505865459055,56.29604953764112,6.896792723707625,2613.0387268056434,-0.09623543526643699,0.25400074648410864,-0.14503673813112447,1.7162810507387123,1186.534582312386,1.8259092233262966,101.90200558164294,0.5468037893329871,0.06212064025286941
C005,MockCompany_005,Bio,2023Q4,745.8482334375035,132.50012509630432,107.85239957354077,1865.4995436684455,607.0084031952804,1258.4911404731652,1399.124657751334,506.9732055331235,80.53431732127135,8.70031763513381,3179.4759160687245,0.21677336177697318,0.16042322294586747,0.2631764084221543,1.6073370226705714,1167.2391362972799,1.4640427645340517,99.80890610338253,0.09689784583799727,0.04674338281824873
C005,MockCompany_005,Bio,2024Q1,767.3059193597768,184.33849956595026,140.64789510186688,1968.6714787097799,628.1173967983245,1340.5540819114553,1476.503609032335,590.2881097371145,118.01938074165069,14.223005658028816,2896.3850698179217,-0.08903695254305673,0.18690775454765865,-0.15098968792481202,1.8722683395290667,1170.3811147882125,1.979491016959764,99.34039674872864,0.46572998896428786,0.0902280327747561
C005,MockCompany_005,Bio,2024Q2,749.4091307872027,119.60472490164932,101.76101758552677,1985.5376401444264,587.6949550922776,1397.8426850521487,1489.1532301083198,566.7720762051732,142.20806261273952,11.088273136652308,2403.2308997757737,-0.1702654026155263,0.13618629928864368,0.06694878481167739,1.7674714994228564,1162.7800149050747,1.873043260177676,97.72104777535732,0.5043171379618263,0.014645315723924933
C005,MockCompany_005,Bio,2024Q3,748.5577725533699,140.97485814860278,105.52781056066743,1944.4650325994749,583.124808598033,1361.3402240014418,1458.348774449606,625.9221874538658,108.13037523960674,10.508823528747596,2462.9439771685593,0.02484699967795732,0.2733805167155843,0.08890886146843685,1.8698414669160461,1179.312041965024,1.8492862780172894,98.16975451089736,0.38579011863926654,0.10944420512329717
C005,MockCompany_005,Bio,2024Q4,720.808161230824,130.88002419292445,106.95538820912054,1879.1284630976938,580.6814886598497,1298.4469744378441,1409.3463473232705,538.0582792240134,56.38391760421048,7.003356487019842,2205.1081172034174,-0.10468604335107705,0.27974779310773196,0.7652012772767318,1.8447386239266776,1165.7784319923553,2.0827076980090924,98.28059101453808,0.08345200410108872,0.0781003131047495
C006,MockCompany_006,Retail,2021Q1,103.6222263153769,10.861534692584218,5.887839408679011,292.0870190451602,156.61927146423324,135.46774758092698,145.82660880686151,115.1754198118848,0.6156367284199433,2.4752115050227084,594.1296302678568,0.0070687528356662074,0.04,0.16457256630216133,1.8124561684969058,1219.0854275749923,2.6062593227838513,100.86227468459614,0.14492056129456712,0.03633644781543685
C006,MockCompany_006,Retail,2021Q2,105.68212793226327,18.858597754686034,13.817098244822787,287.0817115232488,162.01068785219766,125.07102367105117,80.54554784180579,55.47195811133512,16.178202164795326,4.005846204946162,556.2601339432939,-0.06373945077859494,0.214962191465058,0.4718807330032739,2.087821078590929,1225.486272155392,2.512321072246642,100.2902177074501,0.5641503859241769,0.01759469871050251
C006,MockCompany_006,Retail,2021Q3,109.98794227661412,8.575066213023694,2.399347083784591,287.73957171323775,172.44848452319962,115.29108719003813,129.63067316417383,119.74546026768391,0.0064035747023725165,1.7792289637322962,521.1686059887154,-0.06308474365368742,0.18015025103973747,0.3291848633488284,2.1972564169947564,1221.6669353844218,2.549447276770754,101.06355829128863,0.313566407413031,0.051005341483218974
C006,MockCompany_006,Retail,2021Q4,112.01925715151584,8.833506797540544,2.6466959548957094,285.14897298532276,178.5722338129049,106.57673917241786,109.52299213362154,58.9560005467776,2.193463165914393,2.481675996047437,468.94470742854753,-0.10020538067732093,0.18370305151769434,0.07042675157219837,2.1899444752628803,1232.426855198499,2.434881778784267,102.9663713755144,0.08225756727436075,0.04092065291970069
C006,MockCompany_006,Retail,2022Q1,115.93882834848964,13.166235946266031,9.514227715263251,289.31489673939774,182.9225615514087,106.39233518798903,108.39398329574377,95.75870611053418,12.027871794767277,2.571860120706481,525.4741505298687,0.1205460733554273,0.11136026569883632,-0.12348422641441639,2.4021259977423095,1228.5765669672928,2.428076985574675,103.5494060933237,0.7247604326693212,0.06318386904106056
C006,MockCompany_006,Retail,2022Q2,121.35710486512639,15.863199305940256,10.490149512978606,301.2458388513916,194.12806710188235,107.11777174950927,93.95410095222876,77.22254173824503,8.431040001081204,4.71763138282233,529.7565356009883,0.008149563716505145,0.34136665194628213,0.12949813584834025,2.2351326761060553,1223.5529159352973,2.23097198083336,103.02832948078493,0.2507038776311643,0.05178070029034247
C006,MockCompany_006,Retail,2022Q3,132.2612690135306,14.1238733331461,6.643338956128002,341.25960897923994,203.1433385623804,138.11627041685955,190.47316389062107,104.02874246858806,5.08280700435539,4.061036142316982,513.5005877260128,-0.030685695753680048,0.16096668452844726,-0.14678063405012934,2.1068936466368227,1224.9014534823684,2.2718308735997645,102.57577121079535,0.24792444401855201,0.008702818177539661
C006,MockCompany_006,Retail,2022Q4,156.82053852437153,18.520046238548574,10.8761227923771,409.5115307750879,209.20631270349062,200.3052180715973,128.42596150477723,97.53457830618365,10.924719779845256,4.03864518894154,706.3568050478953,0.37557156102961325,0.23081028182732752,-0.477643869451466,2.072204287257356,1210.7073848402044,2.263932924393323,101.99368945054304,0.20782012207464476,0.052194028289996815
C006,MockCompany_006,Retail,2023Q1,171.87293455422568,13.037212070309721,11.17191325745735,430.1591002628934,208.93750236089195,221.22159790200143,169.98487494792488,138.53274046728578,1.0986020003776353,5.23363893676774,761.5406136010114,0.0781245514430548,0.2585715271458855,-0.04876309770909762,2.0824371594809574,1229.314579670159,1.8155466568722822,102.5066829241453,0.2885526607447997,0.03730885095636145
C006,MockCompany_006,Retail,2023Q2,187.8993647963497,12.316236473096714,8.333280409433192,476.76731792571945,207.2437810533116,269.5235368724078,226.2261776164907,151.09795346815991,5.836180472758292,3.134600090168267,716.6178496519916,-0.05898932131353904,0.28471405539127886,0.32607842901413686,1.7356966151046724,1210.6636218088129,1.9800547674785975,101.65106536847999,0.44668376179759695,0.013008939315812339
C006,MockCompany_006,Retail,2023Q3,194.26659050087264,31.092377204027713,26.53555806025838,505.96750920073595,211.26392593051315,294.7035832702228,222.07859078876112,185.16128563023776,16.576098957244902,4.133814153314901,703.6227224987643,-0.01813397079006341,0.22405399983051066,0.22608539670174535,1.8647029276664386,1203.6564777948954,2.1534221717284363,100.1410002591607,0.12539402448581946,0.002242581255864025
C006,MockCompany_006,Retail,2023Q4,209.4733906153273,23.344035425296205,14.379905919010392,557.8452897737171,207.12385336259788,350.72143641111927,227.52263742440334,149.1960032642216,16.88711720428372,1.902185349542362,821.6882160313778,0.1677965900722043,0.13640630895340955,0.411857074015523,1.5990812009088435,1182.8476460024472,1.7087482948976565,99.68856644519452,0.5036148259761537,0.04224713689796002
C006,MockCompany_006,Retail,2024Q1,221.41077300540266,36.402860212940304,26.882349257412677,577.3996646137124,191.2954970442433,386.1041675694691,277.0006688610762,161.39556275345566,30.512333241481976,2.4887923960600036,920.8351425630666,0.12066246612438057,0.33694366674219317,-0.0719706320411328,1.7635374752659354,1171.0035255918935,1.9552812188998483,98.85420990218358,0.3652171145975074,0.0
C006,MockCompany_006,Retail,2024Q2,237.4302855720687,40.30461490833803,32.29107632596248,620.3348700670282,188.6021144630911,431.7327556039371,184.40715271637475,133.88932534541186,36.959188821827574,2.008011769016586,989.5023914182372,0.0745706214730697,0.30887952186267786,0.17683395345437994,1.800475229508093,1154.7217757023068,1.8819998660585362,97.12534552357067,0.3304960907752265,0.050477625461621316
C006,MockCompany_006,Retail,2024Q3,253.33384262489136,27.000411046541068,17.496294201032942,690.2411374015334,162.6916488834323,527.549488518101,256.81661386634545,168.914662689261,-0.6840046343151478,1.630360076686669,992.7838735706113,0.003316295322612489,0.3053276184539582,-0.4792154292742452,1.7493103840209805,1165.4250191102967,1.894338509021192,97.35372330727724,0.5193486651443026,0.03362244752394277
C006,MockCompany_006,Retail,2024Q4,274.0642727447977,20.205357506621976,11.10748858153126,725.6694943219273,178.18175752808364,547.4877367938437,303.8293310978605,312.07688238032097,10.252629083741521,2.1032700533361903,989.7251300469375,-0.003080976237731181,0.23076130752673868,-0.3059005459897549,1.8347544990148739,1159.440269519158,1.7602205737659076,97.96193932775448,0.022945068689271653,0.025508088228795675
C007,MockCompany_007,Bio,2021Q1,527.5636938872084,11.433862325316047,3.101023711185999,882.8496949172858,470.4952337847674,412.3544611325184,662.1372711879643,256.68523728362317,-6.2648347322959665,6.224710089736672,1283.616653818596,-0.11616866524965858,0.2637235224415998,-0.018299528116164844,1.9476829493090462,1202.583631559298,2.396320663063049,100.72645027481438,0.3209150557589912,0.07261725074720315
C007,MockCompany_007,Bio,2021Q2,529.5231929100017,45.97514440272683,27.35807195638586,895.7796092814572,471.8564150922679,423.92319418918925,671.8347069610929,281.5941063769887,5.4544224521469715,9.08396521404667,1188.4037265093996,-0.07417551573980444,0.09118052499262606,0.12364268703115558,2.2330815202148306,1195.367539891611,2.654597881557029,99.33099162737615,0.4453669530809835,0.07579151110591295
C007,MockCompany_007,Bio,2021Q3,523.1894978534336,6.862677806121484,-25.37404448940848,905.6861846889128,485.2764884413069,420.4096962476059,640.3640655371779,233.79782208841314,-14.615982118681695,5.0699193265849685,1280.4307462832573,0.07743750521900591,0.2500540457276923,-0.2890323711603265,2.256552662143174,1222.6973547524094,2.565955537266494,101.86557258058654,0.785092734160048,0.08646993420915483
C007,MockCompany_007,Bio,2021Q4,502.1805370033523,26.143785706912922,-3.3980976085529475,881.9049919398896,491.0963957530041,390.80859618688544,628.5812102997576,300.70729468953834,-14.127749510507208,7.384043816202232,1197.9008496930826,-0.06445479135028323,0.16175335537969404,0.34962082869257666,2.232194082241803,1248.5341101357378,2.479985771680284,102.24545963535698,0.4567737073103434,0.0864871053562974
C007,MockCompany_007,Bio,2022Q1,523.6877945701993,-1.6148748384188818,-14.893070171612731,979.1977088327567,479.8503563249808,499.3473525077759,694.3489892186449,314.2260519928356,-15.962612273714335,9.659850800113777,1245.032904274147,0.03934553898441608,0.11016343607142962,0.20548776197681082,2.218140293461353,1235.3828043895496,2.4996312866918564,102.35942416576371,0.31629428335241894,0.0989737395594225
C007,MockCompany_007,Bio,2022Q2,471.3774264846599,4.996878126805163,-18.684428404250976,899.1947238939256,497.9998181614984,401.1949057324272,674.3960429204442,279.24403262446134,-6.1624389042264385,11.502608627143424,1185.791513327996,-0.04758218898695593,0.18431965617239873,-0.06888445653757722,2.4559194305576093,1239.2366922801705,2.3978290471870056,102.57542141399993,0.31791785271677897,0.020556273440821803
C007,MockCompany_007,Bio,2022Q3,469.4301790858606,-20.54438364700144,-33.63003277095987,873.3507701127816,509.4151704507665,363.9355996620151,655.0130775845862,246.93584887353154,-13.720747069355033,9.337580367109952,1088.8418763759005,-0.08175942892355542,0.23742558263277258,0.0773917934089664,2.1479408430524756,1232.5033702428177,2.0318385150773777,102.94158925455176,0.6423793858071155,0.0732968453280288
C007,MockCompany_007,Bio,2022Q4,447.3458679445591,-14.131331836520381,-41.511556410096624,822.2951054584781,536.716621718235,285.5784837402431,616.7213290938586,264.6554456716341,-19.816106823810912,10.750138569391192,897.420579581103,-0.17580265872205786,0.21691091800386142,0.1591446635661908,2.1492481535667713,1226.4431162563337,2.2553171879424307,103.42455049677037,0.6799796313731346,0.09278095111422369
C007,MockCompany_007,Bio,2023Q1,446.7008434723019,17.52148365366441,3.5346210129928743,809.3721855844313,546.5833854947506,262.78880008968076,607.0291391883235,242.173200887662,-3.7260463981772176,8.002164497986795,919.851689877533,0.024995092386783064,0.28547696537954387,0.03324876086021979,2.0012927537976264,1221.8771491995144,2.015467218311238,102.31559972128434,0.8302688594603461,0.06054901770671309
C007,MockCompany_007,Bio,2023Q2,462.55720553247653,19.827091559331404,1.6910989388030875,911.8517798753794,565.5563237332477,346.2954561421317,683.8888349065346,299.3303227129207,-19.315768921369767,10.055258710672963,938.104254573222,0.019842943048916088,0.21018899805251887,-0.008932138542446549,1.9152970269618907,1195.3535313433795,1.9274105217755475,101.81845767551926,0.53570321247704,0.0488313976778995
C007,MockCompany_007,Bio,2023Q3,440.68227971454786,24.417207273378708,10.25685138172423,913.4415596271529,591.9514464950902,321.4901131320627,685.0811697203646,247.31294092721853,12.81060466506148,5.525648470595818,782.0945075010678,-0.16630320810465654,0.15070599326603812,-0.1544987827590434,1.7247535932815767,1196.0216889855371,2.009743627263558,101.10791404902119,0.28931541522826704,0.06250867339861586
C007,MockCompany_007,Bio,2023Q4,448.8647896140374,23.700512484140102,4.540035036123493,888.498465719139,571.1628295606212,317.3356361585178,604.349186434974,245.4081183195375,-4.073849875038373,5.316959518978005,933.3910672213807,0.19345048235120915,0.24391862992615287,0.2492322591845068,1.6647711843044686,1186.4758117098568,1.88424891569293,100.3810294650198,0.30632335340431266,0.045021377716724695
C007,MockCompany_007,Bio,2024Q1,446.11998279124464,10.780732700232026,-1.3845887985381948,894.3705554117095,597.0019955832319,297.3685598284776,670.7779165587821,281.282973773303,-17.013274779932498,12.33295109138161,963.1436327495018,0.03187577701669222,0.16526396533928916,0.20875489119738533,1.7539032877187961,1175.5879983400494,1.5750558911226755,99.00658681947361,0.7678517683772926,0.10229216164146684
C007,MockCompany_007,Bio,2024Q2,440.89043965005385,3.9554768054184977,-19.618093494454357,895.137500428049,582.2547465682707,312.8827538597783,654.7565277920216,260.14712941019155,-17.435747932732315,10.012237342737496,1127.2671728446128,0.17040401297840177,0.22218316249686776,0.180911846308473,1.9214020086075474,1157.0874987916102,1.8541393447716856,98.3833300186167,0.4416781076802956,0.037827313986590644
C007,MockCompany_007,Bio,2024Q3,435.89593497343105,0.047093534907450926,-10.682736491174005,856.5227041907223,618.4300482594886,238.0926559312337,642.3920281430417,278.9169659306124,-24.63305509830913,12.574897440875285,1094.167286898616,-0.029362946729363685,0.29325376719070556,-0.24886846236213694,1.9688096962737864,1153.9548205423728,1.7156485487279252,97.69831337710298,0.6790141424248372,0.08687861649737245
C007,MockCompany_007,Bio,2024Q4,438.30014357833693,30.530361867921044,6.465052420426814,873.3634054316474,621.6774279642465,251.6859774674009,655.0225540737356,246.65363563960923,38.33304146474367,6.376832682736728,914.1374361052544,-0.16453594706130442,0.16356150009161463,0.16167961850619533,1.739644738240515,1178.843084402057,1.7354366391001883,97.5345555618332,0.36283914065025213,0.08578186825303942
C008,MockCompany_008,IT,2021Q1,145.01600532072572,32.3623991091408,24.473525530279403,279.1618681185308,104.03494111922869,175.1269269993021,140.49420424323083,91.43577881284078,20.78092266396652,1.4857621910284884,645.345101496817,0.18458115191428143,0.4058013949575784,-0.12289703089212939,2.098819791064822,1200.1602670985242,2.715741073343659,100.22156694017549,0.2738899135399362,0.062347023788501155
C008,MockCompany_008,IT,2021Q2,151.96346794511257,29.358770304114206,24.03605483840524,297.5170008973482,109.89422702727938,187.62277387006884,129.20935292775764,81.87885558228308,15.881885664816954,2.621549017711208,722.9484673911904,0.12025095675845326,0.17693716334981452,0.14333341459662785,2.0581368135740603,1200.771565390702,2.124718021747664,100.49776897738812,0.6851579369296523,0.06324007644761395
C008,MockCompany_008,IT,2021Q3,138.30832657034634,31.60948302176315,23.900982234687145,282.68047292388815,106.60705841382234,176.0734145100658,81.34198805186418,62.52037692928598,31.131059685219054,1.0778598034297646,683.1025364362446,-0.055115866140131156,0.4213948713625808,0.22792193999131033,2.2128962141531408,1236.736290517874,2.6781918888032723,101.63187577425198,0.5074247908794978,0.0910984222888339
C008,MockCompany_008,IT,2021Q4,147.78430888032622,26.08629338990132,22.185594748834333,311.23040146737156,111.92115718842174,199.30924427894982,143.68919890161743,117.14938925408276,16.836817212635538,3.0633592356587203,637.5544974345718,-0.0666781874933412,0.21200649042760195,0.10433492969070551,2.351366742999982,1227.1706243934675,2.1478769079545437,102.11705718903539,0.5313896852638066,0.1092833954020592
C008,MockCompany_008,IT,2022Q1,170.58456741396103,44.73793078117129,40.372666153308145,369.7254961635235,107.73523159187673,261.9902645716468,145.25705130111731,120.32912334975802,42.57070777665177,1.3501226862468025,693.7769657970168,0.08818456867401314,0.2403555718129975,-0.143890864240077,2.375493279560292,1222.0415434281895,2.3362660518113834,103.11373617552847,0.356394653665662,0.0678323824789469
C008,MockCompany_008,IT,2022Q2,181.43169197046745,34.284427518191734,26.76764549955909,396.43376472086163,98.79742419481903,297.6363405260426,185.70170234564947,226.2207692439498,30.73307150181507,1.9208151172274268,689.2707037441968,-0.006495260400643549,0.1646471986336248,-0.04355104796658972,2.2054280370409987,1244.3233655027282,2.080433095085438,102.55609784915289,0.25336876244203277,0.08471758195537878
C008,MockCompany_008,IT,2022Q3,178.91765651206768,27.33801532371976,22.86692937917894,388.5335945188549,95.82839349762789,292.705201021227,209.0338781865893,258.01415592750635,14.074932916759087,2.120263395930999,760.9107756698371,0.1039360465147921,0.14040136490194868,-0.1216438394220505,2.133180244861081,1243.5877003989608,2.266933995430218,102.41112338130242,0.4424353094829969,0.01182250507636725
C008,MockCompany_008,IT,2022Q4,185.08802260959123,46.29821911841889,40.99189780748744,427.056249870832,89.97232384384989,337.0839260269821,211.0339012054457,215.059788615986,52.95392863889657,1.3172418859969615,753.1071900713874,-0.010255585606052331,0.121351845787338,0.07269304602555694,1.9348515427785316,1221.9392050506328,2.3700974654420466,102.37930820994366,0.4993308992244023,0.06675659492028743
C008,MockCompany_008,IT,2023Q1,198.11960738070832,59.750084644740134,57.43329579730468,471.88888150410844,88.91475696909298,382.97412453501545,179.17620652075698,130.67664794039848,50.44575190055677,2.1237486407921518,851.7061425728344,0.13092286702521153,0.2796750947857807,-0.10532665058606117,1.9910155168417625,1222.858630727746,1.9086057912565564,102.85719508542532,0.07364233069539922,0.022085063312044732
C008,MockCompany_008,IT,2023Q2,196.99083997266075,36.12142167512053,32.544002179808416,474.1475675547367,88.19887633891886,385.94869121581786,178.8932209874027,135.75186803674012,30.34412851221666,1.8488641696657087,854.0783635860447,0.0027852576077991155,0.04,0.053903286205378945,1.7886168438397962,1189.181187663696,1.956947618254055,100.66820642432386,0.46432238629380285,0.06299828432797812
C008,MockCompany_008,IT,2023Q3,201.80243201201432,41.66367133659657,34.52803703795553,490.43830761540517,93.1173575553326,397.32095006007256,174.5036657449774,122.25727619965089,31.99582348571623,1.2480264453918382,1064.574689405392,0.24646020177297345,0.19023328896228867,-0.4618748020813115,1.9561215358642263,1182.7552599301255,1.9522157968540625,100.81322840121031,0.2677890600132765,0.10079687835723258
C008,MockCompany_008,IT,2023Q4,220.03056028235886,53.38795796814933,42.97246248550464,535.1235108073804,91.71379584638956,443.40971496099087,293.5122605461314,227.54472404630863,40.79556060288007,2.0649444580572602,1103.7972298676962,0.03684338999663015,0.20087863140659212,0.3718936909407491,1.8063456244896405,1185.4422664835083,2.0277944208718637,100.3837692846076,0.43328601114191356,0.027213171006738528
C008,MockCompany_008,IT,2024Q1,247.3347660501383,57.96110685477018,55.43960130506168,598.1788727342865,98.35505054895364,499.8238221853329,272.3679685472548,209.99365544643527,45.908773070677405,1.9857361104378775,1440.877557208744,0.30538247263172713,0.13077257343185328,-0.2985974162864478,1.7337392912649474,1194.899438176679,1.8214330969123507,97.7104494843659,0.44216601843387116,0.0857809582016787
C008,MockCompany_008,IT,2024Q2,254.05298125682265,49.136394181988564,44.76468669677259,629.3775384500756,91.57292675787765,537.8046116921979,253.8244010588999,225.13097238632446,46.44218076797861,1.405194002859273,1474.6685483659744,0.023451674285697097,0.04,0.218100108693557,1.8175556282709031,1172.37723289094,1.8039735566211768,99.0042940248302,0.5652509266983402,0.10725310855741431
C008,MockCompany_008,IT,2024Q3,275.93171388377726,48.9793103086261,40.391003539138026,698.7346908715551,103.3537463593291,595.380944512226,323.617507272764,201.72985020549868,41.33321378522514,2.243433096605338,1736.3826332035324,0.1774731583768798,0.13473386816124538,-0.17882819137668923,1.8708998557840373,1165.5892755644977,2.071463652582591,99.0754993823483,0.5399456835754048,0.10430855857166296
C008,MockCompany_008,IT,2024Q4,290.4046844050603,71.22502138288866,55.519685993783064,755.4557401413714,100.59801202789613,654.8577281134752,441.673973603267,326.36443704966086,62.1787268940992,2.0502272871433607,1789.6907002546563,0.03070064514108474,0.29903069503349844,0.08246800537253084,1.8508576202032805,1178.0536360414367,1.8997602285902508,97.54080602666,0.06293303977566106,0.09595724822459548
C009,MockCompany_009,Retail,2021Q1,679.6658980154306,56.80159548198979,33.51911417842319,1968.9855862741601,722.5555639520175,1246.4300223221426,1476.73918970562,863.3863247103029,30.447564459762933,16.279779526499503,3483.1853147816323,0.0029174537674190835,0.15583802167907387,-0.03776217397655168,2.066173823969698,1184.0294729686382,2.299794810016636,100.65897674163503,0.5529610366313089,0.07165507049064204
C009,MockCompany_009,Retail,2021Q2,692.6757218618873,67.5268989926571,26.196780928521992,2097.686851329765,721.5002932868179,1376.1865580429471,1279.7246163917114,624.9827773045644,75.20925661700815,14.675653190715549,3552.564094975113,0.01991819955689903,0.12244811378091035,-0.23223780837499697,2.0320111312355422,1210.9426086669162,2.5526428717488616,100.05653646795335,0.5670588044046653,0.03108946302141754
C009,MockCompany_009,Retail,2021Q3,670.4759779118255,20.702435987135342,-16.933962834425863,2014.5622218424696,743.1933895758699,1271.3688322665998,1110.3018245303385,604.5559126069193,-11.853604918275199,18.81977133314276,3166.4283756895184,-0.10869211897732131,0.17220937331211747,-0.3191616169145071,2.3105673502367456,1215.4793079788617,2.5508346768313546,103.53664401849109,0.436615852580188,0.03796991349757255
C009,MockCompany_009,Retail,2021Q4,708.3366976899077,104.5221379075225,86.37970980599692,2170.5559016317234,812.5367993765024,1358.019102255221,1449.6571473791528,1007.9739490593948,85.66809868465782,20.129269083187737,3300.605416759625,0.04237488588096932,0.2796507844894266,-0.15769767522964723,2.201045856164732,1226.1949665530958,2.4531058534698498,101.74333132549435,0.12716912607165892,0.038529225470816005
C009,MockCompany_009,Retail,2022Q1,678.5517851677797,41.51352779325281,4.0590719214768685,2163.135555282167,844.8462260879675,1318.2893291941996,1381.8787788188274,697.971388434955,2.108575868388627,21.12298576490481,2831.435636579985,-0.1421465825018999,0.2668301595121785,0.3462869294053727,2.109375263100671,1231.140574392993,2.5821321464506743,101.20165841422634,0.38162969031321303,0.030594673525950605
C009,MockCompany_009,Retail,2022Q2,691.3091382815804,84.36001723849292,49.58853671861036,2229.8196569004517,863.1261071247411,1366.6935497757106,1427.3844046452325,666.5706572407837,34.46724572973806,10.387386475000454,3251.217010881883,0.14825743127572594,0.06123108024502438,0.09680177114151747,2.259349149371194,1200.5010580801038,2.355701559611163,102.87902603084453,0.2621932247040435,0.02573224038817238
C009,MockCompany_009,Retail,2022Q3,666.0385063366557,34.45618343224534,-1.0401541125806766,2143.663356288477,835.315196605832,1308.348159682645,1304.1380324797344,522.4695053549049,1.5333013413763652,14.779799231813538,3322.9159950533294,0.022052967836803376,0.1334781781866899,-0.436373370968674,2.096481194880634,1229.7908013504937,2.5009463627477317,101.95762485763768,0.6529266376496944,0.06400232116608877
C009,MockCompany_009,Retail,2022Q4,693.6794727463651,57.938480945315256,30.463205659444718,2177.0464208987437,874.5231954793439,1302.5232254193998,1423.144492191238,687.8151781883342,11.846910128881674,9.349276056486142,3104.1347696593893,-0.06584013129420949,0.15731843794536965,0.24532587533472516,2.1674312176228083,1219.6696228702065,2.11259752042238,103.32770472340354,0.26869941447110435,0.017648916903558954
C009,MockCompany_009,Retail,2023Q1,742.4534781154725,87.22753496022423,55.92690119345458,2523.968005756513,911.9489417124042,1612.0190640441087,1489.3351572480233,745.443984999152,77.2565035108288,13.431598338711563,3165.393891991857,0.019734685146801753,0.24008683460979727,0.27340154723716426,1.839698436789134,1237.0363125868648,2.178205653422297,102.88135786371478,0.4077152816307489,0.03736174979549096
C009,MockCompany_009,Retail,2023Q2,813.6586793456565,76.0786714499086,29.718643939716618,2842.425804501938,951.1777558930647,1891.248048608873,1724.1564157639189,851.4843154848791,53.9663641042948,9.590260876422034,3835.291102061259,0.2116315482140083,0.26994221431352516,-0.1714064196127979,1.8902340559647681,1204.26190711945,1.8936344587079161,101.25972380338617,0.2216710320637136,0.037717553820335245
C009,MockCompany_009,Retail,2023Q3,805.6923112274732,68.11784897360064,43.894454418110456,2797.3777174123975,895.89257556072,1901.4851418516773,1928.989097631096,931.9864975902524,66.23062690131748,15.516984483722364,3894.5437307509865,0.015449317173833934,0.25407830846455387,-0.2523932560990544,1.9488899661465786,1170.34333932573,1.961349675494149,99.74105353328456,0.35137598722731933,0.03209333386724086
C009,MockCompany_009,Retail,2023Q4,786.4882040980317,103.52095566707393,87.63337696380981,2749.6501256273946,934.1619709721657,1815.4881546552288,1775.2695229894057,814.1094414543479,82.10603010733345,13.437032498980434,4146.575419998303,0.06471404782472866,0.24643167718868828,0.205603265318877,1.9094715342130821,1205.5492557435587,1.6268407084791079,101.99134813779125,0.25031199916121044,0.00886843046503815
C009,MockCompany_009,Retail,2024Q1,797.6321416804789,117.55733475176405,75.50645574913396,2946.059108615458,945.3243960917383,2000.7347125237197,1877.4472481024181,1044.976012182611,22.66549432577797,8.029083929779704,4493.191881185719,0.08359101814855155,0.13732791568827038,0.7941396636011989,1.7055410763308236,1166.0620560360555,1.9714325164877813,99.93161967798848,0.18708896260812813,0.003565438125465753
C009,MockCompany_009,Retail,2024Q2,741.5971918632135,54.5725250808339,43.97190457526777,2570.329193502155,897.0090568752869,1673.320136626868,1501.6002159477785,897.1626501144716,40.031139890790705,11.050144171739957,4434.190540287151,-0.013131275596224401,0.26019069861701427,0.2897991437990238,1.819947433319037,1185.836254203131,1.8617430619132922,98.8321017974716,0.34971223999864187,0.04258667252041674
C009,MockCompany_009,Retail,2024Q3,727.5423167995829,81.52644155047076,73.82143781382275,2496.1819274818163,880.7622126882713,1615.419714793545,1323.8476229949204,622.619969935858,7.811869636084914,10.875563332731117,4642.581215219738,0.04699632842550143,0.15516409521645017,-0.33517644180413264,1.883104436685455,1166.7364582702646,1.8126610129606604,97.4636384866044,0.5031833433828699,0.021572575260847174
C009,MockCompany_009,Retail,2024Q4,699.8738060572696,81.42081668395743,49.5765255715014,2258.842029295595,909.7113240592512,1349.1307052363436,1694.1315219716962,744.5021057668017,42.43106237986782,8.683790016253909,4841.3882284948,0.04282251705652779,0.14224043682106308,0.07106023082401584,1.8974341982335654,1166.9318106309804,2.084192608349671,97.2849889997607,0.15905713568904012,0.018888605877932094
C010,MockCompany_010,Manufacturing,2021Q1,617.6596263530355,36.433082111390675,27.21773304262425,933.7377010956785,544.0561067371254,389.68159435855307,574.628248681836,325.1997251755759,13.45693384810858,13.077417667987945,2903.874499554414,-0.005000099819028853,0.23993072784567096,0.18325729319644543,2.0695740605355595,1214.1382182338061,2.708457837904633,99.39582446446639,0.5729291780618109,0.00575809997438953
C010,MockCompany_010,Manufacturing,2021Q2,621.0836559868229,86.59283360018709,75.01465498608331,912.7013991044664,551.4706841445854,361.23071495988097,582.1259193350954,351.4651397190383,23.403020557889164,7.771601029286701,3281.2600762219904,0.1299593273488521,0.15160416970425813,0.5533358057667239,2.1577435369750857,1207.916989331926,2.161705068232811,99.14299292277798,0.408326124946278,0.06070133913497958
C010,MockCompany_010,Manufacturing,2021Q3,666.0186669201826,62.193031755557186,32.970102516872856,985.4048619087064,602.3502559996698,383.0546059090366,589.0758283535412,309.1979617996853,66.66404017483481,12.337550290747325,4007.749899391878,0.22140574239587885,0.22297610756983258,0.47399296757852427,2.1750747932055883,1221.2740171203143,2.4195494966783295,101.71780178356951,0.4519964418163413,0.06959300902982499
C010,MockCompany_010,Manufacturing,2021Q4,686.8896563594411,64.56982359982648,49.49958215753316,1016.2611613098534,649.7643505771197,366.4968107327337,679.3360081063423,291.32499929515404,48.66291750875007,16.99856128877021,4048.23952036483,0.010102831261775018,0.0482387197940047,0.2686177921365448,2.28426810030804,1248.9803005418528,2.4472347715100793,104.18010426396165,0.4021892221731167,0.05349078012466406
C010,MockCompany_010,Manufacturing,2022Q1,757.9312540304779,76.54681617457649,48.45222937091345,1069.1912976844658,622.0262596077988,447.165038076667,784.304709052821,404.10708024333684,19.85782367711041,7.840195266881298,4556.811663384656,0.12562797741127565,0.2649920027291059,-0.2955960566207509,2.438675155506745,1229.7789022457846,2.3259328596552757,102.82440007460256,0.27078291359552087,0.04182389387158472
C010,MockCompany_010,Manufacturing,2022Q2,841.9367463768234,116.07614395792353,93.10554758685097,1196.0778765539005,670.7155868297305,525.3622897241701,722.3453022395238,446.4706987725093,39.638404850076334,14.716681602772086,4957.768139887489,0.08799057457753606,0.2449575965517441,0.1615076412893952,2.2193375902667842,1241.7015887129523,2.1259367172344046,103.25541217013344,0.5165481768327059,0.07058898680662583
C010,MockCompany_010,Manufacturing,2022Q3,870.061914503399,70.46450962591877,41.03455572777683,1236.6627573961755,720.7848809284297,515.8778764677458,778.342732064598,316.6177616680233,82.70891378403985,8.029873185938959,5203.169759400346,0.049498405852925934,0.22665269218217604,0.12613793134128998,2.248534493087577,1220.6145411691234,2.0892278535972553,102.9085519654116,0.7091707714373507,0.013866988375560788
C010,MockCompany_010,Manufacturing,2022Q4,974.3219669315979,88.4958977542947,77.2269502306944,1436.1012154904065,714.787355855075,721.3138596353315,753.5888886533268,397.1029039622384,63.46481690188644,7.624029341620843,6693.192305568856,0.28636823610772033,0.1131946651919451,-0.12611242053275595,2.152470722193195,1227.801013032211,1.9019492191370853,103.34445130615286,0.37311199882233026,0.059235244768705134
C010,MockCompany_010,Manufacturing,2023Q1,1118.2876854283293,90.74611037383485,23.454103165937656,1688.136295247637,689.1973777648635,998.9389174827735,965.0594450501263,474.079934621568,35.10747737337071,10.655903402108729,7458.061048227904,0.11427562629907766,0.26680157651821806,0.07294607595738217,2.084459288262293,1208.023801287914,2.1949551522464477,101.63812724391865,0.1559742710992436,0.014675649383995487
C010,MockCompany_010,Manufacturing,2023Q2,1197.4780792303557,176.07459869999732,152.42264229226143,1761.3198642536358,711.0293936401232,1050.2904706135128,1106.6225897099678,549.9388165468547,47.60617069722934,7.126842869911866,8336.044086483716,0.11772269395199289,0.2027186862084947,0.14442579168879766,1.9081794846284201,1219.5249892800675,2.2225365956713485,102.2429340838191,0.24107833959704605,0.04424264814097825
C010,MockCompany_010,Manufacturing,2023Q3,1233.5510286119743,100.4811609312172,66.45350834516582,1936.2012757730524,714.9668719007238,1221.2344038723286,1452.1509568297893,814.2281099097215,33.61179048035578,8.989977292788955,8843.418381429221,0.060865116556685986,0.2729825281375924,-0.007176307468430888,1.8642727909958987,1185.2939441624917,1.9273745494075003,100.34300619083959,0.616507977067643,0.040978732115836525
C010,MockCompany_010,Manufacturing,2023Q4,1265.6695497919022,118.53344252210061,98.78120333251448,1965.4201107877498,723.8479101351854,1241.5722006525643,1291.6425770837975,652.657572748704,104.22405364528149,9.479190040451877,9321.478215185476,0.05405826266912343,0.13604857677784657,-0.1359903538193097,1.783738312416437,1171.5473309652432,1.9392690286611955,99.88898475656137,0.21234365382496107,0.0052902786350432635
C010,MockCompany_010,Manufacturing,2024Q1,1386.2749730524201,82.04561949874036,29.851465244829715,2194.766003017717,698.9817382472288,1495.7842647704883,1083.3527803358609,651.7041729289854,8.678994383910961,11.579493680636482,8828.461356749238,-0.05289041577472886,0.12764538450923565,-0.16229727596405474,1.8360956068996805,1181.7752530759692,2.0000024316865637,99.18228289057268,0.29640424095997764,0.0009487292286836993
C010,MockCompany_010,Manufacturing,2024Q2,1456.5026363822599,229.95075681828655,172.07207273782387,2300.358845812424,689.4172324361389,1610.9416133762852,1625.2731458261721,921.4604634531958,161.79238160478684,8.140993567139327,8961.04706192256,0.015017985560073,0.24450857635449527,0.085368673407535,1.665372194778751,1157.6224688986329,1.86499268880556,97.42983238951899,0.5031324231503711,0.021291361553374542
C010,MockCompany_010,Manufacturing,2024Q3,1612.782874592953,221.194571307741,146.96953338332037,2639.324327427081,748.9478853701709,1890.37644205691,1637.1209140514209,1148.8764773189093,160.69594001656873,11.518687059070793,9255.372817342391,0.032845018376310646,0.13296723164050472,-0.004190914560460111,1.8454798258744491,1164.2983897463168,1.977862380694189,96.90944915852087,0.4423377931791932,0.0
C010,MockCompany_010,Manufacturing,2024Q4,1664.735282776164,232.94997509571257,164.97559297653945,2659.5549878503093,801.8857577700164,1857.669230080293,1450.0828655944376,761.1035694283017,174.00013327727405,6.986802401808679,9903.503304791078,0.07002748568207234,0.13862853562471497,-0.31295723308520373,1.8942359158278377,1184.556098584234,1.7515109678979477,97.96476811679962,0.48085230199426526,0.03964586443797289
C011,MockCompany_011,IT,2021Q1,441.25700477830196,113.70755344587597,91.16432745876695,771.6713974013047,310.7343582343936,460.9370391669111,170.077363889884,150.7770185513628,73.22156991488868,6.411040820044568,1022.0508932489502,-0.028052573499880128,0.04665473025879388,-0.2731782092942822,1.9298748140653443,1195.950842950726,2.566117305404598,99.12625413833044,0.4941640229180324,0.017251233828000707
C011,MockCompany_011,IT,2021Q2,418.2943084063759,103.28991302285984,91.71520071942724,764.0769593727415,309.08538972376846,454.99156964897304,155.56664132055982,193.64562857070217,85.2026017114492,3.511822925705245,1017.1784058846004,-0.004767362757113605,0.15336048930687463,0.15676167544782924,2.036049357607906,1206.6551737123882,2.8006626276924607,101.46041156876373,0.4163333093054899,0.06847692363230162
C011,MockCompany_011,IT,2021Q3,427.8273479928471,100.72461734590608,77.29932748190745,805.2688989196313,298.12883844958054,507.14006047005074,201.61433472233784,275.7681208387738,110.66615817011012,5.122635230561373,1069.4775839468807,0.051415934274379085,0.2869963696118772,0.2337832616720674,2.1440284377356047,1223.4614326566239,2.5896919581166853,103.27194196226178,0.3257418495438129,0.05325012257804444
C011,MockCompany_011,IT,2021Q4,420.49297669160217,96.09620805362078,72.98614317799412,801.0660451581252,293.10980720906406,507.9562379490612,212.2664302758333,246.13709448098427,62.57454209878588,5.822233084352508,1027.926377342898,-0.0388518723792594,0.20449645224713217,-0.05674434264368446,2.3238317500240617,1238.7381786391948,2.2151525813615303,102.01740294431357,0.31297643067326214,0.08219978427011469
C011,MockCompany_011,IT,2022Q1,445.80535008715685,101.93236927381668,89.11581230769266,861.56626411398,305.4102269942028,556.1560371197772,183.09762653245284,209.52285014170275,95.44291626108935,7.859509531246302,1076.9737384139803,0.04771485794329504,0.17238745062056818,-0.6592542197381818,2.1635768257964854,1214.4813199803014,2.336880338428348,103.34076026322481,0.2567807048633339,0.05688962767572393
C011,MockCompany_011,IT,2022Q2,439.8291714834373,74.2351900587003,68.30665677246873,851.3134067114802,314.6199011733684,536.6935055381118,251.8669204235212,317.27179645729063,31.54042316397157,7.475445609466234,1004.0961490788953,-0.0676688639060124,0.19933760928563304,-0.12837788443267492,2.145757596053025,1236.8266243241037,2.301971012031554,101.16233812705428,0.44378178958691983,0.06301947701970792
C011,MockCompany_011,IT,2022Q3,470.50206795892797,83.68415072853995,78.38985586000253,906.4101206036165,294.96784270529105,611.4422778983255,222.0834626765296,376.9124331915048,37.04050269259788,7.548126965571059,1010.0717426682298,0.00595121651927083,0.24670292362343588,0.15235588513531823,2.091664777155427,1228.488254423044,2.258636996031179,103.22907692163913,0.21441810656286875,0.06349428423592197
C011,MockCompany_011,IT,2022Q4,442.3504675202847,105.3183977091052,82.35325140675093,906.6825241718885,306.66968879968675,600.0128353722018,256.27716789918946,829.7859303991199,80.58807429782391,5.566515263006193,933.6109900137958,-0.0756983384689621,0.11153318542783057,0.04287756367164941,1.9350876245699733,1219.375926458649,2.1974611656280296,103.38784259216833,0.3672697051261714,0.09361039671350682
C011,MockCompany_011,IT,2023Q1,455.1940499509004,76.03005336710139,60.1765819191468,956.3576068584748,340.05277706790685,616.304829790568,334.03819288409596,731.931125061451,66.26759547591658,8.329663112331174,1000.3156672444071,0.07144804200476011,0.09765968222597869,0.15655731923263996,1.9963346467841212,1230.745274352266,2.0555477116408225,102.1731730828491,0.25229385648986713,0.07250424094983685
C011,MockCompany_011,IT,2023Q2,445.6432289104894,83.87126372611142,76.99528844763452,973.9315566381795,336.001063611147,637.9304930270325,275.4869478853856,595.8850747411994,26.568206682400458,3.6471499842194883,1039.3761510113575,0.039048157542659695,0.3169439334037844,-0.19785867890440184,1.8666419687474243,1228.0393539029255,2.2774782770688797,101.65652108337373,0.3854486423042301,0.04642100189076527
C011,MockCompany_011,IT,2023Q3,405.56554939862497,62.02414405942934,48.23329159286269,840.6862624810216,364.915230898497,475.7710315825246,303.3138210659432,643.5435133521115,79.9026819292749,5.660794403418298,988.6345399009198,-0.04881929517149689,0.09527239580896116,0.16977229225907245,1.7925781325265104,1202.5966590275882,1.9348728265240682,99.7117753804621,0.029374910587911807,0.06442944560606972
C011,MockCompany_011,IT,2023Q4,415.5249569465692,102.68644038038725,80.64838115435278,876.4345102004479,372.0221192277897,504.4123909726582,233.920643235471,421.81974654797165,68.31776026007974,5.560666009070913,1053.33447794024,0.06544373621197225,0.31526500784034106,0.012456000705312154,1.8531360230796248,1182.6760338862637,1.801653534984346,100.70768353622674,0.5005214436316496,0.09698289141080302
C011,MockCompany_011,IT,2024Q1,418.68768954155894,66.82518594849712,54.46455168669817,903.6415485506158,387.7564011190725,515.8851474315433,183.39518767794064,186.12749226411051,36.5353859958538,3.489423189900176,1168.281989146709,0.10912726547339929,0.22854050322466865,-0.037924909020942,1.7324431039759365,1180.6481952006648,1.816973419931115,100.20854115301601,0.4169691531867781,0.06849769380612172
C011,MockCompany_011,IT,2024Q2,402.02636364831,58.60623600954971,50.586680208804715,840.8368240736002,363.70863367450886,477.1281903990913,232.83442343306905,186.57502954395162,21.719174633864206,6.510959615014054,1152.8830969875685,-0.013180800784567195,0.2377000366276715,-0.32931684705154385,1.7801426162581084,1175.3663147761652,1.7429494522729392,98.40657698576554,0.4906284382624636,0.061626699068159825
C011,MockCompany_011,IT,2024Q3,389.20879089354287,83.8481435896391,67.44825261107694,848.8972267415892,355.32760933799767,493.5696174035915,281.2877266904519,418.59940178702874,55.53325093396971,3.3918271933259745,923.5418711798857,-0.19892843117133135,0.27414847308612333,0.006444372766701345,1.9112307368207924,1155.266538117739,1.8987975615747084,98.01119487722632,0.31826800953792067,0.08024378049058226
C011,MockCompany_011,IT,2024Q4,355.3540510405688,69.41045667157702,61.467092760120195,753.231775071888,369.3738323667862,383.85794270510183,266.6063571945662,256.58164533262294,77.43194749668703,3.7699663444397027,846.646287130981,-0.08326161103087337,0.15133060032767853,-0.4453423157645684,1.9766420304098087,1156.5215322648432,2.0204630662436633,97.35965559748783,0.4009462650070026,0.07465132109130472
C012,MockCompany_012,Finance,2021Q1,541.2200740057513,54.71715211427489,39.71043262635219,1162.9229979856061,510.9007782397012,652.022219745905,379.9973563192484,404.2048873080599,43.06804634328557,9.27686848358489,1787.3266106869862,0.03837647459201955,0.39342444288931566,-0.3339490719473246,2.162586961976827,1187.7162268596014,2.580481040009086,99.36027406216188,0.5687256211218664,0.036753387959153186
C012,MockCompany_012,Finance,2021Q2,528.3609388771201,66.26398568594021,52.21539627527849,1082.2843277578552,540.5779441804555,541.7063835773997,493.8381088780193,544.1390384195236,37.90975376970909,6.6902591459008836,1796.2138959868703,0.004972390186966588,0.14979382070311767,-0.21911595245647064,2.1618426029211735,1191.6784886946118,2.75933162099852,101.4747419574321,0.5078112329035613,0.03340323537188769
C012,MockCompany_012,Finance,2021Q3,532.7542080689249,68.33949692773652,36.29686787168754,1096.5395347058263,514.9433538441393,581.596180861687,372.689329180371,263.01486845447346,36.36306202250748,13.134138117207707,1581.369931269523,-0.1196093434069044,0.3331820846998617,0.019283517628634044,2.3411077387931587,1222.1986626849705,2.3682421906090565,102.60405534122525,0.2528884691447574,0.028150205877574927
C012,MockCompany_012,Finance,2021Q4,522.5085755942126,79.87531914107272,53.25977640216085,1106.9207907718746,531.6258314817251,575.2949592901496,378.9397760510438,242.63739573552985,63.29716653410273,11.508465719654597,1560.507228918824,-0.013192803238613673,0.23219526026748172,-0.10275068034011049,2.11482515114642,1246.5286262624159,2.397133163467933,103.36184731763095,0.39721194583843816,0.03077893536992585
C012,MockCompany_012,Finance,2022Q1,514.6864324263687,61.71667446535502,32.05747398852079,1056.2228543512367,592.0589676936048,464.1638866576319,292.77251801304254,236.946696767278,1.4065729478916325,13.602563176332078,1443.7084756566196,-0.07484665953334074,0.2449232923695716,0.06038986016584402,2.123337199365344,1234.132453982798,2.224021007099326,101.34196012886424,0.3158211694527592,0.008745697007982244
C012,MockCompany_012,Finance,2022Q2,537.9538673158024,68.8459760698908,41.73927843701198,1155.1812143878099,577.9936539268859,577.1875604609239,352.3588482300048,338.3244396033584,87.1829528301017,15.496877009546415,1570.5390407711811,0.08785053717778939,0.12867764362623713,-0.15450695693249744,2.248746292505821,1220.2866529328007,2.37448498315647,105.0708971563459,0.2329889366889425,0.048059005345861716
C012,MockCompany_012,Finance,2022Q3,518.7345413689837,61.88557989125452,45.147557875764086,1098.3689117972506,561.7900918862105,536.5788199110401,464.05724813983426,388.61527349510123,46.9305944124954,6.957659169807471,1492.4660963328433,-0.04971092243590557,0.25571295126582155,0.25117601310826293,2.1502957398981595,1229.6825463241728,2.3142999051800284,102.8555374599931,0.49232242674793747,0.032480552101350334
C012,MockCompany_012,Finance,2022Q4,513.8253964587573,39.607704757619636,15.849144491220391,1101.2973254042759,557.6832584416156,543.6140669626602,354.53328531776333,241.34212001186842,16.83985788675291,10.84403923336195,1261.9211985510228,-0.1544724522374714,0.13939106203662022,-0.37303461495522194,2.194706455931683,1228.0495340416292,2.2324703094075478,102.95356259314495,0.4478764062976995,0.10499243054593274
C012,MockCompany_012,Finance,2023Q1,535.9986668096336,49.82872983615137,23.1620616486621,1152.3211995699614,552.197754778118,600.1234447918434,397.61808458120976,519.8091384877555,9.418119138658163,10.956488684980355,1271.2873523426724,0.00742213840484178,0.2607508167064595,0.07835981917487382,1.9560721606510634,1196.0034467363705,2.1893485568729605,101.68390111155085,0.4385480859479585,0.03337385818202977
C012,MockCompany_012,Finance,2023Q2,544.4176774408558,47.61154337994035,29.374493188193583,1219.6413115028538,534.62899580824,685.0123156946138,351.80605093021376,293.6930665171743,-2.176978588958619,6.95358029475663,1345.1468770464508,0.05809821404080924,0.05180616680088365,-0.21597976305406083,1.9829495836551283,1216.0355906433329,2.0470603826841924,102.36134716905276,0.5527522059290161,0.08062197544517788
C012,MockCompany_012,Finance,2023Q3,519.1254058997769,44.71972340999091,20.9054271989427,1121.1287293620624,538.0711312441852,583.0575981178772,255.83839161519657,312.3651533825674,27.71015723492242,11.000908325832443,1237.3531940187788,-0.08013525130010739,0.1401000300815266,-0.027116680355283106,1.713546866695261,1189.3774228504058,1.9259931130203793,102.26686974060833,0.395166975065104,0.05957290516154405
C012,MockCompany_012,Finance,2023Q4,518.2713318847443,58.14963199143689,31.969380041375224,1169.1321579858413,526.4485813859332,642.6835765999082,416.1413315365354,368.68093403615524,42.78379431492642,9.036313050395954,1344.416424700076,0.08652600663967937,0.2985583522612018,0.014345536076225716,1.5520877467998768,1172.4741692082541,1.9003586038069888,99.91711604043904,0.3183921531384856,0.026773658198794598
C012,MockCompany_012,Finance,2024Q1,477.80719151404054,32.95586393589969,19.911706888938383,1139.7375685838258,541.7631956405664,597.9743729432594,464.12085543397393,442.7016434007774,34.53285028021852,11.043483949977512,1023.8271408766532,-0.23845980897990196,0.19296580724640822,0.15746920240362,1.7304929970516332,1183.7627909911446,1.8881541227781713,99.33906420508913,0.6275694850765631,0.03714997662513039
C012,MockCompany_012,Finance,2024Q2,448.01186301165734,55.340228167824904,46.58416903085457,1083.192129573052,499.17639618845556,584.0157333845964,291.41352204966967,268.4654668744017,50.99488849607142,5.455025598509499,832.0132644676124,-0.1873498647875265,0.2571290998842641,-0.23036732158941448,1.5924021726931372,1166.356667262108,2.262980233338055,99.06740084930982,0.5964101452906445,0.0
C012,MockCompany_012,Finance,2024Q3,450.8472703923303,46.63973879726469,26.46886998835616,1059.3267723217816,516.6912210172143,542.6355513045673,287.19478900662364,246.9891065101883,23.431084806295328,10.998739645038091,801.9499403100671,-0.03613322700664188,0.31252924269205157,0.0935763533470909,1.7547789989012466,1170.0450275379544,2.121875147172867,97.98162694296916,0.5353674339491212,0.01610883208937019
C012,MockCompany_012,Finance,2024Q4,424.6499149674018,25.60328824843271,16.383593424448218,1028.307435054311,483.1450814174641,545.162353636847,258.6348257552846,168.9739670273205,19.262579487563297,11.531500313921805,785.2615753394017,-0.02080973403927556,0.25300209038250243,-0.37329515073826847,1.9346375926698018,1154.6646044893948,1.850763438519491,97.05927578887194,0.31534104801507645,0.0
C013,MockCompany_013,Finance,2021Q1,310.1988285208038,50.923721891526064,45.14832801853755,628.6812721567093,314.8063644636666,313.87490769304264,471.5109541175319,162.80338776572952,64.81869023492676,3.102198736228951,613.1296208338482,-0.19839793882163048,0.13955674250075772,-0.19462707348509634,1.8943661482524472,1173.1568940152877,2.513383692221685,99.74690766147084,0.4636438790060417,0.04378274189969795
C013,MockCompany_013,Finance,2021Q2,313.8628844663601,49.84148194024971,40.54928983912656,626.592328729079,330.59430437499594,295.99802435408304,469.94424654680927,176.5736915337587,39.233573322990324,7.999221376609641,622.0545988709505,0.014556429397367007,0.1967924070316451,-0.17665384281275828,2.1852893050799875,1216.2096561967965,2.5704167848797312,101.80531238064196,0.7216047682383409,0.03334518418278097
C013,MockCompany_013,Finance,2021Q3,325.62884785025454,43.76567538645723,32.72780306698381,666.0659567580609,328.0302590178451,338.0356977402158,499.54946756854565,201.9955381539194,30.934481951519363,8.61544557572398,626.6619896246774,0.007406730473642417,0.1172223207452204,-0.3883339239700124,2.1467205609965263,1221.9544884686427,2.206731835882756,101.01460829980056,0.38291040046308583,0.04086488952233593
C013,MockCompany_013,Finance,2021Q4,317.14393121825475,57.86872031101132,50.754649448206756,648.2267649273459,311.34939646364757,336.87736846369836,486.1700736955095,193.03130506712992,22.857655160940396,5.499445642920612,679.5966995848928,0.0844709122886473,0.127355005413668,0.10042517823718583,2.3690731921660717,1221.43142404802,2.500506192549328,102.51809615886005,0.19488332907054345,0.02737694572652095
C013,MockCompany_013,Finance,2022Q1,309.5450210711161,41.380137679453945,34.796289972973,644.4924545744456,350.872581816694,293.6198727577516,483.36934093083414,186.1097537416685,22.014095338719077,5.2827799128055775,603.3351030087597,-0.1122159607642515,0.29330306452259897,0.12967571672838396,2.1946670344261543,1241.2405743309932,2.287287580977522,103.53879706978869,0.41186754265826375,0.05217384169427042
C013,MockCompany_013,Finance,2022Q2,320.3950710853744,46.51570932554073,34.12690077571061,647.298323458017,329.94409574316353,317.35422771485344,485.4737425935127,199.5432691372492,47.291502714244814,9.448970010250658,632.8244853428341,0.04887728591791616,0.21571156840081507,-0.28896880243929474,2.365150747375945,1236.890742747562,2.2934067712076365,104.17668492777443,0.28551423057368336,0.049681441543621016
C013,MockCompany_013,Finance,2022Q3,316.3199905130823,41.80330036622167,29.884073446791366,644.9294931291614,311.16189282581524,333.76760030334617,483.69711984687103,183.44266500167322,39.50872594549166,5.258026132779973,611.9302953120097,-0.03301735396585509,0.20488118843313644,0.2339094380191806,2.216461991791932,1223.130524000644,2.2490073785406293,104.72824742936533,0.33511823971609234,0.044977580132456334
C013,MockCompany_013,Finance,2022Q4,323.9112323282799,57.339540864609255,53.86707560277578,654.2399393202,306.0524935239133,348.18744579628674,490.67995449015007,176.63515454969107,71.33216005059967,7.106561683070233,628.943676364234,0.02780280888618126,0.04,-0.04516751420452649,2.0404190134242626,1232.1731545440232,2.1939734251645313,103.4205458830209,0.32640232507273004,0.030992676429424524
C013,MockCompany_013,Finance,2023Q1,312.34104505689913,44.530187917111746,32.42237493637705,638.9408397860512,304.9719284683527,333.96891131769854,479.20562983953846,179.53358631015828,21.651252677568298,6.461436723762273,574.3196877054195,-0.08685036627537476,0.2603714893738087,0.5995323005821536,2.0986796061092865,1201.4149623501469,1.9306552215278086,100.1756844400395,0.3592415519284214,0.015866112121992394
C013,MockCompany_013,Finance,2023Q2,321.4648932505816,55.191158350981986,43.63223258035695,649.0792063404858,337.7626981161937,311.31650822429214,486.80940475536437,169.73548342536495,12.792524245900552,3.2407357804148345,678.9671426153518,0.18221115721808276,0.20238670297013106,0.20346666371076857,1.7945726725135498,1211.5626590377624,1.7154468241894012,102.05958662832585,0.44397122039284725,0.018930410758981896
C013,MockCompany_013,Finance,2023Q3,333.37789256309327,43.9037020834805,37.47743998990153,660.1518053253922,348.8533497585832,311.29845556680897,495.1138539940441,186.69114168236428,46.09693452034881,4.6424837752996195,691.400268181204,0.01831182215675457,0.12182030150945149,0.26070347465991545,1.8545691606081651,1183.6265556608873,1.8282861960117744,101.74344271311291,0.2494986745573234,0.04374429544287649
C013,MockCompany_013,Finance,2023Q4,332.8473114694789,40.306605308404805,34.117819403291314,661.5217225919939,359.0594703623763,302.4622522296176,496.14129194399544,163.79077229667243,11.443670384382397,5.240875525960653,813.9926771735757,0.17731032895729562,0.1907040572512197,-0.37126664602696624,1.7563941961575462,1169.8219065420678,1.7851286959051398,101.10250432444145,0.31306689636874846,0.07136295102397593
C013,MockCompany_013,Finance,2024Q1,334.9727034974934,68.08437740318539,63.551347304916355,646.0073917506494,374.018821833146,271.9885699175034,484.50554381298707,185.0870228533767,26.641136304727297,4.50651876455712,754.9433085334837,-0.07254287451961969,0.19247031483457452,0.15130257796288035,1.7810444154967016,1163.4456393500723,1.7507162051129905,98.70307222083339,0.5542430536420707,0.0501763358692638
C013,MockCompany_013,Finance,2024Q2,337.9279571597811,56.8389667410306,38.983923289654605,659.7019881197332,353.1297039503509,306.57228416938227,494.7764910897999,185.52676991854864,25.483057026788238,7.357945981563445,740.1431459758095,-0.0196043363658978,0.14179410545428847,0.5372802639945493,1.7850288636693372,1158.530155412839,1.6914185639951311,97.96560619065846,0.518704609925754,0.05554843002771692
C013,MockCompany_013,Finance,2024Q3,338.76937487750604,33.551040553086615,20.181715454638198,628.5738872099749,367.9719131960285,260.60197401394646,471.4304154074812,156.02532425853852,14.112786406312654,3.194665727304718,799.4372927306999,0.08011172849100241,0.28977024158679254,-0.057844824734573835,1.8882864758693765,1152.9967692172322,2.0638696882092624,97.05508638766682,0.40456754417698904,0.042515370169113414
C013,MockCompany_013,Finance,2024Q4,355.30187170571133,61.511996961444,42.7940869332894,675.7653859942865,433.67377890924337,242.0916070850431,506.8240394957148,202.585944310993,29.937287908800997,7.627408465443661,977.917247736481,0.22325697916359805,0.14653002533603732,0.30436957238073037,1.974456231072575,1164.840733082655,1.8947914381708422,98.37282503087116,0.6193329271140531,0.05261619580551619
C014,MockCompany_014,Bio,2021Q1,133.40530323199891,25.76250313102693,18.509070503622763,267.5221108083996,74.82228122227642,192.69982958612317,69.18636873329726,94.54897997304873,15.995181936888379,1.7864862816453078,170.26604823908298,0.0025453529672036374,0.27848582389534665,-0.4334646087270064,2.0512628107402113,1200.3736182353398,2.422721253697104,99.16112668413793,0.5176361295399734,0.10777841415897838
C014,MockCompany_014,Bio,2021Q2,149.1018157956898,24.132083993826285,21.44688870845612,310.9675426386138,75.25582796143415,235.71171467717966,55.97415767495048,98.29828950157571,18.224376499267258,0.9115199417708894,211.56064872008892,0.2425298578787779,0.16904827594789978,0.2764314419701433,2.0677981585512626,1214.9535675969812,2.7069824103263795,100.47209720593182,0.314075204661988,0.060542869565894844
C014,MockCompany_014,Bio,2021Q3,156.71857936830042,26.79542630770562,19.424380230484743,328.7463295339562,77.94188676430441,250.8044427696518,80.44016932105308,180.0992206957807,24.693170416478974,1.3131782681817532,226.44724207273313,0.07036560647126922,0.2360869826963058,-0.04072733952831517,2.1026622942692597,1238.544329238397,2.126272709037281,102.2607900002999,0.25107534557400957,0.11193923624688529
C014,MockCompany_014,Bio,2021Q4,163.66993331641754,30.393267770473393,21.23909216694106,349.9317602017138,69.86450545554382,280.06725474616997,107.12812154897497,126.09563366242406,15.828621155887028,1.6583214421782302,248.92578624145096,0.09926614236042611,0.19770573698601607,0.021590126562301887,2.21795442292772,1224.1310459139509,2.6205124590591384,101.69003780834629,0.4419566314656179,0.05644798007013748
C014,MockCompany_014,Bio,2022Q1,163.586223615443,30.985897415765606,27.127910165854946,358.207237852156,72.898055553909,285.30918229824704,64.47730281338808,49.62341820209667,13.749317200451232,1.4325375015825288,274.95795878777676,0.10457804689255984,0.24618661934277442,-0.17714387881469942,2.174078493909242,1270.3032039791847,2.281727190486664,102.80958306879143,0.3727384767229284,0.05822696473387851
C014,MockCompany_014,Bio,2022Q2,175.0241274060429,29.469143609919055,22.46249873094818,362.60045561147035,75.5078936388677,287.09256197260265,116.59938345473304,147.55672460371522,4.892618471560537,1.2078173897551856,260.68217139570424,-0.05191989151727418,0.11782155226498726,-0.16950252209499433,2.2296475224268435,1231.8408114122851,2.0045712508524827,103.86713654990405,0.47659086063373335,0.06093472623907708
C014,MockCompany_014,Bio,2022Q3,184.78811455169014,30.3915280568249,19.13328801515821,384.50570794833186,76.12242708311749,308.3832808652144,130.319620302522,288.6812510126259,9.052714124869304,1.5809438399672755,326.1212964926828,0.25103030539685345,0.27005244254826405,-0.46281255339494237,2.133036482195671,1255.2817201238338,2.277627395162003,103.24036475495932,0.12293575600400364,0.06669135816606285
C014,MockCompany_014,Bio,2022Q4,202.89963640632047,32.691064333986766,27.64315402970087,433.0850946397479,71.06410107112032,362.0209935686276,176.6113865619362,199.4018935287549,23.41524806714957,1.0702120636568464,346.4647948177366,0.06238015898943371,0.10704798227201504,0.08440747381251151,2.0459518205731824,1209.4154193639188,2.4293282161702514,102.97792421166311,0.3598974952877369,0.058389704519220494
C014,MockCompany_014,Bio,2023Q1,211.01383808380794,50.53529023319216,40.44558850262379,457.91581073373754,71.93294492587395,385.9828658078636,82.42484593207276,68.84842315296254,30.845313448734693,0.9455160002427041,347.7010577770668,0.0035682210077954968,0.18681244947361883,-0.21546421262811027,1.9042809287122826,1200.8053866954833,2.047076022137902,101.8929716550241,0.535399772414509,0.0777852336862669
C014,MockCompany_014,Bio,2023Q2,211.68595742630262,34.07956309130564,29.482097267617846,444.8513892318239,72.33309274578136,372.5182964860425,80.07325006172829,96.84492852554725,20.70928368167033,0.7245343473880015,365.02547277021773,0.04982560336143331,0.35263587946775055,0.22940728355083725,1.918734171310758,1221.237410047355,2.153590426581895,102.23158457611096,0.2865628616266246,0.09045175233186216
C014,MockCompany_014,Bio,2023Q3,227.0148825131321,33.968393855281306,28.477379491073275,481.77109256058304,78.4827290241585,403.2883635364245,135.17286788945066,208.6169553079303,8.189032015406063,1.4211493953715664,425.9787721186038,0.1669836871542276,0.2471880197052218,0.6757432996771842,1.6989862656974035,1181.7804500551852,1.9695711143698398,99.11528846834473,0.2567246014093393,0.06330513565812043
C014,MockCompany_014,Bio,2023Q4,256.2062390878118,41.95265052045519,32.01342080029317,543.9868933259138,89.18254536652968,454.80434795938413,116.78061922323906,127.68607564705455,15.296147096725011,1.6943126218881106,513.6772729165499,0.2058752842583632,0.1457320096927085,0.2002050978482342,1.7160387995725637,1185.0006677129825,1.93374774765058,99.95350665766605,0.3886543581914833,0.057084380950631536
C014,MockCompany_014,Bio,2024Q1,280.7570182008427,54.28955642534612,39.078823331023266,584.4114757221862,92.42716787155834,491.98430785062783,148.68413307329632,116.15991656531686,28.928315033081056,1.3356665409354556,526.1260960148287,0.02423471653241918,0.22587720407604883,-0.3347805141058137,1.8116119851692938,1178.1835773574755,1.885857433272737,99.11729666875938,0.27822072578633505,0.016190854428642883
C014,MockCompany_014,Bio,2024Q2,283.252446454159,60.39875075628742,43.78236928067962,577.7765219954526,89.57540823937076,488.2011137560819,189.7869553219956,245.04011224307698,68.09297198713287,0.9002047853738722,505.8839622367794,-0.03847392085542696,0.20730350177403636,0.25212282071247594,1.7983700444002089,1161.4819141504483,1.628846101782031,99.24279538370102,0.47136762325784,0.0660096833119832
C014,MockCompany_014,Bio,2024Q3,302.337273644693,56.82802580488913,47.04440727685668,625.7543781305382,87.76526866925897,537.9891094612792,246.89407394348424,231.33558506341953,39.51320753260571,0.9430276457093825,480.7291615409176,-0.049724447844994316,0.19938189751154548,0.10898779897926326,1.819070870063707,1144.1707923513213,1.713803410548442,97.984279895336,0.21281674298091166,0.07751786354544321
C014,MockCompany_014,Bio,2024Q4,296.78384205427665,44.9633852598984,30.084929524559968,614.8146045843678,94.53561482682358,520.2789897575442,178.89176977364306,281.5686967160108,26.31610318325402,1.5833188412355443,446.92367646489566,-0.07032126981367767,0.2286682120811229,0.46987205924536085,1.8416195259472383,1174.7243382060813,2.07147944015049,97.48682588797031,0.593538076695933,0.07899278747260267
C015,MockCompany_015,IT,2021Q1,657.1755424975942,138.4110228337854,103.09981734553494,707.983487009435,313.7819904830468,394.20149652638815,288.21260832261,229.47647082404146,178.21890559381728,7.059660163127463,1619.4685323182946,-0.08670020945110894,0.04,-0.08893515219663223,1.981802589791413,1206.0144999253705,2.567715519750969,97.54157578334296,0.4641418288821675,0.06117259171455486
C015,MockCompany_015,IT,2021Q2,660.0581199195094,135.87007145664083,113.53845928478499,714.3473447402217,331.80117396557887,382.54617077464286,361.35354587092576,299.49156365763974,92.2094886007063,4.187461304428398,1698.0511007361258,0.0485236772741357,0.2605694694939556,0.23415895585386826,2.161448855359701,1213.2365524989086,2.7323292581380536,100.6093551906701,0.2960507481999039,0.07825768280443866
C015,MockCompany_015,IT,2021Q3,645.249056286205,133.98501157539687,108.24528675969115,733.260202463325,318.22967037493737,415.0305320883876,254.88906206143548,217.67954826722803,70.73222657535173,6.759304292853098,1565.1306881184885,-0.07827821704542036,0.1559346466132965,0.44212166786872525,2.273781203717838,1244.3284510267342,2.6185446405469244,101.65781375740896,0.0,0.044931549696285336
C015,MockCompany_015,IT,2021Q4,633.5462844791036,137.95725290810267,121.61364169105669,744.6079204921315,313.09346200975983,431.51445848237165,223.01945422677497,315.6405049958517,147.37500135077636,8.78930824478337,1390.993867724378,-0.11126024281298054,0.2250589221899774,-0.26090937147146565,2.4515128682245706,1236.542069350176,2.2901933617049544,102.23439170970039,0.0,0.04390220563526336
C015,MockCompany_015,IT,2022Q1,649.3407822953271,121.73532518364975,97.50889904492556,753.5263981405121,320.50857505750344,433.0178230830087,273.74079038969495,300.68789345498965,130.38883929367984,4.406337687162416,1404.1744160086387,0.009475633638718742,0.2116394437628248,-0.017639158601939355,2.2121446289426627,1226.7524326932523,2.6170345089502267,102.23863469139205,0.2198613594105089,0.07176240572552911
C015,MockCompany_015,IT,2022Q2,655.4147837259524,107.37435144865775,66.9622205209766,786.0873247500473,355.0091593279419,431.07816542210537,250.93435636337844,495.57055360015954,107.07610143280112,7.712597627490762,1450.373565035692,0.03290128954092056,0.2220378088774227,0.3417429520067903,2.17764341632183,1223.5000724938707,2.0669477272983654,102.68282334628547,0.4073086361693749,0.08997282318977555
C015,MockCompany_015,IT,2022Q3,622.5418733642248,103.58526103190195,95.34264927300481,719.1374465288802,356.8728797090429,362.26456681983734,240.72804569990538,169.13033452982316,54.73069774445847,6.823389945211419,1259.4650696631738,-0.13162712005704558,0.19031772673760194,0.13631976792782602,2.0937007757895674,1218.6806856683065,2.4668751090373693,103.04989037469711,0.4574293609569013,0.06765270433704088
C015,MockCompany_015,IT,2022Q4,554.2964383083944,109.49139773172185,84.57801587292998,639.973749390405,347.8306800072853,292.1430693831197,272.83224004839445,217.7170313834373,103.6509343522966,8.885570235567545,962.7271875154744,-0.2356062818217403,0.15331812969671677,0.49156850172302535,2.170076939884913,1225.4038775677368,2.25654094830033,102.33601051360573,0.5031614026115032,0.06104976735272444
C015,MockCompany_015,IT,2023Q1,542.3586892285031,95.2697721630549,82.3450642363404,612.2843869985393,358.69780887146413,253.58657812707514,218.0036924902516,196.83898889620951,67.96905440088655,7.710807282540534,754.1495031028862,-0.21665294916088115,0.16893328774938832,0.07490627579421039,2.0083969209145893,1217.8620488665395,1.6425065274618937,101.54026191911628,0.28256843408624244,0.09249564580320709
C015,MockCompany_015,IT,2023Q2,529.2152982037392,98.11470876449701,85.64006116693056,580.9712047642113,345.23473407877214,235.73647068543914,140.76825235467487,103.26778137149657,86.7729693040128,6.4657874974614185,639.3530198721764,-0.15221979562194116,0.3427958498304111,-0.09893579856866003,1.954430503473858,1204.3661448602327,1.9395381687454873,101.52974507981662,0.43097019544443116,0.09135961651695931
C015,MockCompany_015,IT,2023Q3,527.1311470171568,128.81096935521617,107.65549878515466,602.9635309151304,324.55326881897764,278.41026209615274,307.66190621984464,257.1262756108836,69.65329803261682,7.024651002975813,626.2227346198167,-0.020536831522254825,0.25231582567383526,-0.05206807722715249,1.7318409957093321,1186.7742289972061,1.9464755007487045,103.12786665891484,0.47713936557540804,0.04874939580719262
C015,MockCompany_015,IT,2023Q4,549.4657615549856,87.02569635017562,76.58896606856533,610.6809957192023,329.61485581418475,281.06613990501756,330.1803134922311,255.6849149867105,77.80064472862165,3.40594618866147,696.1882762941038,0.11172628811817822,0.1923029213657441,0.3244206932189547,1.6576208917046125,1181.5979584628367,1.8812290175721251,99.717499052359,0.23861998087208294,0.07875531244646317
C015,MockCompany_015,IT,2024Q1,553.9380769601775,103.93980538155517,85.26150828949388,657.9774142555544,324.59426555685604,333.3831486986984,221.54378056815915,196.04118148921526,75.97403556372477,5.630691048459852,711.0066814614627,0.021285054161266654,0.1968190214857461,0.05115460071164507,1.818652724833269,1168.1423490057448,1.7895897906551843,99.17104270263195,0.0,0.11702190767519624
C015,MockCompany_015,IT,2024Q2,524.7952717825594,125.73043665877522,106.53592543089304,621.0064594067427,325.4779707636748,295.5284886430679,301.11808936829965,446.7126151603907,124.6989413506591,6.002323695554104,610.656125647041,-0.14113869592357808,0.13507199590463143,-0.35422176994934496,1.767353270987197,1174.4519638888873,1.6453394121417053,97.99750765232238,0.2520388918235402,0.019632137976664632
C015,MockCompany_015,IT,2024Q3,488.51441319415295,65.64493859777603,55.00367907186749,601.0955429276984,340.62266192910806,260.4728809985903,194.25908245677314,168.5287445348305,22.11230979919282,3.038572577629323,674.8099367233673,0.10505718092707246,0.059039981039711004,-0.021899190656089855,1.760744242630505,1179.441622700495,1.9327783699903869,97.87956665181424,0.5686873843792277,0.03335271262416155
C015,MockCompany_015,IT,2024Q4,493.7756520565726,104.41364897771821,91.8914704535618,597.3607362700243,340.0675038610084,257.2932324090159,331.21086195601873,282.9743126246848,60.2180697287237,7.244466443678073,612.108025385327,-0.09291788387482564,0.10407916859879907,-0.22775952463100876,1.8786463314289685,1160.0891884159785,1.8793107666230562,95.99219343938267,0.3219589993486977,0.09342422488973004
C016,MockCompany_016,Bio,2021Q1,345.89925909327195,33.68875912729798,20.91053862589169,370.7832135150031,198.305955510361,172.47725800464212,278.08741013625234,105.305970174836,3.940521366941237,3.756351231639037,666.1723170357409,-0.0035438024766661844,0.04729759730305802,0.01888772472116765,2.035308695402396,1195.8147278255844,2.583908938365304,101.27418276481565,0.3718356877670156,0.07457321883847395
C016,MockCompany_016,Bio,2021Q2,351.77835692778234,18.573309281214698,-0.8591485678595498,368.6872973082262,213.34322693535648,155.34407037286974,276.51547298116964,134.56869989271223,-3.8638074385767904,5.595949186301789,734.6729363416603,0.1028271778249893,0.18687878454331866,0.24297407910054805,2.265853809393429,1226.3389729421822,2.6568784853362235,100.07586685230935,0.5728744164789065,0.03712363477406052
C016,MockCompany_016,Bio,2021Q3,393.31992379591577,36.61778383969644,24.13157361256855,421.8443426040686,212.4275708767655,209.4167717273031,316.38325695305144,124.00906873613559,32.71762225234168,4.09106105538085,739.5661804722183,0.006660438800052029,0.2435255454993909,-0.12807393075952167,2.06612568084628,1235.1136615492328,2.686551523418896,101.88083002440027,0.3120624412409792,0.05107725318087339
C016,MockCompany_016,Bio,2021Q4,409.7760396433965,35.103436370662486,23.062818802597274,420.65485214585084,227.60696038827606,193.04789175757477,315.49113910938814,125.83826955192903,15.442375413354846,3.6887804210464044,722.9410950972264,-0.0224795100343511,0.16080894146029115,0.16451192595977385,2.220111416997342,1252.1240390204848,2.6638500481631335,102.55150925943657,0.4096652919702029,0.05779728061653496
C016,MockCompany_016,Bio,2022Q1,420.7075028652524,28.60963805728198,7.606883936635593,401.5202448590658,225.94127398613702,175.5789708729288,301.1401836442994,119.30407029437633,11.33803864273,5.523898891085728,703.0247573643751,-0.02754904634404927,0.2608034837801265,0.058596763190782525,2.197924950152243,1235.527859210366,2.327685974176994,101.84207903194097,0.12768936822087207,0.11751350638585276
C016,MockCompany_016,Bio,2022Q2,428.5225622329286,36.45515683852502,18.57303148097896,404.83561925056665,234.17398416172864,170.661635088838,303.626714437925,126.44362043781298,9.932274501367615,2.438611461307412,657.4277276814768,-0.06485835556323884,0.19324072933416286,-0.05217104825077014,2.1122223465272043,1239.8732457890285,2.3688568184680063,103.19021865497963,0.29015945018169453,0.08071207321639585
C016,MockCompany_016,Bio,2022Q3,429.61123025108725,28.65048521963016,19.785180485503062,430.2485540371792,241.80303047221346,188.44552356496573,322.6864155278844,143.1864352658901,4.369068482517839,5.946853689300684,704.0656694505093,0.07094002854657286,0.15173680450494229,0.29821265704536726,2.1876374901541684,1212.737613559666,1.9770291212977924,103.30891670914406,0.3238831251641139,0.04391624540956714
C016,MockCompany_016,Bio,2022Q4,465.93141163005777,-4.6140174960350215,-20.545675395585135,470.2446026935787,257.6882422829081,212.5563604106706,334.50015540505945,125.49918295798773,-5.67939842768085,3.651841171829411,737.0618433379198,0.046865193573722416,0.2143193878837896,-0.189671984303598,2.049642910497872,1193.8180045308243,2.119498594021577,102.59179692757293,0.5818905111220638,0.02479406112489957
C016,MockCompany_016,Bio,2023Q1,486.0386138197955,44.61865432765443,38.61955207221313,484.9319781147047,261.9552818988265,222.97669621587818,363.69898358602853,150.35687996570886,28.87953973671297,4.642481197494616,772.1242890464719,0.047570561446737394,0.13000268539068588,0.21709867398146995,1.8152386606538362,1232.4731911419763,2.1899186266187156,101.42600360996393,0.22451943466673396,0.06454416388632066
C016,MockCompany_016,Bio,2023Q2,490.6342640122951,48.48281234161499,27.019351633084987,490.3317795087102,282.1107746658071,208.22100484290308,367.74883463153265,141.93590274488636,22.572321514521725,3.452016772898596,724.6682723695122,-0.06146162910580758,0.13515301495191312,-0.1381324774072228,1.8657474513586827,1209.2364436340058,1.6622736410144414,102.3320383991455,0.4075400238823541,0.06447953036124177
C016,MockCompany_016,Bio,2023Q3,476.6476870936111,60.620503044377045,34.14306150485793,481.23993286776675,293.5256534547831,187.71427941298367,360.92994965082505,130.96048662769965,35.85892087656051,2.9158275646832124,622.9068738717059,-0.14042480177180658,0.14365641155116182,0.45069847062425494,1.867621366290712,1208.9869016972164,1.7732239839733221,100.25472916525193,0.5739952740983942,0.0666118045551588
C016,MockCompany_016,Bio,2023Q4,491.0905931959694,38.02295035966799,23.16680365882895,512.1170915598988,322.0929360511132,190.02415550878555,384.0878186699241,142.89385893259563,17.95509471909026,3.189102525575379,674.1987900365268,0.08234283215725935,0.22757616276149367,-0.32683717093239656,1.7650242546796908,1172.6567797850473,2.0099982411401154,99.69228507392202,0.38419081472433514,0.06792757441296117
C016,MockCompany_016,Bio,2024Q1,518.8254744358163,30.593303718216077,4.5473886472288605,525.156966746898,318.2354307509512,206.92153599594678,393.8677250601735,152.04516949133674,-1.1271279481016094,5.282426860101986,750.8980734275284,0.11376360284901449,0.1993105824455666,-0.677587745216584,1.7101222184287614,1191.292739798728,1.9254784817251767,100.24937237206416,0.34184895876571325,0.09697471600355947
C016,MockCompany_016,Bio,2024Q2,541.3488766560337,5.671885863412925,-23.011756791427324,574.5434129540205,333.5342553048381,241.00915764918238,430.9075597155154,185.31459705609393,-27.908788677886083,6.670502775847636,632.128350236309,-0.15817023294398194,0.20961763290232174,-0.3146935837508087,1.6445918755397473,1168.8367868605098,2.089843795499602,97.76581749891339,0.7885111005301052,0.07441969094407883
C016,MockCompany_016,Bio,2024Q3,592.3011724436847,79.50482621668316,53.794025110683855,617.878994633522,372.8873934013397,244.9916012321823,463.4092459751415,153.65013773856754,64.57104186567739,5.894550152885741,682.0014010811924,0.07889703226605684,0.16035328685954217,0.007652370266685023,1.7697693359924336,1156.652988925623,1.5888305212671334,96.85002300465182,0.40359784652672714,0.1449059773849536
C016,MockCompany_016,Bio,2024Q4,621.213682138419,12.144465666253586,-6.369532926776149,664.7883014810715,404.81788820067896,259.9704132803925,498.59122611080363,199.04484995356032,-38.550692560206144,8.517683856332493,685.0614005794205,0.00448679356578606,0.23406456330076375,-0.11801281262682364,1.8439678954922878,1169.185289614763,2.005280386301324,97.2677015634923,0.4265003092264279,0.040295032771991576
C017,MockCompany_017,IT,2021Q1,590.0009003064911,66.53424981488685,43.452537413354136,1335.7487035314837,544.121537814465,791.6271657170187,748.5878484563775,406.8683279719419,49.185646548946416,12.56515166304154,2695.8158026691417,-0.1327160485030665,0.22937155015089644,-0.03148636025006475,1.9560458384179682,1194.75567230868,2.630614465520862,99.42880392221225,0.48018141500976685,0.030338583886194995
C017,MockCompany_017,IT,2021Q2,548.3661078616803,45.32075595964524,14.859249024697881,1226.8447915477084,573.7383756292909,653.1064159184175,729.7751727366513,394.2767602090416,15.239103133111982,6.673352286869347,2262.1784548926717,-0.16085570362304555,0.2843626957233666,0.13751890236977257,2.05402851663362,1235.9896933695852,2.445207278062867,100.65458157791585,0.2186113378877397,0.06757352185314648
C017,MockCompany_017,IT,2021Q3,498.9277487092668,43.87718292172049,32.710312104668816,1147.762659467415,609.0637530111845,538.6989064562305,652.8836581473571,379.5661840037817,1.3888739773322207,12.564736370527251,1700.2494910904663,-0.24840169553682084,0.04,0.2721012708986558,2.2934451808768834,1242.157358494956,2.7289032617276647,102.25065648546018,0.2527057399052485,0.09181246255357635
C017,MockCompany_017,IT,2021Q4,439.0818591995291,33.02252347451507,24.002146767780122,975.5982605473027,630.9709968699743,344.6272636773284,438.5081125041346,241.70248599642815,7.1454114235328205,9.728753541015648,1202.9648643484134,-0.2924774448384726,0.13875296693693412,0.33417973252993693,2.3216775777222094,1222.019676572798,2.5446377682891326,101.73900071254928,0.7153251998824741,0.08200769543060468
C017,MockCompany_017,IT,2022Q1,459.56667558464284,20.671662161784273,15.117563858170604,1008.4389390404795,614.8964599775569,393.54247906292255,613.2553593480555,325.32236612749267,3.0399936703443267,9.855244203552273,1288.6688196052908,0.07124393886873738,0.17510406046147253,0.3626831132986753,2.1780997430986617,1238.0850888172608,2.7532266137044905,102.8114069873985,0.5244562259498868,0.045438618533310215
C017,MockCompany_017,IT,2022Q2,472.0615479677467,46.006455784095,23.1660853828363,1066.9576759511804,577.1852949207671,489.77238103041327,508.5856901913669,369.32697329538655,50.43912406247014,5.628260793018837,1578.3394431396996,0.2247828294806828,0.13485699575413743,0.21031330294163253,2.1446335034649073,1240.7424409375876,2.283771627615744,102.94856526532382,0.45523687093618537,0.0796906442878687
C017,MockCompany_017,IT,2022Q3,434.554451396716,42.90900767214645,21.613658169337313,998.8733931333027,591.6352145156935,407.23817861760915,538.1529633709321,497.08341015409,-2.656211450455899,12.448448960004722,1303.7740774467024,-0.17395837561204208,0.3147214627791618,0.18693731109782918,2.2007841659169265,1235.470319968315,2.477893538704659,103.8511423580739,0.3998612166378653,0.055879916222439346
C017,MockCompany_017,IT,2022Q4,441.9266826437958,1.3842277709896904,-23.039410641191175,1010.7761460645331,604.5809208746517,406.1952251898814,690.3104463809864,458.31216341161297,-29.358295584279606,12.493882821700348,1253.8687380499541,-0.0382775975224806,0.3451740279143175,0.014727910789645016,2.1074406043092755,1237.2052389806515,2.0135690039906367,102.72402958265576,0.8258924184296408,0.08875502812365799
C017,MockCompany_017,IT,2023Q1,450.0712952763839,31.7000497859241,7.466093726114575,1031.90774192975,643.6512559371014,388.25648599264866,647.0821096641135,455.5650811727137,20.561821749677136,11.38152468072876,1457.1558341534678,0.16212789260514648,0.29167922466500484,-0.25621829063317664,2.0099751331496987,1215.2169737496145,1.9607423912266189,102.32607431866646,0.38932449739423625,0.046734911132762194
C017,MockCompany_017,IT,2023Q2,419.52675758642584,33.95992212381251,10.566149907313374,990.3028128202993,691.142594094986,299.16021872531337,384.2512000363051,203.9261749918473,20.34944015626063,11.16809784314249,1164.2169067827624,-0.20103472841042286,0.20039653576072564,0.12942984759090137,1.8679688874230662,1224.1921202345195,1.766749134729589,100.32421831257778,0.6805957437832874,0.03036863443480587
C017,MockCompany_017,IT,2023Q3,435.4353052234439,22.71503361972238,12.045826976568353,1055.9505500178732,734.6331307267517,321.3174192911215,536.8057454599698,417.9139568142538,8.49306596786283,9.726641226440107,1187.5305204046024,0.020025146075455618,0.19679007537573368,0.18589331405240933,1.8132595800558102,1180.3072978056523,1.9954241411898146,101.46366142770798,0.41036317633424635,0.05288540777930363
C017,MockCompany_017,IT,2023Q4,430.7886925302157,14.157254440720795,4.526557758644265,1036.574580376255,742.8537144421638,293.7208659340912,575.2123362516612,336.75419333248306,9.905279316250454,11.189286227853236,1237.066408868265,0.04171336029897167,0.19576330690695778,0.3050333736083148,1.77001271982867,1194.531989030845,2.21961166757661,98.79022157338585,0.4273329285753503,0.02994313181622514
C017,MockCompany_017,IT,2024Q1,400.6525932556394,53.05206154629599,30.00275055434175,916.7089705634908,801.338240667388,115.37072989610272,530.7709550703236,292.9215956780219,43.87023756984449,12.856193098291403,1055.60386319063,-0.14668779652957092,0.18879396470200316,-0.1924683491528089,1.748236767576394,1189.0633449236338,1.8776439466822519,98.99109659841496,1.0,0.09016949576370255
C017,MockCompany_017,IT,2024Q2,380.47887483470873,33.280796245668974,18.888126677094064,855.4719149285867,838.8172028464834,16.654712082103288,513.2796385028406,382.8250878401827,1.6362434239939105,10.814291654272411,974.4109317917349,-0.0769160991448858,0.31335555326325176,0.22879244320644715,1.8972810265658182,1171.9457041421579,1.990740916861087,98.13659207153766,1.0,0.11771975896142417
C017,MockCompany_017,IT,2024Q3,325.6268253998361,20.7203863945942,7.570020163512326,727.1511276892986,876.1429261939935,1.0,426.7808016333677,305.9260531212438,3.551777931793147,12.307570910522177,753.2943151809658,-0.2269233743141435,0.14060243516611373,0.09796472516145566,1.7858729932479358,1153.2060782016617,1.7639218189139327,97.52599167135092,1.0,0.057163700323772285
C017,MockCompany_017,IT,2024Q4,317.2190646113229,5.378367158844787,0.9172410027336331,717.2831071016906,951.7339695568908,1.0,426.0865274586767,317.9032250488918,0.1908947271128838,11.874407435489438,673.9849872539902,-0.10528332197478875,0.2679092738108351,-0.0032449962951397807,1.8321196709236607,1168.4910171691654,1.97666141411889,97.59085144580351,1.0,0.08138006811592854
C018,MockCompany_018,Manufacturing,2021Q1,95.2088901919344,0.5119091220963657,-2.9232498731845666,258.41709591175857,93.69834583751155,164.718750074247,193.81282193381892,70.22537556065514,-0.6044360588361998,1.4225346262814467,209.99333651688522,-0.052923670129237266,0.2574897300312843,-0.02098202264147718,2.0285713539543098,1186.144972626884,2.4158575467176924,98.23204443230703,0.5840792412909266,0.019178913628697086
C018,MockCompany_018,Manufacturing,2021Q2,94.07319415879428,0.07423217620749654,-4.4703573635585085,261.38738208964224,88.90102756616656,172.48635452347568,186.9549975671412,76.04218510184577,-0.8742680503036677,0.9775730762236956,203.653502720683,-0.03019064271923902,0.21567456515551753,0.22671133777320232,2.083519936549968,1213.4215827087826,2.5760610613228043,101.24050672793483,0.4484598358399431,0.0
C018,MockCompany_018,Manufacturing,2021Q3,93.41622208194684,1.7003618480046618,0.06581160398101686,273.95484237619183,85.58443299757248,188.37040937861934,200.79098379898824,84.6942940080004,-4.969837839821928,0.9566833499081927,197.57685646753163,-0.029838162231295734,0.12059737540022483,0.0268862755778689,2.229034827481113,1235.1404946894957,2.4947651773998563,101.94669471312163,0.37555081562101816,0.05836705157240826
C018,MockCompany_018,Manufacturing,2021Q4,91.60167892739818,5.304963545753959,3.4326550081714275,276.57409469624014,88.57049634111033,188.0035983551298,207.43057102218012,102.89167968268781,2.4689929634050127,1.9299764311076233,194.39788116593414,-0.01608981617803966,0.2375629093612661,0.23596398513173517,2.2644610437436006,1234.9852411645945,2.504134856706921,102.11734807840666,0.2461768892460699,0.01792310981977472
C018,MockCompany_018,Manufacturing,2022Q1,92.53931062531356,4.526018068564041,2.8644687683492127,287.66856326216583,82.65093980401389,205.01762345815195,212.3870539159851,80.49556478715184,3.6384716294293478,2.3049638779653954,214.1016030141783,0.10135769860282308,0.05786489857901497,0.20398099509003725,2.3659619351398287,1243.2696056180337,2.330490165733851,102.64369980366158,0.6377246591943153,0.0
C018,MockCompany_018,Manufacturing,2022Q2,83.10436975701448,5.270385167699799,3.2209495895771743,257.6629155267907,76.38299361014742,181.27992191664327,193.24718664509302,69.79636320961659,-1.6488112980809704,2.2345650797798395,154.777077947729,-0.2770858519098556,0.13232258065621277,-0.30126381465158636,2.348875370758061,1201.5758109538008,2.451062668596356,102.96279032830658,0.35662848793340585,0.044835395129513074
C018,MockCompany_018,Manufacturing,2022Q3,83.80287724937439,-1.7128466523795778,-5.830967147814238,265.3339247077116,78.46153428992524,186.8723904177864,199.0004435307837,82.81888877686575,-5.2811419549391,1.5058759376972037,159.77655073945786,0.03230111886087717,0.18510631498687052,-0.15038433751858582,2.0544455324783986,1241.1509514502052,2.314923612186698,102.5306418467045,0.5784319500376406,0.021119351395744872
C018,MockCompany_018,Manufacturing,2022Q4,83.10104770845855,-0.8143068033877994,-3.9162816356144274,261.5347478820172,87.07419267041912,174.4605552115981,195.292659203109,92.44567323988512,-2.9610600602475174,2.0740749315820795,178.0519202308763,0.11438079872696386,0.30968539126149297,0.19021957027562686,2.1146387896183514,1225.6470703189618,2.0920236790446562,102.46537801475972,0.365586678833633,0.080281692038978
C018,MockCompany_018,Manufacturing,2023Q1,93.66206401503497,5.292779969116559,1.7829451533224578,295.2017411274946,93.3635326061921,201.83820852130248,221.40130584562093,94.76306367100872,-3.229607895929384,1.308875714749645,219.20515776634295,0.23113054597840935,0.23445754051759876,0.12257948350078306,1.9572689312213727,1212.7762319575336,2.269937469273912,102.79256954627968,0.23045635200781908,0.05667954535280032
C018,MockCompany_018,Manufacturing,2023Q2,94.12689106574938,4.473583881470632,3.3283312813329093,300.9675688180248,98.48579473332249,202.4817740847023,225.7256766135186,72.20319112602867,1.019848958122057,0.7658983617477285,186.3237500173419,-0.15000289265114058,0.1565239738157261,0.33934543287785157,1.6388175036767525,1209.533348788477,2.3656875291887314,100.41261183733646,0.14968147244601912,0.0
C018,MockCompany_018,Manufacturing,2023Q3,86.9833082002385,5.535003604495466,3.94487400958307,288.04936414959604,105.53893342887164,182.5104307207244,216.03702311219703,86.59802321611733,0.9333198082604621,1.203412168320164,130.76564934454836,-0.29818045561890266,0.07991524531027884,-0.079638815580827,1.8133846138680239,1209.779055389058,1.9259569188629921,100.572988516442,0.330526974249117,0.04470342308270449
C018,MockCompany_018,Manufacturing,2023Q4,89.5023525020892,1.6226723901221847,0.6043700195301944,320.10851223659716,110.1109258151741,209.99758642142308,233.50009497753953,83.00358781546173,1.066414350891998,0.9290114269047616,127.79966763452452,-0.02268165779691042,0.3321593469954671,-0.01830759634755145,1.788074013785929,1195.8605730368802,2.0487684622656905,99.29829844657382,0.37242261511092634,0.06509455382563616
C018,MockCompany_018,Manufacturing,2024Q1,92.44714148860798,4.7971421208682345,2.6517182410316775,331.16899074230804,103.2981263765844,227.87086436572363,225.98550549928672,102.63483893101034,-0.9810584141920033,0.8495461394218885,140.65713797930525,0.10060644587550799,0.12703371918481648,-0.14678286528460105,1.797770004387926,1172.8597358826137,2.0200612720434634,101.1816190212956,0.5562123024845982,0.06316525871572981
C018,MockCompany_018,Manufacturing,2024Q2,95.83373939970649,12.204149760123107,8.59763214726978,341.9427596145251,97.64712054165123,244.29563907287383,256.4570697108938,98.23123466876001,6.034703226273514,0.9883395271648768,138.23010155081113,-0.01725498231629881,0.18800515196259468,-0.13455285192009314,1.781388328887898,1162.1741748690574,2.0207945387275053,97.57964615994203,0.19834509699451167,0.08230422075999017
C018,MockCompany_018,Manufacturing,2024Q3,95.48641735632307,5.475514602478354,1.460003462480939,340.1974760800948,92.62171771812561,247.5757583619692,255.1481070600711,111.89613287696156,4.828380498884455,1.4763050113606133,149.2518551464223,0.07973482962073732,0.40226851801671604,-0.06989218546290721,1.8795027658718804,1171.9053191979247,2.0047500947880854,98.34642148748406,0.2691932155176398,0.007264474239018968
C018,MockCompany_018,Manufacturing,2024Q4,87.66588876706017,7.03319155861965,5.187727317480995,309.7931402887916,92.7162328390182,217.07690744977342,232.34485521659371,94.78730906457638,5.700981292543073,2.0070432197239914,147.36958606883329,-0.012611361351203429,0.31568832879545106,0.14684094685359556,1.946837477969229,1168.8654685534905,1.7911097747131415,97.12901526146457,0.3444939206571507,0.06022779765637638
C019,MockCompany_019,Finance,2021Q1,157.64477624293062,27.09768330340375,21.424744442716534,348.8577263179234,237.55445337655067,111.30327294137271,244.29914423430856,91.48874253672172,18.33885869297514,2.2910273167576025,415.13090552106814,-0.1255774077743121,0.32171077583060137,-0.0815791895141105,2.1052189302995425,1214.3900456241265,2.7308310846720434,99.17040487627303,0.3890587224890879,0.0670307640940643
C019,MockCompany_019,Finance,2021Q2,153.0881035206038,33.762422535832314,25.273011007942646,351.65247676179376,238.32888809109915,113.32358867069462,263.7393575713453,106.14112723846209,21.23599635922237,2.8683599593251277,448.4141401945663,0.08017527539107541,0.2349197128998199,-0.026111967127103723,2.190012399080839,1225.0364307943935,2.4847906774904787,100.80474786412243,0.5687803593353582,0.07684936238177617
C019,MockCompany_019,Finance,2021Q3,147.85875218063674,29.26039011814136,26.75503266244189,334.0275046236165,250.49370971365988,83.53379490995661,250.52062846771236,101.65425037960269,16.38403527236564,2.618455694546289,426.98711489883425,-0.04778400896643194,0.27510725098274175,0.09521569126305478,2.214040552502037,1227.0973255698664,2.514863574809194,101.36018978997151,0.5985849781529838,0.03844384230692824
C019,MockCompany_019,Finance,2021Q4,163.9640800169625,24.75881410300277,20.82344162552567,382.7277635994863,261.91624802989435,120.81151556959196,267.85857204173846,122.27926759296918,17.547548899163708,6.529907877055656,488.4700351581727,0.14399244875083772,0.10612844949743175,-0.23993019411785582,2.269163554163298,1225.9216552501298,2.4197165852941325,103.63381570637745,0.32192199402576416,0.05410270559209436
C019,MockCompany_019,Finance,2022Q1,165.03863306880365,15.82734641583223,11.739233754465328,378.8607011856572,279.8543713534686,99.00632983218861,284.1455258892429,190.69920773599944,3.4910707204040055,7.799272971288238,457.9333511631008,-0.06251495853821161,0.2670072703845803,-0.02981280539959942,2.2695217966461696,1241.3505609486033,2.113157558583479,101.54261538998209,0.588663080797063,0.012207843091794079
C019,MockCompany_019,Finance,2022Q2,149.03909874129548,37.107320158563546,34.221888793499765,336.84938837761837,283.23977657798724,53.609611799631125,234.37564419691384,96.05993650268957,24.167215525259373,5.053972414492927,373.5681432655807,-0.1842303201617477,0.22882119373880883,0.3906286334761928,2.2897676454661404,1217.4589844656673,2.496608416273155,102.64230898382823,0.8645610126628009,0.025125068217545635
C019,MockCompany_019,Finance,2022Q3,156.34336306843156,29.067877237488215,23.130402218509083,355.09600327345385,280.67022500069663,74.42577827275721,248.77365900892121,128.60789961838205,15.104000851836227,3.8596570894970164,415.066656419155,0.1110868630039253,0.2077503602273518,-0.20266594096673549,2.123705221888693,1225.180228092865,2.014443621177281,102.36886889991828,0.46205848783787895,0.040597317676701446
C019,MockCompany_019,Finance,2022Q4,151.85516143332197,33.92380857892836,25.108706078970545,337.7631567883661,264.982414715923,72.78074207244305,226.64811051964554,104.8783767979113,28.78063680841573,3.093772502407851,426.55088999162905,0.027668407940908496,0.23662385231113978,-0.20722196477744417,2.212822314357005,1227.746003581734,1.930199639608754,102.90798566210778,0.5199930734115632,0.06064830328950569
C019,MockCompany_019,Finance,2023Q1,134.95119895669947,25.373418195104378,19.310417677963528,304.4441779778094,260.4279550846511,44.01622289315827,228.33313348335702,151.43968585369822,29.28232693302955,4.930589322491281,420.7942756907835,-0.013495726854440615,0.2640502942502617,-0.07069668963365726,1.8645086492234326,1228.7781874620837,2.0295687333389347,102.18877347898069,0.84462589870716,0.027426855152358952
C019,MockCompany_019,Finance,2023Q2,131.03678725288552,19.14453708889505,13.83132929258843,306.66625490939515,257.38571059733573,49.28054431205942,229.99969118204638,113.9323535664849,21.964933362121894,5.3757998561669025,359.2043731736733,-0.14636582785258456,0.39201452129370884,0.027132586358782827,1.9328744690097195,1195.2522746165823,2.093752804754599,103.32583896160459,0.9534211093933409,0.02157827167823002
C019,MockCompany_019,Finance,2023Q3,121.93778084506384,24.216299849588047,18.424358150039005,303.55263578676,265.7990121687984,37.75362361796158,223.90771812398555,100.04220164657593,14.87903146177661,2.782991031125836,289.3528237064298,-0.194461857048357,0.1262940961518483,0.26692661868452583,1.726645150414632,1190.523555168343,2.084778614565453,100.42530276542445,1.0,0.03698740157728624
C019,MockCompany_019,Finance,2023Q4,109.94226872337867,18.109718463678096,14.31706420706615,266.9551022819548,251.54535119570104,15.409751086253749,199.76063953391358,89.3312082768354,19.83387404308855,4.382105256718824,250.52202388209827,-0.13419879345545385,0.12971894081502383,-0.03679017797442067,1.5546821602954395,1207.1210256028312,1.7423533668556046,101.63765673796003,1.0,0.046611248937385524
C019,MockCompany_019,Finance,2024Q1,106.85110740613001,19.42482648357461,17.262587691356977,264.5808303626841,257.51467138876757,7.066158973916515,175.97928926433573,65.91457384510088,14.304536228017119,3.9435016221137755,234.97062670749156,-0.062075968146918646,0.21572619313750713,0.058194583422071386,1.8323205923044952,1185.4047129542005,1.7270807853572026,99.94960676145163,1.0,0.04597041308404242
C019,MockCompany_019,Finance,2024Q2,101.74878068966426,26.770165297243423,24.626871545234298,252.31985144619605,242.6856193306445,9.634232115551555,188.89770063694257,86.60751446185107,27.228601440221112,4.829323777587573,221.0778624086024,-0.05912553621514512,0.2215234249111482,0.06320531981545972,1.8953033866331068,1151.7209551474734,1.682832602807999,97.98778101708393,1.0,0.0
C019,MockCompany_019,Finance,2024Q3,98.41796806545652,23.996687178769076,18.443314877005335,246.25814860948347,257.89355676263074,1.0,160.06930942895323,82.9519016609873,22.822760276393417,3.299973462203544,232.41004197536944,0.05125877120081149,0.18153516147613866,-0.1824191250185151,1.9010678312309897,1164.7906311554984,1.713444569255167,96.06190791195296,1.0,0.029891014086592928
C019,MockCompany_019,Finance,2024Q4,90.77779553409793,20.67429033406779,19.008795586229606,226.07669909939034,282.5771434524966,1.0,165.00465059441336,74.13374829952411,19.14036404332107,3.7149002610914548,252.87139720822805,0.08803989302246704,0.3389560822101147,-0.43095843392221234,2.071225510295048,1191.5629965966627,1.6636741935608415,96.98540077028662,1.0,0.004962013352031967
C020,MockCompany_020,Bio,2021Q1,504.11287768565023,51.25838767396793,24.2119525817911,1036.6535571813126,465.1481647718422,571.5053924094705,777.4901678859844,249.1566714115089,29.80556019089139,9.180805311024516,1927.4139845719121,0.06437111188709602,0.18232934347593133,-0.09140136354964404,1.9132030957234738,1200.4373247099156,2.6768513052679985,98.44694870352212,0.3291632280942349,0.09121016122407095
C020,MockCompany_020,Bio,2021Q2,500.0706258604965,35.71615120672227,17.003788939202998,1082.5818094309022,454.1159689641335,628.4658404667687,811.9363570731766,295.09903398263884,-11.442035678850722,9.83899202279342,1777.1653779296769,-0.07795346917938138,0.2970498600372373,0.27575486508226454,2.1416875043837362,1202.4676266855213,2.5596242280978077,102.03788184764706,0.3812998848445974,0.089028763745158
C020,MockCompany_020,Bio,2021Q3,499.51008335472983,59.102956487713,36.8792003609934,1092.9691883413063,454.1634623583883,638.805725982918,819.7268912559798,261.87669945912234,61.189131529626465,5.986529818518171,1773.2037164630146,-0.0022292024793311225,0.2691668156422125,-0.02418112260009325,2.1562548003043687,1221.5425315748141,2.407910237792058,102.3457545995167,0.6212448641740582,0.06608653555712263
C020,MockCompany_020,Bio,2021Q4,502.94493676431983,53.36015495604484,47.19378816006817,1162.2762866426206,489.578697357946,672.6975892846746,871.7072149819654,313.233053194296,43.91059923282146,6.714562780067622,1734.6652801584578,-0.021733789494547733,0.257467836906467,0.2594315931626198,2.213995080419384,1227.3990990088637,2.258594889807136,101.43854461803325,0.2642825643607603,0.07548599896549829
C020,MockCompany_020,Bio,2022Q1,494.4605237358391,23.058115240581934,-0.04020834136484848,1156.0896874047965,469.75670197549425,686.3329854293022,867.0672655535973,271.84253477983475,23.95257163074697,6.104580617872998,1739.0844876360486,0.0025475851324971363,0.04,0.13509601894584083,2.324018206297741,1220.0943807961976,2.39095762566777,101.8379570163828,0.9652828705617295,0.066933094472132
C020,MockCompany_020,Bio,2022Q2,457.6684343242565,39.387099192028614,14.637796014430979,1091.4022394275908,446.84786678832126,644.5543726392696,818.5516795706931,306.829184817083,39.0136946308681,10.489929212613799,1494.958088983393,-0.14037638791459675,0.3188920516688396,0.0749960269935332,2.2177943540091136,1243.762562522508,2.557162727068038,103.74968350466368,0.26611962894114194,0.04136930072783193
C020,MockCompany_020,Bio,2022Q3,460.2003317365586,55.82708752609681,34.6820337338947,1140.7936666493238,500.4139919627299,640.379674686594,855.5952499869928,303.3803445558519,22.143311492259,9.454988486656488,1585.0078587695948,0.060235648376896996,0.29771777601660565,0.04063968052112324,2.019129676225833,1216.8100423366268,2.241551906800353,103.75335616155759,0.4325394606410199,0.11402255965319019
C020,MockCompany_020,Bio,2022Q4,497.9375577466027,9.126813050431425,-19.16669607247909,1255.3251797346736,572.3835239512356,682.941655783438,941.4938848010052,336.50070707727286,-19.37531655404338,14.477041523731545,1900.1992707703748,0.19885794903594714,0.21317500958557747,0.007494480169823167,2.239621161867068,1224.5643993044275,2.057757203127793,101.9919081916181,0.2324412667858167,0.029506632654706502
C020,MockCompany_020,Bio,2023Q1,515.3962783170427,29.787242566203158,23.583591128809967,1274.7836338977413,614.9788725726672,659.8047613250741,956.087725423306,335.7032199632276,36.92616188761707,6.71048332162771,2063.6889797788162,0.08603819163774332,0.1346521678099636,0.5477130193008657,1.8385505689089368,1220.5566119276643,1.8500111852283816,103.26990297143048,0.2630570048485662,0.10890040817374944
C020,MockCompany_020,Bio,2023Q2,511.0249728826489,53.14077948430469,22.492327469171418,1278.0467441405588,608.1081243590376,669.9386197815212,958.535058105419,287.45104313097346,41.01652550468952,11.553799072043669,2340.579245455524,0.1341724786970489,0.24996387407106901,0.5770529298045982,1.8742603812319287,1214.6243656699548,2.090272756900962,102.53679195132197,0.282434204326122,0.07315702843093924
C020,MockCompany_020,Bio,2023Q3,536.4348945321161,34.50722782845095,6.457427040163254,1309.4748650632685,632.7941493715894,676.6807156916791,982.1061487974514,299.59364058792283,-4.051421824984047,12.480204994579864,2515.940147827421,0.07492201031534323,0.194377446238852,-0.3236287259602352,1.7579452206712736,1195.0497353231306,1.6534852299659277,101.38985184386708,0.40779739272102367,0.06974957762209252
C020,MockCompany_020,Bio,2023Q4,526.8591427412823,48.26005785021178,24.80609959451732,1244.9202419284454,636.552319320351,608.3679226080944,933.690181446334,333.69824206495707,27.6063034735541,11.778841107691823,2288.5771147714895,-0.09036901503887725,0.3406488732971471,0.04986037819289025,1.9152455142159235,1179.4165588679984,2.0516946752776266,98.98253581070489,0.2052131807203296,0.06213070125205022
C020,MockCompany_020,Bio,2024Q1,594.3425539202591,37.44607846795505,31.398792128830838,1424.4806014195187,644.5414809806284,779.9391204388903,1068.3604510646392,339.38647770895614,8.482011184538862,11.431580815822674,2518.7339252136085,0.10056764482900094,0.29937108949020647,-0.030379955705098466,1.623164638097715,1161.34199635854,2.057553587046812,99.03684649824396,0.2143320160555932,0.07492758127178006
C020,MockCompany_020,Bio,2024Q2,641.0472363739514,67.04833768671472,32.88070893586996,1557.828563766671,694.1444929997397,863.6840707669314,1168.3714228250033,400.8054466766867,43.167936465025676,6.599421319942605,2900.5597370691316,0.15159434191650137,0.16371587381555067,0.4188513947229001,1.7629147876168563,1185.9460762238657,1.9031479176454904,98.53883499803058,0.4700627536872821,0.07788953135493408
C020,MockCompany_020,Bio,2024Q3,666.6903158106757,50.422600737773436,22.36116452369104,1681.0509136994517,694.9688456299175,986.0820680695342,1260.7881852745888,430.85641536425123,40.498284888979235,11.532089042071885,3123.4677263569033,0.07684999086176675,0.4074838401655446,0.39121521262125836,1.8164335237167242,1169.0169368461475,1.868983890465066,97.19812197041782,0.4566725235401786,0.0762292625322045
C020,MockCompany_020,Bio,2024Q4,687.4669787907306,-5.054599688642413,-14.40400506819638,1716.8777750852814,693.5263052470007,1023.3514698382808,1287.658331313961,419.1209429568363,-53.296738478032466,11.725931710125762,3208.493799847119,0.02722169106238445,0.13856356530078792,-0.1827549625641291,1.94324390585491,1154.3933775431929,1.6519561408511674,96.5709118798024,0.6515786030490069,0.0595053905620796
C021,MockCompany_021,Bio,2021Q1,742.8432596412366,161.75982581283802,128.21785384910763,1482.211379240374,539.2097373300016,943.0016419103724,1091.6592928215844,440.58445315498943,80.83044924008253,13.137616631467326,3403.779423434321,-0.06251144288935179,0.10821868068308294,-0.19886397151722046,2.1000887585849743,1217.3872082970101,2.9700128903871494,100.60652500941968,0.4121634994217957,0.0754734711767909
C021,MockCompany_021,Bio,2021Q2,772.2704804434461,171.5630396712936,144.81288255424468,1451.441648583543,539.466854798336,911.9747937852069,1088.5812364376573,408.8483508771726,111.52673180122649,11.166778828287246,4145.058577212793,0.2177811960066853,0.10628438511789849,-0.20908039278786583,2.1825769353130986,1220.4854362631665,2.6999047910261242,101.33224550953393,0.31485714465089526,0.062044838196685395
C021,MockCompany_021,Bio,2021Q3,778.0297453717275,141.82811288247368,109.2400956626826,1435.1118333290517,547.7083126720022,887.4035206570495,1011.2025023461642,437.7871031145991,127.16707689809749,8.476460305854394,4244.793260950978,0.024061103571966454,0.2502519422206251,-0.05064522500756223,2.0546656403475305,1229.4414787893515,2.6090642603706207,102.46573591700742,0.28202078990468965,0.0658558770836532
C021,MockCompany_021,Bio,2021Q4,849.5174108119272,173.6104726188692,158.9661711002923,1527.8332490786656,536.8782913594252,990.9549577192404,1145.8749368089993,417.2497155834086,230.17833275008286,8.865540294530398,4601.729246773037,0.08408795526171116,0.2468484513447825,-0.4105217815425242,2.2324148637601593,1208.5676496842634,2.5253241918000295,101.90712511188276,0.10954998777073421,0.08224065359681007
C021,MockCompany_021,Bio,2022Q1,868.244543500154,148.36153459787172,119.8340291332432,1578.5208336112194,555.2172222390925,1023.3036113721269,1183.8906252084146,460.4848827717719,35.79076513386639,10.729320463445235,4610.634301213136,0.0019351539307411736,0.1811696005749608,-0.035215857783781584,2.093970315246942,1228.6562576740494,2.413419578337675,103.06200151476986,0.19879625632956643,0.10164834066392046
C021,MockCompany_021,Bio,2022Q2,923.9353248432427,126.23360777732701,90.38547518074857,1665.795178682497,494.96135770446153,1170.8338209780354,1174.2614361872852,497.7535183732056,79.13436402055916,8.613838993647862,5326.348784537539,0.15523124077224848,0.20652242233851917,0.04623311507492754,2.297992487727124,1231.1711441856937,2.406619424190422,103.14802855951945,0.5156275073254539,0.05524723869606405
C021,MockCompany_021,Bio,2022Q3,918.1645879336664,164.96740800685228,128.83526602583245,1639.3522893453926,510.77443016295166,1128.577859182441,1229.5142170090444,543.8054793627412,178.74830145626785,9.306501306222309,5241.844916508305,-0.015865252436068518,0.17426813210864284,0.05524550772480359,2.15764309211854,1218.7543124972392,2.437593927887992,103.28316829618075,0.46220033941038463,0.08753913679851172
C021,MockCompany_021,Bio,2022Q4,917.6802707973844,169.187686669509,150.01490489091898,1573.1925544489136,539.3626313382334,1033.8299231106803,1179.8944158366853,544.9541815990297,164.9348618710176,9.662982384122806,5934.0540287787635,0.13205448144611517,0.16775409111950845,-0.00767177515950513,2.127965317610957,1222.4199625172128,2.0525641301314916,101.8927597674191,0.5107447759833608,0.0247388573910422
C021,MockCompany_021,Bio,2023Q1,911.4244349998565,158.96131612848262,141.14853666004157,1535.2090368345414,542.8095587246302,992.3994781099112,1151.406777625906,553.9727051728581,48.15362309402177,11.959808937871907,5588.1771139797265,-0.05828678221020837,0.1890117610464382,-0.07904847768282024,2.1427559555761184,1245.33374556017,1.648397977795488,102.18743849556157,0.43221315561232126,0.1143197480772761
C021,MockCompany_021,Bio,2023Q2,925.7508252981688,114.24549908727087,94.18578869992614,1658.5441373885433,544.2139825805044,1114.330154808039,1243.9081030414075,601.9694154216977,76.89567208279111,7.477587190556072,5182.2067857124,-0.07264807825287539,0.17685320093976128,-0.09101017471283435,1.9357645965146297,1186.7188185116154,1.772520717995762,101.3001387269404,0.3012260895494368,0.09374199757040898
C021,MockCompany_021,Bio,2023Q3,905.6664854952373,166.31777793879633,156.0813714346805,1713.7730172658223,584.7722018714314,1129.0008153943909,1285.3297629493668,531.0296676227075,86.03450857477955,11.156544830227839,4476.173537313335,-0.13624181311051373,0.16499413544126967,0.11008604234241531,1.7479747687621592,1214.1503972966445,1.7208407896347704,102.13423241708595,0.06322772603727428,0.06884115743548086
C021,MockCompany_021,Bio,2023Q4,952.8715042545996,97.73296414150744,44.07280002319064,1731.4469735032826,620.3891043872393,1111.0578691160433,1298.585230127462,566.666495675105,8.95638032109266,8.222655163686824,5071.51054262923,0.13300132364243084,0.3428102241572712,0.29856302898999887,1.883381491491583,1195.9182361282974,1.788716555999638,98.87870820578263,0.2609157006566397,0.04490343540956214
C021,MockCompany_021,Bio,2024Q1,1005.6452857162083,196.32546363099752,172.17537321549847,1825.477607340738,651.2846302649433,1174.1929770757947,1369.1082055055535,629.5327444652725,140.92892727421733,6.25651078308613,5657.092688691693,0.11546503574039274,0.1636912113316651,-0.26186756366110153,1.6414795331092489,1191.1906048118963,1.7367764835481643,100.33501633293028,0.6102610943771413,0.10866528526908936
C021,MockCompany_021,Bio,2024Q2,1017.1487007144898,164.3074647699087,150.6853626939709,1788.0317351634167,677.9281922085769,1110.1035429548397,1341.0238013725625,563.0243564085214,68.33889678726393,13.407341056748406,6352.727398588725,0.1229668220369764,0.138389753388745,0.019336247865444602,1.8498391329709185,1162.8307642310322,1.8070069173976482,99.48016981803896,0.16482465803110827,0.10892236500243582
C021,MockCompany_021,Bio,2024Q3,1028.1682405438837,149.0788444500177,120.04606301023112,1791.874447648127,713.329898446704,1078.544549201423,1343.9058357360952,545.5696238225331,161.07088706600047,12.445765696418148,6196.152533800637,-0.0246468729042067,0.3536720657668817,-0.07849511399025179,1.9345741653899742,1164.6575609110148,1.6991178191101821,98.95831815347032,0.4076644156429488,0.030861819313289046
C021,MockCompany_021,Bio,2024Q4,1089.5594563502627,225.71554056162685,171.43438354735127,1958.6035918270338,710.1125917803456,1248.4910000466882,1468.9526938702754,650.299594389833,167.0300296752736,13.890209876956797,6963.933095518544,0.12391246947675788,0.20353502679676688,-0.09166902420125289,2.051754615243618,1160.7111708394518,2.070384272417129,97.17041493046052,0.3417458050414556,0.07335011190419775
C022,MockCompany_022,Manufacturing,2021Q1,739.3579342358606,125.70180182481751,101.50772825622192,2037.6180578696794,1254.4968278248932,783.1212300447862,1528.2135434022596,553.167714016765,147.5637713369197,10.498281087471975,2114.552630907482,-0.06297796075569437,0.2868953479847529,0.007125166124360878,1.8416598018652977,1169.307843145992,2.490106340737514,98.89714868511831,0.37306892517891593,0.05080788351168867
C022,MockCompany_022,Manufacturing,2021Q2,799.9899965816311,183.09672240758707,164.46712307770636,2225.790268374893,1210.1479673490624,1015.6423010258306,1669.3427012811699,560.7936172810878,132.7844987794024,14.625333699183294,2136.3309992307773,0.010299279386556948,0.35118387248079275,0.022681450497556554,2.0734207072419952,1179.5082303419774,2.0796891291225794,101.86346628459387,0.3296065413317586,0.04702935221686345
C022,MockCompany_022,Manufacturing,2021Q3,812.2081620345871,165.18272279818953,135.2728728633721,2332.774228641681,1175.3053898550913,1157.4688387865897,1749.5806714812607,723.823660511232,65.74077692224131,18.95427481288928,2145.3981031971302,0.00424424116376064,0.2910875782798057,-0.09309902422365943,2.132482100405746,1223.4054451849026,2.2907838690347813,102.49217239147843,0.3181394323335695,0.03906015127106817
C022,MockCompany_022,Manufacturing,2021Q4,785.9781618801288,117.66876362344604,91.2755381644134,2221.266067139363,1198.7612816251883,1022.5047855141745,1575.6260345073645,729.9631006240188,89.51118726270226,16.8464698169732,2251.712244720418,0.04955450522905527,0.16881969428570098,0.13390035749303905,2.2229329368880464,1217.0852984396251,2.450639185555802,103.06318463144493,0.24524004915204592,0.053988343644080485
C022,MockCompany_022,Manufacturing,2022Q1,826.8605913758614,117.46810808317323,94.24637530797047,2302.875944362868,1202.5435197707395,1100.3324245921283,1727.1569582721509,740.0983778421624,71.74566304604133,21.718049192285253,2083.9144001007326,-0.07452011020196742,0.2114521360185087,0.28753968651086304,2.167806840685871,1234.488561680857,2.397033503534191,104.59171300796464,0.3566192040707549,0.010515145827430777
C022,MockCompany_022,Manufacturing,2022Q2,785.865581198139,150.31493221056644,135.7284551742908,2181.4845080646132,1176.9403644276579,1004.5441436369554,1636.1133810484598,690.7094862156687,161.12462367125477,18.862191156128485,1527.7022137220697,-0.26690740577049454,0.1825948407179856,0.18337400859139555,2.1194303041965035,1232.0792881689783,2.196808391960774,103.13389410247876,0.3910327104998847,0.06498886174564568
C022,MockCompany_022,Manufacturing,2022Q3,868.1735000467969,197.59343144363186,172.86536305970287,2429.07263120032,1176.9258930188134,1252.1467381815064,1821.8044734002399,814.4735353274666,133.66781669315992,15.292072761705228,1936.569659424698,0.2676355653805529,0.20983119418140317,0.20756755721733772,2.325304718654891,1240.9374151964005,2.43213611694493,103.58258858038995,0.5686680042067104,0.0425073359360295
C022,MockCompany_022,Manufacturing,2022Q4,895.0465731366695,190.3715804021069,152.74605412064088,2392.4950945179594,1227.560644778732,1164.9344497392274,1794.3713208884697,616.7959826742166,137.15201690514346,30.632822475554725,1951.857623853857,0.007894352963115477,0.19170840399536027,-0.3027380732028579,2.1992945337064507,1210.407152115025,2.497220368962333,103.59758043926806,0.19327332423230856,0.04508805868634806
C022,MockCompany_022,Manufacturing,2023Q1,889.7684768101975,155.3549850012466,145.48724003749675,2480.0021244181744,1226.941014602668,1253.0611098155064,1790.7777347614785,735.1610838254421,109.23551594493804,12.620275131562456,1761.4759340488954,-0.0975387177211529,0.16993420911127338,-0.017816995977690618,1.8964199109605966,1224.8879539360885,1.9549037001630374,101.29501403401606,0.2358449144559821,0.052676018127422494
C022,MockCompany_022,Manufacturing,2023Q2,843.288089314627,119.39325246156437,83.1807724020813,2326.0284389124604,1336.0060282891482,990.0224106233122,1744.5213291843452,787.5599907301048,97.69398157548929,13.046312711329366,1766.8340196424713,0.003041815951047272,0.17943856647500056,0.1928993100130099,1.7609592330596135,1185.9825759157623,1.930055910320322,101.47878830389004,0.3982146302539546,0.07228916291121916
C022,MockCompany_022,Manufacturing,2023Q3,852.9614035520025,189.03977212894168,158.5778877562206,2291.3238176602927,1393.224436225087,898.0993814352057,1695.6347148063328,630.0168054695044,178.05206362490128,27.26658340948657,1970.7382756572088,0.11540657115941125,0.05528939561841775,0.5449586858538404,1.9140706923841706,1195.6938729544693,1.8802573414061643,101.24717292628664,0.3523636033362118,0.03852738455405349
C022,MockCompany_022,Manufacturing,2023Q4,892.5788894910482,200.33725354741685,177.8890595762658,2296.5353918039,1596.015405619599,700.5199861843009,1722.401543852925,617.1799213596279,131.725049492232,27.432774530940673,1973.2347680324726,0.0012667802752404644,0.2775287242354757,-0.0628542632522672,1.8078154195689284,1191.1688519727945,1.9175767582175902,100.79411420017395,0.7402500162896135,0.04596670418542524
C022,MockCompany_022,Manufacturing,2024Q1,920.8506074427011,180.90785559972994,147.07528410262475,2235.2489576402722,1666.9862607001146,568.2626969401576,1676.4367182302042,765.9175479480738,111.01060912793861,35.80640030285,2254.064971636086,0.14231971185244782,0.21666011831577836,0.2687471400885939,1.825834259095165,1147.5429902065457,1.8406667242215504,99.47927374579987,0.7122275745429986,0.032815718237670835
C022,MockCompany_022,Manufacturing,2024Q2,891.553136558441,92.58479096896627,45.33141454615195,2269.617130977579,1582.8930986501741,686.724032327405,1702.2128482331843,716.9623158429978,117.44170576834946,26.613078484532007,1845.3336694805416,-0.1813307545695417,0.27305299668477,0.3213467078477649,1.723689891910905,1159.8616840820555,1.9777326157020296,98.34059041035162,0.4786424276215696,0.031563825177671916
C022,MockCompany_022,Manufacturing,2024Q3,866.0501115963737,171.0242497216419,146.41180109402254,2219.577664188663,1622.0226811772397,597.5549830114235,1584.9047904658376,681.1403385876263,73.17494398035738,15.61908418980811,1766.7145044523518,-0.04260430854779834,0.09580650760316908,0.10277772338722457,1.8756592900507134,1169.1743828362498,1.95959305055329,98.17861693519718,0.547255560854347,0.04791035706886013
C022,MockCompany_022,Manufacturing,2024Q4,884.613639975236,148.61100290273941,122.65542822905545,2456.332130228764,1583.8463375607055,872.4857926680586,1842.249097671573,568.5360299142145,86.54470246878223,36.891305146052225,1940.4601560265442,0.0983439322744737,0.15466604965221684,0.26168575324734006,1.8988235307498342,1156.819897577874,1.797177530962483,96.83842299382893,0.4161948047079799,0.024005103762764816
C023,MockCompany_023,Finance,2021Q1,353.32358190522206,21.03063191588808,14.653684482474155,997.6495391516762,377.4688778107616,620.1806613409146,639.7138990795092,336.0273882738816,11.284885874420867,7.1178688843490985,908.0562159588487,0.23654427511848272,0.18864872011430855,0.06256888286768601,2.1441314083477203,1210.205846438423,2.581797382465742,100.20118922481426,0.29862187269509183,0.022789708598361588
C023,MockCompany_023,Finance,2021Q2,385.05265337779423,40.776518029307205,30.759263251072028,1104.7668361446965,387.10348204838175,717.6633540963148,693.3081324731882,437.91766177090386,29.066208224679713,4.4977984432776665,943.4468782072715,0.038974087315786506,0.15768599526834048,-0.25437201253289426,2.2208792294172044,1228.0843462324983,2.6057783581353764,100.75952843282205,0.5023493425078494,0.010773688095255071
C023,MockCompany_023,Finance,2021Q3,388.30757286827304,51.43869600736643,38.80923101717552,1127.5922620034235,382.76063259527655,744.8316294081469,579.7269442131349,281.35890402880807,31.647127837645982,8.791838109083907,961.3553641149595,0.018981975902784668,0.17599079256119896,-0.27540898486046295,2.123425715732347,1236.7078356332804,2.421566491383583,101.47198849196602,0.37664770649319534,0.024612683394020108
C023,MockCompany_023,Finance,2021Q4,409.586781959413,29.7688198320668,4.554202568811629,1198.442814088507,399.5424914051888,798.9003226833182,676.752087749723,439.1078930079678,17.08735195819184,3.9721109384068862,1108.021629765659,0.15256196732799546,0.1250280634789493,0.28295482019816065,2.1568068381881518,1211.7018938185754,2.221520579074987,101.97078519328448,0.2992316380637128,0.06156333790774793
C023,MockCompany_023,Finance,2022Q1,467.9058269252645,49.01943914253442,32.7948565117428,1347.1931117059273,413.93002664636003,933.2630850595673,528.0865909656852,362.30382799470567,26.79225567493787,5.359203524521606,1465.0605504292369,0.3222310026015374,0.2725166496649891,-0.012549197269031434,2.1600835456733107,1225.88459013897,2.4462460490811346,103.66586641356477,0.20465705664887027,0.02314533460363153
C023,MockCompany_023,Finance,2022Q2,534.7099547970474,41.78037662337461,29.64901972785131,1600.823439441514,443.5541118549937,1157.2693275865204,873.577484658064,465.4748969901147,15.96147980990839,9.280238240593347,1871.3482417633656,0.27731802021090096,0.3489993737641898,0.214986473339473,2.1500593711716856,1233.6247158251208,2.3256764205715563,102.72490113063893,0.4349534568606006,0.05180387445501769
C023,MockCompany_023,Finance,2022Q3,624.0876431057078,58.94601417420372,37.33672198429403,1862.9248925484003,477.9085347844016,1385.0163577639987,1085.6141122249533,805.6039882099986,57.496282952253964,5.826658120423859,2672.815629533176,0.42828340010867794,0.15150504418926933,0.4127056834695188,2.0519876665493766,1237.3481060173744,2.072244084357917,102.49725959402122,0.6163547048548571,0.013726419404710737
C023,MockCompany_023,Finance,2022Q4,653.9244095449917,61.95168137941294,38.52313476859597,1979.7769291019213,470.76795173879015,1509.0089773631312,1059.0063869081428,619.9072997572638,50.711447500278524,4.533864959912164,2875.7115560323396,0.07591093237306495,0.05481906010598425,-0.1560477383966652,2.0682899958783207,1229.9715091505748,2.009012017639552,102.94412823784332,0.3080108260695718,0.01359712032423488
C023,MockCompany_023,Finance,2023Q1,692.0257627424212,42.06256135388415,27.828496827497673,1962.8858431609806,451.2780830151849,1511.6077601457957,1367.0318734181265,702.6358615296492,8.5860178182343,8.75457210874984,3293.403671214155,0.1452482653573613,0.1637705051696692,-0.20847584369132924,2.1157423053278164,1216.230884092953,2.080864058942386,101.87885651232261,0.5220116908174545,0.03661419935968477
C023,MockCompany_023,Finance,2023Q2,779.1220908056151,126.76306084985973,100.27744160028045,2157.1305245530434,473.0988867378065,1684.031637815237,1215.748933978135,694.2896761583019,74.84136929259243,5.809851584742986,4081.612219383805,0.2393294678872653,0.17207246693280662,0.2168656403200072,2.0888917144868393,1200.5580245699662,2.2760736102641133,101.49387711464533,0.443106925884282,0.06926991401909602
C023,MockCompany_023,Finance,2023Q3,784.8420836944747,85.13796572829962,51.84472404477244,2158.0577300641507,470.582492334599,1687.4752377295517,1170.3565841561856,571.7851434484749,78.7277269390593,3.865482590538915,3978.2175286404013,-0.025331826049612566,0.23702934578039242,0.3461956512300323,1.8024107851503752,1167.846471790843,1.9281688765766074,101.00245368507235,0.44717912262297593,0.052171674033371404
C023,MockCompany_023,Finance,2023Q4,802.706210419885,53.02425233613006,40.168407971873634,2224.2640001815084,458.98136859327343,1765.282631588235,1302.6173680980135,799.3877858425706,28.83478908699368,10.23278263348815,4356.3735908586095,0.09505665778599254,0.21625710098357542,-0.31724792958591636,1.8105978979983686,1165.892391579674,1.7450763427237672,99.83221661832957,0.3364012736394237,0.004109397516782912
C023,MockCompany_023,Finance,2024Q1,850.6997912471677,104.93399106649161,62.79672651055472,2391.7825099404795,501.3711959807305,1890.411313959749,1102.179560968628,729.8228477571724,78.57526235880054,6.524515296158804,4115.7963868603965,-0.05522419025380168,0.15339598853214673,-0.6728898387772599,1.7423091807336861,1164.5703428574543,1.9107970812125654,98.07694896778028,0.3861381068684229,0.05524461900695547
C023,MockCompany_023,Finance,2024Q2,844.7245352078569,80.52896280509195,47.843890557878,2414.2783588172283,505.15070540061214,1909.127653416616,1504.725429121839,841.5327850812084,35.49198910864372,9.176385853924067,4246.702396746144,0.03180575460527217,0.17353068785564463,-0.030517562800559193,1.7062033459764614,1161.8358053885054,1.990602736677146,96.97413548944492,0.5072396564586215,0.017014111087077625
C023,MockCompany_023,Finance,2024Q3,802.2686530619392,113.17995281905937,99.61913642215761,2254.678146076758,502.01484958688434,1752.6632964898736,1400.8697307866232,959.7782627364434,96.49175998283165,8.391590162224217,3993.5020464709937,-0.05962281474424813,0.2997941069458945,0.3042685746619863,1.9502780868086398,1182.3702814940496,1.9851578250528772,96.94509586546228,0.3511607501632429,0.0
C023,MockCompany_023,Finance,2024Q4,863.2239510799869,133.58445106551233,94.5331749049573,2472.2682281776906,505.6733624379624,1966.5948657397282,1639.7743776591763,1066.0406839114082,130.13024247513283,10.298454815168293,4498.372677348885,0.12642303046371006,0.16798137520753148,0.2541755448022902,1.841684341833044,1175.597659735404,1.6802665118883608,97.00760509619809,0.3723437811863524,0.05472114282880686
C024,MockCompany_024,Retail,2021Q1,659.4064582731431,84.37841870718493,44.98471118675688,1936.7085868802103,926.4807430748598,1010.2278438053505,1452.5314401601577,494.0825297805762,8.803004643770393,22.786956715309884,2623.602136477501,-0.05387991136270766,0.052170390415566675,-0.2524368735506969,2.0144690739723865,1171.514687357575,2.463908975445088,100.76882214129593,0.5763027361705957,0.028235969962168088
C024,MockCompany_024,Retail,2021Q2,612.960671814165,64.00319451722906,56.19695317161761,1777.4533590927945,855.2361581927954,922.217200899999,1333.0900193195957,477.11226931458634,36.87645390756183,20.15342367470703,2156.2762531372396,-0.17812376230479143,0.22407834195505272,0.10191757611115594,2.1149447746190315,1205.2898593734888,2.270536694680941,101.5944190563104,0.49406826162075046,0.03167170320657672
C024,MockCompany_024,Retail,2021Q3,555.2405934009577,76.09481361117173,57.12369661214653,1707.2895053213863,848.9463680956129,858.3431372257734,1280.4671289910398,409.1042212579306,70.37298517506055,21.22255268644957,1679.9497173835002,-0.22090237049205338,0.08014836924677415,0.46540758133783694,2.2426295001006853,1219.5763014503116,2.5723127756493507,100.4201497702787,0.41321163605728095,0.046326527647357556
C024,MockCompany_024,Retail,2021Q4,547.8067982757458,60.247149589993796,34.18785559730826,1783.0703285635482,877.9613122935843,905.1090162699638,1337.3027464226611,421.7716821964764,39.59987085965662,17.485011734611213,1758.7108898862907,0.04688305351511352,0.21071477950069253,0.1839644329781876,2.48234611079772,1233.352021362512,2.260742893340833,102.11120323544583,0.46296684513166625,0.03906796837582008
C024,MockCompany_024,Retail,2022Q1,579.8792221468705,59.43744449771684,27.448391381346966,1827.295902655045,862.9562278255331,964.3396748295119,1370.4719269912837,415.577147401694,3.5147170960062155,9.099843142398784,1979.7223858834398,0.12566675811704248,0.1553478571283426,0.15725338401290562,2.2322618412806867,1252.3826001651628,2.3174205760878337,103.04251961916525,0.34787971111840577,0.03018280934782931
C024,MockCompany_024,Retail,2022Q2,633.3785960134421,99.27001450461455,89.89461611599968,1989.0526545910382,907.0304628814072,1082.022191709631,1491.7894909432787,555.6010224425153,57.48713576927219,23.125670838390853,2378.37288753683,0.20136687067641293,0.2094736257149217,-0.03455160985329836,2.219145498469449,1234.5701868220744,2.5120235726518807,102.95398107944831,0.343275667350469,0.002472637586717223
C024,MockCompany_024,Retail,2022Q3,665.6072385714248,47.89593490345288,16.398303932062113,2154.7088819570886,913.052835087619,1241.6560468694697,1616.0316614678163,469.33701331849596,36.10594962910467,22.777562574847195,2428.41599169397,0.021040899187581674,0.29439725915660714,-0.12385531231985646,2.1677654447690493,1218.8325261721475,2.1654414514365983,103.70940879775512,0.11825302117825931,0.018033058452600538
C024,MockCompany_024,Retail,2022Q4,715.9080238720295,81.97404169471577,68.696779111014,2339.381273716003,940.8330777250625,1398.5481959909403,1754.5359552870023,598.0136238131604,43.52650102850483,20.13884813539932,2381.1694252889056,-0.01945571375195368,0.16947951842370315,-0.11362916202796294,2.1898890055753597,1235.2935917983268,2.0993615326236985,103.82649639378943,0.49401064458824007,0.03391133576587769
C024,MockCompany_024,Retail,2023Q1,730.5631762405534,112.44323215310077,68.86603541372176,2496.6892548579326,851.3613293229596,1645.327925534973,1872.5169411434495,635.562424774801,118.28454751513874,18.579596714241795,2140.0917567996,-0.10124339155751418,0.19842361153236787,0.018960677592908808,2.1290940357952945,1223.95110251513,1.9928151580800726,102.45716803594215,0.44498006520639644,0.021262820560975913
C024,MockCompany_024,Retail,2023Q2,729.6250783580998,113.37268789670448,86.12121524649953,2598.9564687685242,858.4788610275574,1740.477607740967,1949.2173515763932,606.7042140053397,104.59281148406166,9.952145527060903,2376.9619941648198,0.11068228108099808,0.2828862360459832,-0.11267113953623392,1.8007266454605932,1199.9821636301645,1.985180775083778,101.80392878316616,0.3539951270714349,0.0029363842574003166
C024,MockCompany_024,Retail,2023Q3,747.0042512820498,106.41999284772763,89.1899619774618,2568.385824912997,881.8320711841186,1686.5537537288785,1926.2893686847478,632.5228209614608,33.253104773720715,19.126426075531832,2341.8473363016624,-0.014772915153612162,0.10894196401997981,0.19065300023099682,1.794403994864087,1185.8158368698494,1.8591668409822282,100.24197217343881,0.4727041630585658,0.05872238702708765
C024,MockCompany_024,Retail,2023Q4,756.4378145740278,87.74288779439513,76.27760323080686,2594.909643934407,972.4927003252982,1622.4169436091088,1946.1822329508054,685.1850708512445,35.56145316102147,11.564984066646513,2590.9999064702497,0.10639146553509272,0.3182425435461571,-0.13796113979245297,1.7134315935250244,1196.6076510517248,1.802456829779428,100.51900759043967,0.24154886859151947,0.006071783785152128
C024,MockCompany_024,Retail,2024Q1,735.893743969209,95.52360912356673,73.04464825784657,2676.363620005204,976.5037850451026,1699.8598349601016,2007.2727150039032,638.5406948573477,66.26758355119702,14.359644477916596,2448.12241061012,-0.05514376727816008,0.12379907455251948,-0.22316668715537927,1.8554616787125842,1186.963965547218,1.8376053561915262,98.03395308070773,0.5760152888177841,0.01056598450767621
C024,MockCompany_024,Retail,2024Q2,741.9620903565461,106.62801950259063,96.61139919642864,2706.983426629384,1032.8599172463657,1674.1235093830185,2030.2375699720383,764.2046939841705,36.2307554476595,18.27060581379443,2511.3057790902412,0.025808908985222853,0.04,0.0057272241826884515,1.8654112221826562,1162.2466787151432,1.848208713889333,98.82378339591264,0.39671440607000963,0.027924070478225413
C024,MockCompany_024,Retail,2024Q3,775.2352423534344,70.14063646819369,29.918350069374195,2852.356585680933,1076.9663840610913,1775.390201619842,2139.2674392607,703.0933275952568,54.28769229813128,13.343217185624988,2561.269121057432,0.019895363751876873,0.18066899062701036,0.2716669940963556,1.884209017976164,1167.7212678014869,1.7909920205383871,96.18064102586862,0.33619493114080257,0.007278965467818286
C024,MockCompany_024,Retail,2024Q4,815.2025227578526,95.53618582561425,54.499517801800096,3211.9292545463477,1081.274738663205,2130.6545158831427,2408.946940909761,831.3574758141967,66.5862998911146,26.930096228976083,2451.762805025316,-0.042754709035380783,0.18715030879033845,-0.08678776541747428,2.1342767873134783,1153.4945372267493,1.9030992126987254,97.54630969188814,0.5257286763777165,0.005082497060387117
C025,MockCompany_025,Finance,2021Q1,685.9319687099718,149.77861898541855,133.38283964368202,1130.0666806497861,320.4828904789614,809.5837901708247,847.5500104873396,333.2371428289689,42.92722178737342,5.864474349066423,910.8574353515484,-0.10914014914372769,0.23737087023242026,0.386404514529547,1.9883101670867673,1183.4782679887144,2.345376921185447,100.68781125183686,0.35251436858929214,0.05989414579158828
C025,MockCompany_025,Finance,2021Q2,741.1268401847492,146.72272681414427,103.39127222726029,1304.2471369541693,329.8100962698506,974.4370406843186,978.185352715627,326.20988448595466,114.67053347819815,6.424823834671065,1137.1106907018984,0.2483959032107224,0.22191907782983997,0.030312254628805442,2.1096584000200584,1230.5009663255591,2.37980328128516,100.83895657203344,0.35166849543217416,0.0
C025,MockCompany_025,Finance,2021Q3,797.1878293967671,174.16796700415085,131.39547763488562,1464.6678228121802,369.6875968217656,1094.9802259904145,1098.5008671091352,421.91599188553363,100.19301634136087,8.030365642807011,1265.977213465729,0.11332803729449223,0.18127343415358838,0.2965659034033657,2.164094037568321,1212.606382237122,2.644864641703893,102.4185272627837,0.18478786832288244,0.00897196331518485
C025,MockCompany_025,Finance,2021Q4,827.9069731874811,146.62967151785782,114.57628172219208,1527.1840795336798,374.78568326981105,1152.3983962638688,1145.38805965026,424.38150155592274,107.10416834416418,9.951161933479087,1403.819118979645,0.10888182192202456,0.13498024311634071,0.22787127905326096,2.151071749803963,1225.1275534191645,2.2718025717190606,102.22906890440079,0.2630141259032109,0.05629199683072626
C025,MockCompany_025,Finance,2022Q1,840.6983996241405,131.29650927924538,117.51482963805095,1544.0745662627394,373.4639801938722,1170.6105860688672,1158.0559246970545,371.96906924197395,124.39703109841236,4.4767654025610915,1544.167516758035,0.09997612646877266,0.18273955013217433,0.5446850664685418,2.2547715241550694,1252.2692713484087,2.2159956481157175,101.54852732017387,0.2710691541808797,0.0561496044939198
C025,MockCompany_025,Finance,2022Q2,903.2585427128399,140.24493363772078,94.5628985245451,1662.2884128078226,376.67613682850947,1285.6122759793132,1246.716309605867,513.856694918388,108.03414440785838,8.121100577118368,1708.0870027826472,0.10615395301719581,0.24667745013054512,0.6045570258773179,2.3139001431543647,1228.5832485348878,2.1989247116519888,103.5628024538611,0.34699744549536116,0.06288506657742364
C025,MockCompany_025,Finance,2022Q3,946.2017611296151,167.78145033288317,123.73608520614077,1676.2748664972303,399.2422728937687,1277.0325936034615,1257.2061498729227,422.8373758528426,47.028601431360414,6.732745342943807,1909.5310164675363,0.11793545255992005,0.24745755045632883,0.23339834273112164,2.102467972979406,1211.7260541591947,2.1719127735771773,101.69099177228007,0.33653882919060063,0.04821541803886459
C025,MockCompany_025,Finance,2022Q4,1018.8394031322703,209.99602768253706,183.91074710791034,1904.396922783376,404.78628526783416,1499.6106375155418,1428.2976920875321,548.9316454254619,122.98570552613054,4.547867663387905,2202.5680637104847,0.15346021861694656,0.2540980357122075,0.004202776906205942,2.14339732609285,1227.7148355236436,2.1162151635330333,101.57165632189215,0.02111902381933728,0.0
C025,MockCompany_025,Finance,2023Q1,1057.235487342459,239.48412806913313,215.03945652440123,2021.5394739733354,405.4418972124666,1616.0975767608688,1516.1546054800015,489.8060456130119,142.05726410590128,6.6609546346038035,2280.6470652926864,0.03544907549901923,0.26112768314813684,0.1346857604854192,2.1495680340441687,1202.8941101269882,2.2684060259443815,101.5181716887609,0.18971268909764458,0.0403452426159333
C025,MockCompany_025,Finance,2023Q2,1102.8864385450825,223.04410413882587,183.91548451025415,2089.993090914119,465.38261970833787,1624.610471205781,1567.4948181855893,613.6123150635741,93.51779441609395,8.661575646778505,2221.5033732224038,-0.025932856061046075,0.2340737838388888,0.0711750158830011,1.8899591642043168,1194.7008941667732,2.0338395971761605,101.73634218408874,0.4000403457011822,0.0659085790652735
C025,MockCompany_025,Finance,2023Q3,1159.9757519706088,205.1385481080312,176.12463236713526,2112.7039707705367,475.8138129425174,1636.8901578280193,1584.5279780779024,636.7888481108945,136.7377252716309,11.154820419553294,2661.5185226621,0.19807088962526842,0.3247781706001032,-0.12388486541609728,1.908065724952785,1187.9186393811167,1.948702351982672,99.35060657282136,0.5748457493661308,0.0
C025,MockCompany_025,Finance,2023Q4,1269.0789791706725,300.3545669604996,270.66022079443314,2351.7974000682475,495.8302494462604,1855.967150621987,1763.8480500511855,605.8385323496358,127.3718291229117,5.573842823600672,2855.0317170280596,0.07270781424898906,0.2221361614083908,0.43593027895057057,1.8217875082912132,1176.5352507242083,1.7369491460827404,100.48778242705242,0.2788872827079547,0.038181300757430384
C025,MockCompany_025,Finance,2024Q1,1144.6574097378668,195.10525914371686,129.638414066111,2206.985684400599,508.6004624984613,1698.3852219021378,1655.2392633004492,631.3353536354153,119.32246158182765,5.165946206464278,2742.1032142009562,-0.03955420255178671,0.32172475276017615,0.35882217106739367,1.811477784984771,1148.6992374830243,1.775186053868216,99.44244496517152,0.28878368574832064,0.011155649015872817
C025,MockCompany_025,Finance,2024Q2,1222.5995213090166,203.74886395597852,134.420660054326,2426.2448751186917,481.0846294699311,1945.1602456487606,1819.6836563390189,562.3874524807944,72.26447825011843,9.330371106824169,3329.5474664840317,0.21423126935586778,0.24937071376588685,0.6950200253958299,1.8812942289299748,1174.0113788866204,1.9013422646003553,97.86740219336566,0.24006959251571172,0.010256105356479455
C025,MockCompany_025,Finance,2024Q3,1343.158066931588,303.73677076628746,263.3680706323896,2911.49385014243,504.92915853295636,2406.5646916094734,2183.6203876068225,918.9337628322402,351.8362744369381,7.661103445994417,3752.9486603796686,0.1271647868539757,0.19871377323785216,0.4890116946007134,1.9401133753987336,1150.6860343623139,1.842724961125591,97.67707527818855,0.5370750376053851,0.031029182088293646
C025,MockCompany_025,Finance,2024Q4,1453.875126311613,349.70921520649557,308.2201348605978,3244.760117107897,499.48232146142425,2745.2777956464724,2433.5700878309226,844.2531071519935,359.74529231910566,8.130421700222279,4034.068726896379,0.07490645142165911,0.09181335846108812,0.21503454739017994,1.8334837298769997,1182.4860621016192,1.9054460839119491,95.88775882658577,0.38787798654758204,0.05806139333090518
C026,MockCompany_026,Retail,2021Q1,119.22895434784171,25.073758362898957,19.798256059771624,318.044950248209,131.1710978732176,186.87385237499137,238.53371268615672,91.62897532145672,29.35560890476904,2.5192815010975975,411.40971435813117,-0.165947683376443,0.19026044343112694,0.0483359971248726,1.9449753986391642,1190.2017139592956,2.5184916340502705,98.96396825853488,0.3134375079597076,0.04609716575791814
C026,MockCompany_026,Retail,2021Q2,125.43251054048287,25.083264362813892,18.65021916013436,338.11095846078604,131.8375785979817,206.27337986280435,248.03132731589582,90.69579181984483,26.17491067678057,2.1192308764751244,528.3588122938113,0.2842643084355472,0.28618143229733506,0.09160781242799976,2.1481049579368228,1216.158899312719,2.512577765415525,100.25694449249053,0.17988970408650087,0.0009484455853886187
C026,MockCompany_026,Retail,2021Q3,124.43644592799609,25.47412610608598,19.548191456985904,336.8242447382923,145.9206250202171,190.9036197180752,252.61818355371923,130.5376202290515,26.983151494852166,2.1927825633632327,524.3905095329068,-0.007510620942757638,0.1029282660472639,0.44214239115833087,2.146414887128279,1213.398934300474,2.3992218603179105,101.3614518756995,0.1895174129628114,0.05151930516039834
C026,MockCompany_026,Retail,2021Q4,120.5475537549801,27.297182069862945,22.492575027999415,319.22501900428523,148.59163504410998,170.63338396017525,239.4187642532139,125.15268280093343,22.06277985311793,3.734309862988818,560.6347839677326,0.0691169534458391,0.17184284569403935,-0.25671463368145275,2.249013813816921,1236.6612110566336,2.712119792730937,102.71723719315303,0.3613706836938878,0.012094124973031868
C026,MockCompany_026,Retail,2022Q1,113.96684499453309,16.25317199491427,9.338654726482314,313.0041320667589,155.05898799001594,157.945144076743,212.6020058677809,97.35294856074263,17.035703287950483,4.460440650999738,572.3811284084801,0.020951865236787687,0.1663324123195781,0.15138182516874885,2.351409012075026,1234.024189038113,2.3663543135898557,103.20290955396818,0.1465720721103756,0.01818384622026268
C026,MockCompany_026,Retail,2022Q2,114.05015512645637,20.758078236525275,16.951070031106823,320.2205897274046,159.00580669376498,161.21478303363963,219.43092467680952,105.04720987424884,16.12499315112511,2.773557820231135,586.422108496261,0.024530822892121305,0.16706652700184046,0.06467090187293635,2.235713417981771,1240.2660475110629,2.2957439580113275,103.16812003768776,0.1794767866229857,0.0677235789134116
C026,MockCompany_026,Retail,2022Q3,121.20735131301264,21.896730491962536,16.487948568728374,345.3790717175713,163.5727362490209,181.80633546855043,226.29607240028662,94.2199455282707,12.789408461644014,3.04678426232961,640.4283334782298,0.09209445585272141,0.22073358983600658,0.366568865967492,2.18379332669843,1223.7919233803723,2.199738700669765,102.54754016092856,0.17307388818723357,0.026446191612489497
C026,MockCompany_026,Retail,2022Q4,124.58638083661111,28.320522801564223,25.15773650481121,365.83825578636487,169.3536245625926,196.48463122377228,274.37869183977364,120.0768884192447,33.75242428892507,4.055479861809766,725.6176038526268,0.1330192090529874,0.26725819425363345,-0.20500368924926132,2.137076527856003,1231.0791162735763,2.2065247135239905,104.93075405301572,0.46435138391471736,0.01873196923109426
C026,MockCompany_026,Retail,2023Q1,125.34659527841042,26.192963450085212,21.421984071167806,366.0897703027131,168.170494725795,197.91927557691807,274.5673277270348,125.43200672107112,14.350440023596796,2.291191024611467,649.782264552698,-0.10451143811462833,0.2415335550741153,-0.31679929909930366,2.0229201962903893,1213.7009530227035,2.289216889594348,101.93098137551006,0.444213774224774,0.0223202089217288
C026,MockCompany_026,Retail,2023Q2,119.934510725492,19.96702005998276,15.466563878197102,376.07861532317753,175.13740718755022,200.9412081356273,282.05896149238316,122.48915565656229,6.745085108626545,3.6981170962498515,571.7946743664659,-0.12002111236433613,0.2435145355346672,-0.012692878238164548,1.8900392694368031,1189.4078408865792,1.998496580587764,102.36087088157844,0.3857059068674566,0.015625090464768884
C026,MockCompany_026,Retail,2023Q3,129.38610500087594,30.06613538880046,27.109209727330626,391.94942149975645,190.92780820206318,201.02161329769328,293.96206612481734,126.12195505673965,20.851995979815012,3.757145372759447,552.2186528656449,-0.034236103234977944,0.2756064682094382,-0.3888446055838028,1.8799504915873324,1179.069572825866,2.2564351483594516,102.63224710653269,0.39302463052200143,0.013907666305507799
C026,MockCompany_026,Retail,2023Q4,120.81958697055912,19.479443121184715,12.98794367528709,391.06237069208345,213.68256762107498,177.37980307100847,293.2967780190626,137.52666451819383,13.1054079163136,4.114589713413353,481.51362773008697,-0.12803809644720662,0.21901070936333514,0.0416243211362099,1.6479632059276628,1185.3155644187507,1.8264242596818332,100.66675781754915,0.28923744429789366,0.021845181350203226
C026,MockCompany_026,Retail,2024Q1,121.24724960335107,28.63523314875779,26.472091872541476,390.8389916567062,217.18363491766223,173.65535673904395,293.12924374252964,158.56625816558923,25.621896690677666,2.166301386414563,456.9214584555253,-0.051072633998942324,0.1829728951659464,0.10081016816351468,1.7744245175258806,1161.7892550275733,1.9212620280333716,98.77356927003389,0.4077553631370322,0.07414426188636036
C026,MockCompany_026,Retail,2024Q2,119.53586343969415,17.591487035638373,13.94267236024853,395.0776041930739,208.02157194277027,187.05603225030364,296.3082031448054,133.53070364531013,16.739485458087536,2.3706765881017025,454.76957915491823,-0.0047095168344265526,0.25055277332463394,0.04653892433527576,1.8150142408758203,1183.417767201694,1.7980533597753223,97.78188753232155,0.4750350732548898,0.03774867230369069
C026,MockCompany_026,Retail,2024Q3,123.32319449561393,19.814110983537788,14.100621954752619,422.6447432163988,209.28841350910932,213.3563297072895,316.9835574122991,129.67547509111452,19.806220889645584,2.4748033447028703,494.8043216529293,0.08803302668662696,0.29542821719621676,0.017257694674489496,1.7091115475444603,1177.142100372478,1.8590877210795353,98.36120537596007,0.4296761665525783,0.036159001906242653
C026,MockCompany_026,Retail,2024Q4,124.29671011267293,20.281254438867197,18.948395244754575,439.7071844090835,200.81998631270258,238.8871980963809,329.7803883068126,142.36654803003108,5.93161897288463,3.8876624380197042,568.007702983752,0.1479441026025835,0.22109975858725284,0.22897883638721295,1.9401144488699023,1187.1185794700498,2.0930637295870866,97.33248221922422,0.4651173813116648,0.06989430382030629
C027,MockCompany_027,Bio,2021Q1,365.0987835248103,12.664993201987416,-3.656638803219496,580.0338406330898,265.96224736622065,314.0715932668691,357.92220222632704,204.71957924860433,-12.959048678215826,2.9742626750137617,1292.5443644440736,0.21675490194406674,0.15957814992231187,0.1503203263020742,2.0263996283199166,1208.9208820953393,2.465033716800481,99.10711360585253,0.7253533206913992,0.0751286171827257
C027,MockCompany_027,Bio,2021Q2,400.45111775603704,18.194920215185192,9.053655461225139,643.4738835652804,286.93682219201895,356.53706137326145,431.5955820054699,221.0040446777935,-15.96464594926384,6.117779214128879,1484.5697041105739,0.14856382879290247,0.3648709605489641,0.16655620939898116,1.9667027507116728,1213.890218445073,2.8457128932806173,99.81561590587415,0.4530121031242519,0.05967421687463863
C027,MockCompany_027,Bio,2021Q3,454.7544928862778,24.824169381722875,18.66624543653415,715.4152623984926,291.9553477074381,423.4599146910545,469.870792590158,280.8452858688721,1.6178413740059572,2.8574261244514334,1480.9683180893287,-0.002425878698233838,0.17093661662161103,-0.0793891926347042,2.159792351422987,1233.4586409674398,2.8084579427051035,102.81286098871395,0.25750442901132997,0.0931667541193985
C027,MockCompany_027,Bio,2021Q4,507.30320629717767,17.49877747885294,2.904419726881128,838.5283349748039,291.60168394864286,546.926651026161,566.7487800013038,213.12160506013905,-3.3554489346088925,6.434975155620446,1742.9401146627586,0.17689223555532427,0.2590630689686738,0.13428409879717657,2.0807776465243415,1205.6218965797448,2.456583971773201,102.34482784695405,0.3790761191615764,0.07250835724592791
C027,MockCompany_027,Bio,2022Q1,563.3607348601392,46.93462002265824,16.024254103431232,976.9828208242805,284.7530975587618,692.2297232655187,626.6883801799054,242.36105090355775,30.47445165441883,3.5132048452910314,1972.567492829673,0.13174714164596804,0.22024536005725148,-0.030261222338885556,2.2038138885816743,1237.9240521817871,2.6934026826675375,103.69801426599422,0.49138327122653425,0.10394443875760001
C027,MockCompany_027,Bio,2022Q2,603.1756901891127,53.49672172402536,16.901558329440007,1020.38015729979,276.2748458689657,744.1053114308243,704.136896152517,343.7712983588312,49.791304455474965,5.869153137064148,1912.6453382274044,-0.03037774617096095,0.2369557260242735,-0.4812775880131387,2.1445241782951507,1230.6098718946666,2.447624605494477,102.86607031888892,0.19826341556597057,0.02342646130419198
C027,MockCompany_027,Bio,2022Q3,711.1387679619622,-7.003982086337205,-38.99604569066089,1209.7494467071215,297.39615991874854,912.353286788373,880.8338019693937,473.15079654548083,-52.27679428805195,5.879066114246073,2269.4833879392586,0.18656780877241114,0.1346396138951166,0.08487890600507669,2.202387443446426,1210.1926073382424,2.2295174003640272,104.2807883591774,0.469575805451,0.06646322265950289
C027,MockCompany_027,Bio,2022Q4,768.8303843601462,51.83376642332763,13.296974557966085,1362.1571627853166,285.45926278109425,1076.6979000042224,1021.6178720889875,598.967734200822,12.069447175885088,7.143638966916222,2913.7548573837157,0.28388463774104555,0.1602829351634445,-0.02585066592276726,2.069769475130485,1225.5768927527104,2.2186335255664114,102.84735710135895,0.29438768900901213,0.07239007019734876
C027,MockCompany_027,Bio,2023Q1,842.817701795838,75.6072426651428,26.854757053755872,1461.8487309333332,300.69340069514806,1161.1553302381851,927.3117777738696,531.6407005732715,-11.688582336511416,4.489442282593997,3194.9530431843896,0.09650715299130003,0.32026998928548706,-0.15340567490699603,1.9591311218307441,1214.4099002767846,1.52496711425494,102.31116894749644,0.5071776656821985,0.05369599906907637
C027,MockCompany_027,Bio,2023Q2,892.0248078536099,75.08042704636742,39.779555891928304,1583.7137496626963,300.2246137590203,1283.489135903676,1060.5365268918963,486.60427036479615,19.498226955702748,5.083289440707939,3335.0700720378113,0.04385573964923378,0.31813125251001795,0.02286690990562722,1.9073961828954231,1207.5393942260082,2.0793629921356676,101.81990304313099,0.16464896287775596,0.040103037971472126
C027,MockCompany_027,Bio,2023Q3,1007.6028488531539,40.78072972618541,10.239576311690668,1833.482335470299,265.6118893540044,1567.8704461162945,1211.7484069773368,558.4362489803908,-16.668481403169302,3.355713256475075,4325.15634750045,0.2968712063245106,0.20702495613138966,0.48088477652229533,1.821937769905786,1179.7769852910662,1.6852542115199491,101.35031699129028,0.5190479378421682,0.06703589617571415
C027,MockCompany_027,Bio,2023Q4,1114.816576385864,65.44895596931245,10.622874787930039,2172.341476031807,272.68316107171086,1899.658314960096,1249.7970761324948,657.8219791300578,5.916609325160408,3.2962313475496727,4460.812038920614,0.03136434397303632,0.17671286684646498,-0.029282549808458957,1.7462557878696388,1148.2514140369915,1.827518837945059,98.91359141904044,0.28278187885166844,0.09028538454199297
C027,MockCompany_027,Bio,2024Q1,1145.0765075026113,5.455542542530133,-27.09528784023876,2213.7879146709743,270.2740952613995,1943.5138194095748,1467.4280099724451,672.0141455392335,-51.66891177121452,3.0471609765790992,4078.06305487352,-0.08580253566113225,0.15481324857704698,0.3243963257152294,1.8022645588682682,1187.5107182854701,1.8038488490231643,100.11285449187156,0.5136389012717715,0.05150363724380212
C027,MockCompany_027,Bio,2024Q2,1257.4587273936331,1.1424826173907239,-49.816989650056634,2516.6954011321336,283.81891920840815,2232.8764819237254,1887.5215508491,1006.7679959844427,-13.333949538274394,2.474530579503818,4791.349705348384,0.1749081956009596,0.19871530790104167,0.1314701823320389,1.8780278538882764,1160.4619304308012,2.0650479502941788,99.49719344364186,0.47804754142392947,0.06372527948529097
C027,MockCompany_027,Bio,2024Q3,1412.1516728270115,96.7101129325415,47.203828787106325,2792.502158951741,257.721702555241,2534.7804563965,2094.3766192138055,982.1938672913085,-30.859572419105845,2.064828961122314,4874.013820858167,0.017252782742513406,0.20036362641626,0.4986609653308739,1.7727248466107426,1174.5217404777832,2.095695764959437,97.28425782694815,0.2452033706190377,0.09159495036031096
C027,MockCompany_027,Bio,2024Q4,1498.0641927480485,154.28603202887243,110.0795787283542,3108.161721929864,265.1135124465001,2843.048209483364,2222.095958952406,1071.7537540656422,180.21124232210352,5.133129638748142,5115.8019460943015,0.049607599428916536,0.27731462248279953,-0.03340163196704479,1.8917539328362716,1167.1005214982565,2.0950068022650936,96.99219786293442,0.12552391583091504,0.028014406625267912
C028,MockCompany_028,IT,2021Q1,698.6054279709397,189.33426771473776,148.27345572898258,997.6718140655064,206.87789627532183,790.7939177901845,576.8570362596593,340.9336211844468,152.59067771092262,4.223559814753766,4197.589876246721,0.24800984449909555,0.2365343887825808,-0.0005036293038572087,2.012664282967242,1167.4832430866286,2.5014562138727268,100.34008250725074,0.4650687248026336,0.09040104763137788
C028,MockCompany_028,IT,2021Q2,705.0040860523417,142.9559757617505,110.26031520821917,1073.1604587065297,214.3471737476396,858.8132849588901,636.026620608614,304.29136280873803,154.86333873352814,3.8792106826894512,3856.231255194671,-0.08132252819260083,0.18621196221971376,-0.3437689961164304,2.0821035880098058,1207.2368273618545,2.709116338032457,102.17682144338232,0.46217740312897576,0.0804999187517498
C028,MockCompany_028,IT,2021Q3,745.074664063155,176.19099870499622,154.1398065489767,1141.1017487262716,205.0939015975563,936.0078471287153,758.4400054701468,557.1896522459577,96.55206343130638,2.2228315868289257,4031.511174905254,0.04545368472766417,0.07963158170688536,0.1473625894433948,2.1571734781617975,1220.4378586136265,2.621373858939979,100.71386577056457,0.051275140632548066,0.04409397568542188
C028,MockCompany_028,IT,2021Q4,774.1067121783045,98.33915209155842,87.86239061612278,1212.8242810765903,195.97232197655705,1016.8519591000332,616.2743540808608,288.7988982334632,66.69105742298801,3.9966193030014177,4599.887641953855,0.14098347800361952,0.1655072604155578,-0.24609456324988865,2.1869923098581436,1239.0781531741382,2.6504113591578102,103.15015189330227,0.5791956768084523,0.0815263994536285
C028,MockCompany_028,IT,2022Q1,864.1367832047632,210.2173594314131,198.36248560645757,1419.2195718193811,180.57760663755673,1238.6419651818244,843.2131163636082,520.4489765341434,139.79415360939683,2.1018579275762606,4731.345516582408,0.028578496881005444,0.162683571628312,-0.18961595928414,2.219349307610202,1220.2685285169218,2.6962167916328394,102.70990728382608,0.2750313103766002,0.06821303765845024
C028,MockCompany_028,IT,2022Q2,897.514047497307,173.02616273127146,119.20531522572281,1518.886253690582,172.1109925303272,1346.7752611602548,922.0547013231513,513.3062367320667,101.30472321709628,2.257609346496675,5599.548641932211,0.18350025850086965,0.19116624795932718,-0.15144248920146075,2.1460790237539813,1253.7174268677913,2.3843553118474627,104.40535965182202,0.6664978121125043,0.031832609611950835
C028,MockCompany_028,IT,2022Q3,984.2086643493303,139.89379230595344,87.62393376718757,1610.2886085187786,163.69632392505028,1446.5922845937282,952.1285278113038,496.9551145158724,69.53141474508843,2.205668466986753,6753.7814667614475,0.20612961840991378,0.18276585124460223,-0.2015310042780924,2.054744748827883,1238.606946425005,2.4685059278102983,103.1208098233108,0.4347337110326963,0.08532739226937708
C028,MockCompany_028,IT,2022Q4,1030.0333434881877,200.95500567247677,181.54536783183545,1632.859187392321,158.02026901397338,1474.8389183783477,855.3803704487188,416.4651537757585,102.74015588836775,2.182241055654436,8098.555586355602,0.1991142482492843,0.30795361735869475,-0.22381209461841126,2.155268989786197,1229.0528029497882,1.9623388935007788,103.2801644095724,0.0,0.06819445944131894
C028,MockCompany_028,IT,2023Q1,963.3205113342987,191.80642971728494,161.82029675958108,1590.1747237745942,149.7198589481999,1440.4548648263942,984.5816339050506,553.8423645736426,88.69410553290982,2.919803440443811,7284.073588937178,-0.10057126715172,0.2830391432016621,-0.009824881741709132,2.075200416887091,1235.0996855698559,1.923724517554313,103.66702436242535,0.15722268613176868,0.06479570178228079
C028,MockCompany_028,IT,2023Q2,1056.6083492019593,211.5892361458598,199.11124216044058,1775.4621498334018,142.0038031951935,1633.4583466382082,966.7629895194175,711.7313881597001,180.2182813461571,2.851938048710024,8515.104660522271,0.1690031074719982,0.21659251883209343,-0.44369387765513135,1.9184931756653432,1203.9449867620847,1.7473413090781285,103.12775607005322,0.2604497362218428,0.08153030296760869
C028,MockCompany_028,IT,2023Q3,1173.6985973860506,221.89752367608472,180.8751061989164,2029.208257916654,124.8445138515379,1904.3637440651162,1043.5967525424935,519.9998584795759,60.53146291803753,2.1675906087179078,8606.044263007763,0.010679798559271536,0.07184083894349419,0.3630485439570536,1.8263302774488184,1167.4817634431136,1.9506704220571356,101.13513524138283,0.36518230486358794,0.07258185905522861
C028,MockCompany_028,IT,2023Q4,1388.5095156224781,317.8706211282825,292.72583999987455,2435.0499094999846,120.2927337926537,2314.757175707331,1267.4176160456636,698.5711369519331,387.0431644512606,2.510740925761313,11175.99944815502,0.298622120292125,0.2057296822808547,-0.052391712057560574,1.6726472552790612,1183.6646840468106,1.7046035322276234,100.94570289233339,0.26392711950605674,0.08029700293834685
C028,MockCompany_028,IT,2024Q1,1378.8798101251741,317.6552268950157,237.60984686799884,2446.1556437271847,136.57631440782228,2309.5793293193624,1625.2124815655395,835.6794151111329,195.32725493040013,1.7884242601750882,9817.85102102518,-0.12152366626629069,0.3096226494392461,-0.205277794806679,1.7657821692177988,1199.0911763429256,1.9193299486851587,100.0717488762283,0.26534913213999056,0.0840348111015417
C028,MockCompany_028,IT,2024Q2,1430.3267483492339,345.97110160812616,261.23690417217443,2466.741086413127,136.4038600857275,2330.3372263273995,1171.5445861330877,662.8798126900145,140.8351527373,2.9002870086732733,12457.088973883972,0.26882033015237206,0.14116421446080846,0.06422934857878666,1.8777939493108196,1153.64157287534,1.7751728817201493,98.45233351932283,0.4458743998834726,0.09230137234424572
C028,MockCompany_028,IT,2024Q3,1562.6792799592138,380.7576865035168,290.92354091465893,2780.5779035486894,120.36710050951292,2660.2108030391764,1639.1970090612224,855.7900292463311,451.9986131512969,2.1026897608920274,12982.085438864908,0.04214439393357303,0.15827623042148775,-0.10839158761368885,1.9443894622553757,1170.1785356494913,2.029877064566421,97.19750597645387,0.24757380883017177,0.05155804555538758
C028,MockCompany_028,IT,2024Q4,1662.4352360057778,318.8559731240913,236.72689609110472,2885.201426296671,123.27815978579785,2761.923266510873,1835.7095872085272,1524.9260351453145,236.77900288434566,2.805493460077117,13867.64128635947,0.06821368197465744,0.2860615594965721,-0.08784581171086372,1.908465742659197,1163.0403985989167,2.1939240099103126,96.95361105257405,0.34287245417004547,0.10638070990980786
C029,MockCompany_029,Retail,2021Q1,769.3576211572953,84.04084775180337,74.37078222940985,1230.5537530719187,710.58077804621,519.9729750257087,333.45461190186387,300.53201850577227,48.24256622826199,15.73777296242806,3787.477304880739,0.05153860988577627,0.14030448218376462,0.12035270061323719,1.9905941393603264,1206.5361287660653,2.6747020576528704,100.38195968329968,0.31043531296288396,0.034179792255500066
C029,MockCompany_029,Retail,2021Q2,775.2509712279913,76.64284242258245,40.69464711365002,1248.4696785093092,685.3806514717796,563.0890270375296,235.3958130210698,206.43418270141504,-4.622687125861255,10.268349100433717,3925.517274764591,0.036446415059957354,0.3093460070792972,0.16173400696156587,2.144967226090511,1222.8853786652492,2.5529932092968166,100.19432032046363,0.31356106244552795,0.01141259075623106
C029,MockCompany_029,Retail,2021Q3,756.9778785163489,69.15948821093524,31.22681843063842,1294.4220188561937,674.2645043370527,620.157514519141,568.5332392873743,687.7948177192532,26.880387759169572,9.194464761321319,3587.3276339631766,-0.08615161190997307,0.3555684182165498,0.14741203585501286,2.18581726907288,1224.6163638136034,2.5215250233350153,101.47839493598244,0.22887879456209784,0.025646085140269777
C029,MockCompany_029,Retail,2021Q4,786.8799252497693,46.2704100525998,26.423402648788734,1404.7422522662505,673.3163432058725,731.425909060378,586.1950620470501,988.2312723359663,-13.700050436598573,15.420583755900324,4246.592128804478,0.1837759363264417,0.16082771685120362,-0.1581338313404075,2.3236307559803384,1240.5282608907962,2.297385043898944,102.1565202456878,0.4351169645555688,0.019424152627057184
C029,MockCompany_029,Retail,2022Q1,759.5151856006048,58.419616741734245,22.43339905516529,1439.0487435917587,756.5942882258179,682.4544553659408,362.7082942911698,337.623302380624,41.52655019306973,17.525300556379644,4664.255612708419,0.09835262517229854,0.18535629007356422,-0.03708594674897392,2.228407167339945,1244.5346868445617,2.3074904798117473,101.15712813759482,0.22165705487306192,0.06365473444162159
C029,MockCompany_029,Retail,2022Q2,815.5213116181405,96.75303461506023,68.3588623328607,1615.1857639014747,773.6111415957114,841.5746223057633,478.75227212658933,527.3953391124078,30.952414961422775,16.025248658780622,4720.450858239014,0.012048063012988275,0.20397617727741182,-0.18845138367735276,1.9662630205044982,1229.5257106629324,2.3034799127180254,102.44084736523564,0.16774257093891906,0.014567207438552571
C029,MockCompany_029,Retail,2022Q3,920.9513145829624,-0.7342908934761364,-54.03688174777868,1874.864396159977,778.8333359108497,1096.0310602491274,657.1683412873966,797.4455682516608,-59.56762247785536,9.594921514373782,5865.080214789497,0.24248305742928378,0.22083749835279426,-0.03689643935752289,2.076867824522153,1226.7835509858928,2.289629256403958,103.06573742992182,0.465120020082991,0.031020094135290482
C029,MockCompany_029,Retail,2022Q4,978.0973808452566,97.9418384235092,53.54251959539497,2055.380754214678,727.749335454277,1327.6314187604007,573.51535787638,497.2940906285514,59.95327620422304,16.77592269983071,5482.459577923131,-0.06523706801171154,0.41086456856763953,-0.36166513708829584,2.187531338377416,1264.1099298198235,2.320594504145235,102.27563165176525,0.04562544217576092,0.03352718051256733
C029,MockCompany_029,Retail,2023Q1,966.7920260268739,88.66594979685259,59.823034257377806,1992.6958767515437,677.2540638589314,1315.4418128926122,643.5097976320092,928.8429823729617,47.495979429331385,6.8827954978177335,4411.055808840615,-0.19542392494727442,0.33566684415831605,0.1083274698304311,1.8946497498834243,1215.539473963715,2.0432895753653004,102.10882170900904,0.3434236053462558,0.009130851486235353
C029,MockCompany_029,Retail,2023Q2,914.9939797764977,17.688744188715177,-18.508418191987218,1968.5685944497136,656.2595315123081,1312.3090629374055,753.3248539872546,767.4134526020131,-2.4185449864200255,9.452764499736874,4021.576509773201,-0.08829616217659765,0.17236183836005117,0.04140342854783208,1.950519672883722,1204.9043410789266,1.877224735635921,101.7791703045232,0.48057044210939115,0.03115779828706244
C029,MockCompany_029,Retail,2023Q3,896.2783192507808,61.07602843247091,27.847210449167775,1914.246357260884,686.9663501636583,1227.2800070972257,344.56434430695913,284.8933390327273,-4.183634280120913,7.799859461194743,3639.503595773315,-0.09500575534777864,0.3963013053261507,0.4526068543752892,1.7777919241801539,1177.6707388326345,1.9308145469428042,100.19971669956594,0.45597316336957033,0.04391355945738625
C029,MockCompany_029,Retail,2023Q4,930.6077412821396,55.91062212370517,3.8344669577211072,1956.224387830997,683.2005439017893,1273.023843929208,706.3400876617073,966.5535957131717,-10.94436339509111,10.598354543312718,3564.388000974873,-0.020638967051901227,0.18504557501080948,-0.03141433432856609,1.613117324086623,1184.3364012539762,1.7941109396946422,99.34287106631068,0.23482452311551816,0.03517736188314029
C029,MockCompany_029,Retail,2024Q1,941.2412593283162,76.87461175907339,61.79538388235238,1924.9690201825063,706.6805768739334,1218.2884433085728,570.2797971193185,619.0333665439294,51.07490803463165,12.166397961707542,3341.6512656861673,-0.06248947511544378,0.05719721758081684,-0.37811167644930355,1.7287047180577537,1166.176522219419,2.0919789612752915,99.48302437580253,0.4638953934043152,0.06841131729207825
C029,MockCompany_029,Retail,2024Q2,957.7503682371749,79.3965435488144,35.1297583006174,1967.9218345185557,787.286805583149,1180.6350289354068,702.1547722648412,572.0479356106483,-20.113126236466506,14.00788160650455,3414.1075052906067,0.021682765149211677,0.29448262391768143,0.1872495266298949,1.7245925607601333,1182.831888491149,1.9632931133481906,98.22272375653291,0.3895840217017323,0.0176559368613028
C029,MockCompany_029,Retail,2024Q3,913.3198206819193,100.57157082612233,59.7039173083244,1839.492106478459,770.6013381634987,1068.8907683149603,616.7852539478008,772.6186999066913,89.12359124943586,14.860487882795901,3419.581088752878,0.0016032252803372116,0.11635624334767752,-0.4511467466904383,1.8730280449757974,1164.2324826639554,1.8260017727464601,99.87261329404907,0.31565225315704254,0.0
C029,MockCompany_029,Retail,2024Q4,914.4558421254271,21.421090349310386,1.2226606607542074,1848.63081712427,809.5286173867124,1039.1021997375574,690.8171165784657,859.857512575584,-29.877108051633932,9.414033505440408,3591.490446716848,0.05027205189822401,0.12922562070299495,0.5221228573533239,2.0516076384715047,1148.0800085008502,1.7571512217805492,97.59985507544734,0.23612249188108336,0.03478126508108517
C030,MockCompany_030,IT,2021Q1,215.16376628996085,44.81825927735563,34.49561681407742,569.1149668746805,346.3144345120151,222.80053236266536,279.31234339394723,216.2952506105665,19.746062195185367,7.630763477380399,873.006507744532,-0.12130006108967681,0.15370513396150023,0.15753027918543203,1.9216827976989008,1208.3466290555305,2.432552415702244,99.28494760523847,0.3733939512756357,0.1220291936074366
C030,MockCompany_030,IT,2021Q2,217.1979199790948,35.042680526286894,22.03966473342402,582.3560860079466,381.6431202142814,200.7129657936652,158.1303889929052,97.7151746408283,24.952636581066592,4.795149347581358,819.4976978730303,-0.06129256700473529,0.09250945025407031,0.18486658484806734,2.1973833715385225,1227.165578473466,2.6398228938409445,100.50740129996088,0.3024285337233898,0.07421669165511752
C030,MockCompany_030,IT,2021Q3,208.38963541442473,54.939806887448015,42.103942063097364,563.8178360683539,390.2505783143273,173.56725775402663,198.86419763606307,154.01244953889065,37.395565294187705,8.328267952996953,791.0529483380924,-0.03470998101491314,0.1310826909868051,0.19440280657085451,2.2700763851381485,1213.5787399646472,2.4669383427079716,100.57980935214368,0.4976672604555446,0.024302269532069667
C030,MockCompany_030,IT,2021Q4,223.33136991090115,47.13295714158546,38.97718911487325,589.225266519583,431.9736139544668,157.25165256511616,227.093556983089,163.1347183634794,29.097137324630786,11.63906098490787,853.41539170943,0.0788347271852707,0.3130971767593526,0.1054983434334944,2.241769701536682,1209.2297249732085,2.5600954055541867,102.06895463203972,0.4010424603228807,0.11056285345216044
C030,MockCompany_030,IT,2022Q1,219.83631994706062,38.92122804585164,29.891547749651114,594.0835532281249,452.4288220781724,141.65473114995245,218.4760475005865,156.5080645305735,27.309003421402117,5.606701865007906,838.6548402143744,-0.017295858076205393,0.11582311779244811,0.06423312759648402,2.226468160841471,1228.5515850611962,1.9646800117164938,103.23698841175244,0.3819388003723379,0.044306826000405905
C030,MockCompany_030,IT,2022Q2,222.41801252117116,56.912317467749034,51.29504695048393,607.0128608223011,444.8982654665959,162.11459535570526,207.34869271966272,147.5770133904024,42.46198491839908,6.8852393314875755,796.2739134163091,-0.05053440911070396,0.1874536803188855,0.1674592797300594,2.0658290441690905,1232.7378750892537,2.551807882184708,102.87604790025122,0.7307826540947614,0.1375491983568471
C030,MockCompany_030,IT,2022Q3,216.3051518248058,34.39742141695508,29.530317996585136,619.5496631670115,451.69387308807626,167.85579007893529,177.10186069818403,161.8577634884717,22.09545445272021,6.156750221055971,815.9844751338685,0.024753494225364887,0.20478679607566388,0.23929078285339414,2.131611931435175,1226.8366653667945,2.313043522929353,102.42339577141557,0.2578818314976074,0.06393846506690617
C030,MockCompany_030,IT,2022Q4,228.55558036233077,36.721099147409255,25.97351573915357,674.8242321734066,424.4851725781332,250.3390595952734,291.56242681570745,246.24475502578085,10.907068793924246,6.067445812112598,873.0856065962477,0.06997820816751593,0.26531523070594937,-0.14117001465631404,2.0457060376679532,1236.7781888522,2.2385282957476713,103.24169400054768,0.32754597350590253,0.0818607359960855
C030,MockCompany_030,IT,2023Q1,218.82220139742358,34.361280705812746,27.26327675357018,669.762684492477,433.14928853201155,236.61339596046543,309.90071970465203,231.0081242271918,28.693061796593707,8.743555928010721,929.1695249855591,0.06423644825386184,0.21099857794665697,-0.30928175370152544,1.983063439412654,1211.1167749246022,2.0419309922538504,103.54108868496564,0.5492322488890918,0.08951382973306941
C030,MockCompany_030,IT,2023Q2,216.85388785972344,27.122910738602922,18.924951962311024,671.5310989459516,449.86308127934615,221.66801766660546,254.14036365413907,182.51154850597987,26.268911949735188,6.6925149173904925,1012.2880276749457,0.08945461560491717,0.37417791194845407,0.21429945005798673,2.014969520646778,1220.3146845561319,2.2719601004267265,102.11519373146317,0.7262658702590661,0.07422339989396856
C030,MockCompany_030,IT,2023Q3,206.83576354442263,27.8449845707581,21.39656737306379,635.8069268921167,467.971337704589,167.83558918752772,285.2684135256197,325.6197774728267,2.3191402579840243,6.238875399147105,794.0851462157605,-0.2155541461458952,0.26837297797775567,0.47967125083956663,1.8110283822471829,1199.683109018091,1.9191205921249137,100.21600222412918,0.8074779061032351,0.0884468147658023
C030,MockCompany_030,IT,2023Q4,211.3838807431655,34.19006431144127,26.00170406659831,650.9065702476825,462.7649001522221,188.14167009546037,222.91388689760564,181.74821587100118,32.40556988346231,9.152035203014592,864.3362825615997,0.08846801464631768,0.31252734654954417,-0.2512672838720385,1.8188042427533906,1209.4781927017652,1.5263348180445724,99.62473799234435,0.27023794752303104,0.06989535610920591
C030,MockCompany_030,IT,2024Q1,214.75413882583214,26.985019167893075,23.681280657412564,668.2579948167046,496.1890238188568,172.06897099784777,217.73250102935648,297.46328961630473,13.235876911411971,7.67715004003974,845.2470413645802,-0.022085433160858897,0.3195239744606624,0.15250337748348516,1.9828628968758015,1188.7064180013574,1.7703356799138372,99.49044214529832,0.7323930386946469,0.08550878413007074
C030,MockCompany_030,IT,2024Q2,220.63936821274388,37.81623670453498,34.780243718744366,705.1449567061669,502.8265178670204,202.3184388391465,302.9521180788985,247.50527528540894,32.57958281198458,6.625759819761798,827.3158857204755,-0.021214100454177653,0.1977683416749545,-0.41336130932809345,1.9719630951726344,1160.4256169236417,1.9117743649230574,98.02381148435167,0.6545309200191746,0.03912090069561301
C030,MockCompany_030,IT,2024Q3,215.1172129077193,40.79484159226625,38.59581084556799,651.2019294662259,530.7415861024641,120.46034336376181,223.5372413222756,310.8692278892434,40.87433466039077,5.398928124873262,702.7809976577737,-0.1505288248566018,0.4114537075877383,-0.15678530993435486,1.8247715761130636,1172.8131183993448,1.9981496670132082,96.30987096460643,0.7717649669142698,0.039521689553809795
C030,MockCompany_030,IT,2024Q4,205.39339347063628,32.09124054250663,22.614677247526824,604.8117187152346,544.3792302430413,60.43248847219331,142.56972223332474,103.00290324224962,3.889490883330147,11.813381869723418,668.408699141825,-0.048908975385653045,0.26017455616323787,-0.048115514463851206,1.9334749533459497,1164.832676525686,1.6893801395814907,99.52962074222837,1.0,0.08808098955480699
C031,MockCompany_031,Finance,2021Q1,788.5520146280664,130.19872319516537,107.59052696054857,1392.6213723412882,612.4259342077513,780.1954381335369,660.4977704378912,396.21503357501336,76.23361449078902,6.182004399408861,1866.3353646524124,-0.06843499886703805,0.24979940985919274,-0.38634405795264076,1.7533664189554505,1197.6599710141154,2.715324845987931,100.73960821465127,0.07551047565059271,0.03195179208332521
C031,MockCompany_031,Finance,2021Q2,861.4994836626211,158.12157518746088,137.37967910574477,1553.843286507425,644.1491108700859,909.6941756373392,569.1168330064279,522.1314972383691,166.9780784242567,7.415786419723389,2306.1577485711196,0.23566096010864593,0.20160135217468045,0.22794756965157872,2.08045512320826,1214.7194351544863,2.4416932240632763,102.3540818889951,0.1631607095658071,0.034731385739782634
C031,MockCompany_031,Finance,2021Q3,871.0000201670948,141.07407904218024,108.38155140424756,1516.5301509328522,599.2274885001269,917.3026624327252,791.0922045204351,471.7941596287027,44.47348029237461,15.144286863472455,2356.0610962332375,0.021639173509721065,0.17812878250000258,-0.26069362103717625,2.072054483688258,1226.2852383198974,2.2254111403071324,101.9011507189092,0.28398804923742516,0.001966290366845737
C031,MockCompany_031,Finance,2021Q4,885.9708525990573,151.5124958279467,119.7436224279806,1596.200300091579,594.7432732797239,1001.4570268118551,793.1959638170755,555.0240551460796,176.86859403105652,8.069030866024184,2325.4624865882943,-0.012987188529984709,0.20590607067251077,0.14428233779170094,2.165396529321653,1230.518606913533,2.438420190974699,104.71970852575602,0.3148105235433456,0.028695593400466332
C031,MockCompany_031,Finance,2022Q1,1019.1321599411975,172.0441707195246,149.2200279048633,1836.9620131463864,586.8915198864323,1250.0704932599542,1023.7678291289675,616.3214170852166,34.78705586966214,7.189872609900108,2921.2036791209116,0.2561818115615505,0.1386138245246899,0.14324890288911993,2.1122283480814117,1240.494640754792,2.2847211239813427,103.32716732940719,0.3726735847518555,0.0
C031,MockCompany_031,Finance,2022Q2,1004.1310087511118,220.99844059804292,169.8984558120538,1841.034909856279,615.9405214868674,1225.0943883694117,871.170588462721,499.7878352701335,222.33858335480983,15.664567319870246,2355.7967254173354,-0.19355273230168119,0.12820758857042455,0.4447627524416121,2.233810891459346,1241.0136688258053,2.405935689134917,103.06360182999343,0.6586703351878103,0.04086476170576107
C031,MockCompany_031,Finance,2022Q3,1060.2146552575834,239.1978595800302,215.44667802560232,1977.9106736275492,605.9313634017951,1371.979310225754,1025.3297190805029,607.1766577649767,138.12250182358068,7.045676397531904,2538.5203092071542,0.0775633915347466,0.3221961876783609,-0.11014427753736251,2.1177914585563036,1229.1657311286876,2.2957590042086493,101.7187844652682,0.15134704508567284,0.04125622439147406
C031,MockCompany_031,Finance,2022Q4,1146.6851414143468,250.61014208121566,218.7594962719652,2117.607096628152,622.5315500601656,1495.0755465679863,1159.8082705839279,705.0908291008706,117.8876063477184,13.383303539056431,2908.308627540839,0.14567081342326516,0.15952647668138786,0.5105628796198393,2.1698410395460095,1229.6405714832376,2.123061531890591,101.56917758196919,0.6326764544022419,0.084767244859901
C031,MockCompany_031,Finance,2023Q1,1223.235524238876,269.3102050614098,234.13679993348518,2321.111104370967,623.7637979258652,1697.3473064451018,1275.254334810763,799.2930158076142,253.74832438315684,6.760047455258884,3417.047669731665,0.17492608500116336,0.18408859704919472,-0.30257522511283863,1.910197592060328,1222.8369709731585,2.184991484796223,102.8721244655305,0.43534334095609006,0.014774861877209038
C031,MockCompany_031,Finance,2023Q2,1196.1331814889902,193.72986247125124,169.04862712903787,2365.522009527556,657.9301249400977,1707.591884587458,1405.0567775407721,1665.6254526052749,109.90214860782126,7.33879705849094,4042.846916373604,0.1831403325699234,0.13741391753805732,-0.3767635350127544,1.7834289417617157,1192.6722802723841,2.0226390889505796,101.54209550472605,0.35108276850877645,0.028115691756070982
C031,MockCompany_031,Finance,2023Q3,1328.4420986068671,221.07921383222748,179.81457355144605,2727.761147715883,662.264907018592,2065.496240697291,930.3030381384092,620.3476234842996,133.45809392814775,9.091058978208574,4181.612997818346,0.034323852551215145,0.19834081156275185,-0.24780555891496578,1.8630924948622036,1206.2292614343944,1.9065056128266489,100.64932176189289,0.1578923844922432,0.06556728706427231
C031,MockCompany_031,Finance,2023Q4,1493.461556906834,277.77151480396077,213.32773443427652,2943.538555437963,654.6974308925093,2288.841124545454,1671.7614141240051,1211.4867329393398,221.60300663640473,8.148954051274856,4987.201665472772,0.19265022087761877,0.2899795359121389,0.021715102979843366,1.6845268724582088,1182.459282802484,2.0196713944690634,100.72764983419252,0.3764415553592279,0.057478087099977815
C031,MockCompany_031,Finance,2024Q1,1729.1963497147663,207.90835864742763,163.5004440105208,3420.530344397684,677.624751608581,2742.905592789103,1956.0292971811118,1467.1316437351993,238.4557874095402,13.675584773104193,6884.434486450858,0.3804203134821965,0.10672344589136123,0.08366020173501394,1.6331771985243448,1170.088334715572,1.9778756204967123,99.2033125564273,0.3133645052443342,0.04544897762606911
C031,MockCompany_031,Finance,2024Q2,1850.0205870065815,221.4271057994033,175.097248563614,3755.258545581233,706.4570846154429,3048.8014609657903,2550.7604114648334,1889.8234596901718,126.93132112055886,14.215001676902256,7184.0033661318885,0.04351394152571389,0.12205384507064714,0.0386450914452134,1.778440466469255,1160.9338894498892,2.03933948048542,97.94290187602513,0.5378982358335531,0.07349147682424786
C031,MockCompany_031,Finance,2024Q3,2103.726452888091,233.59906669290632,191.57449893746858,4286.282885489131,675.3450666782248,3610.9378188109067,2191.872038789565,1226.1431746354883,13.235928427898472,13.391470921700169,8161.828986933124,0.13611152041090002,0.13523243336355373,0.14572247024740462,1.882528020679648,1190.7318444870207,1.8187842009632587,96.42357728047428,0.4015403393539565,0.014987322485108284
C031,MockCompany_031,Finance,2024Q4,2201.9124034128263,310.06206812527716,232.12647709749893,4546.713032815705,697.5926734166376,3849.1203593990676,1692.0314578708765,1347.036141238129,77.17556768108636,15.279232209682805,9934.055184694756,0.21713591409461303,0.2314254820971928,0.10977634570416575,1.7532853716917038,1171.4778035508562,1.7781481150848661,97.82020915027988,0.11726149962536297,0.029517500993732727
C032,MockCompany_032,Retail,2021Q1,664.1841967094143,57.08902012392714,50.19429984647073,1076.1864790079674,513.6030856485701,562.5833933593973,381.3062373245948,372.6745998391825,-9.464416560564729,10.561215546500238,824.4766523966189,0.026609260872715375,0.05505814281865888,0.04973097231975816,1.9260587454342766,1184.6695437917024,2.5302384711432047,100.16587117569026,0.147312238385547,0.025467664815497684
C032,MockCompany_032,Retail,2021Q2,659.80830294816,18.680165308493855,-13.375455107658897,1152.4784223819634,531.9895434029652,620.4888789789982,398.50164695248327,335.4221091340215,-18.58623263195317,6.901762818711823,682.2150820715469,-0.1725477245614425,0.10020633394897861,-0.08749482609078049,2.145717817507751,1239.1002665943815,2.3774192694815524,100.72527459682551,0.6024420189707488,0.06582650687056932
C032,MockCompany_032,Retail,2021Q3,640.9883961360662,-3.721602749627339,-36.853604254574456,1135.2667513172871,547.2856865574987,587.9810647597884,569.4522363442749,382.7593501772498,-16.80904427255442,5.857760398038471,642.0257768789139,-0.05891002155888743,0.15978561104984973,-0.028488722955932133,2.2897823979867082,1228.000561346811,2.4947204662079274,102.25820328992768,0.8927260135370619,0.039554742522088515
C032,MockCompany_032,Retail,2021Q4,684.11210448036,45.341690680621994,21.589859725349065,1219.0931716397474,580.5409485965622,638.5522230431852,431.86228860669786,392.5141601412318,5.202685024930947,11.259531481423554,747.8923638873423,0.16489460520273602,0.13044933338657758,-0.06015964355448161,2.2690293728548103,1220.9857166799122,2.609102116570318,102.87614403357094,0.31800806064803433,0.03598217053926376
C032,MockCompany_032,Retail,2022Q1,677.7606884400384,65.47747904552003,54.360699665663915,1235.2822050785085,547.2303085182886,688.0518965602199,477.5551513318847,380.780985571254,-2.3768710601823955,11.471620673098696,652.9577034356,-0.1269362611998036,0.16848430688619068,0.265940529585104,2.222401138646533,1233.2093739809518,2.380161662195287,102.37184397272166,0.16988377011153985,0.03303389329069073
C032,MockCompany_032,Retail,2022Q2,712.8835152020544,22.766951580620585,-18.69740394704847,1309.6224964713776,531.1608534682827,778.461643003095,438.7582620596816,285.10506985166444,2.8522397838211297,5.661894649767767,809.0228441528873,0.239012634196879,0.14331481853883493,0.022061161031899958,2.2265947205043184,1230.2098818022625,2.7147255942581814,102.63952406155833,0.7461359758241471,0.031456447645309006
C032,MockCompany_032,Retail,2022Q3,746.9166088928786,51.87362321425164,28.449759065575332,1403.3195155915623,543.4148895834481,859.9046260081142,820.2005321708913,639.9785057224063,-3.647334425860656,13.35182587965459,825.5128869827008,0.020382666508113295,0.24225907388547527,0.013856948709136188,2.155798866961639,1217.0873334042926,1.979532965639561,102.83606013490255,0.16100799484210343,0.0
C032,MockCompany_032,Retail,2022Q4,806.8492107713029,54.94213860707576,38.081616920469045,1552.2632659243995,571.8964959449281,980.3667699794714,604.7231503752282,491.9856187507198,6.727810200520345,11.533103917409711,966.890055258281,0.1712597955827463,0.04,0.0675755045994206,2.1047796937496175,1241.9053803536722,2.1495160631304358,103.37853016361322,0.33807554364577186,0.0007124714638962817
C032,MockCompany_032,Retail,2023Q1,871.4764144470481,68.728122928318,30.89175118746577,1729.4747183696454,559.0416949174745,1170.4330234521708,544.04196650928,382.7384091300497,54.691732127371125,12.024833018285225,1111.338845727149,0.14939525924721814,0.18596027155892178,0.18495457211839383,2.0391478414701023,1207.3105396289143,2.0007937098055266,103.74446660489821,0.41626103218713595,0.019793399461404022
C032,MockCompany_032,Retail,2023Q2,946.5526097688202,46.32138027906034,8.717857940475762,1744.207113662331,596.6235396126291,1147.5835740497018,696.3242285017467,654.9387416753804,-7.885351137036174,14.117587033123492,1378.9134822370813,0.24076782480761588,0.2202753435292446,0.4051683962096994,1.9399974703302232,1198.9643392904766,1.9152069510698957,101.19349342190483,0.4241330178917743,0.027269231901237895
C032,MockCompany_032,Retail,2023Q3,962.1921524501661,62.43585026148834,6.779888528695852,1748.2789692977126,598.3825217615647,1149.896447536148,838.3966063464409,525.8116543362654,44.11577936172966,9.793719552165024,1348.6717199079549,-0.021931587963056033,0.27105980696837495,-0.12435157806005544,1.7795707999162773,1200.0694263083533,2.0426635789584795,101.63932234710377,0.2855401497578792,0.0
C032,MockCompany_032,Retail,2023Q4,1044.8919281276262,24.644740923130207,-29.839312568883575,1951.152683911202,619.3783256395745,1331.7743582716275,826.8049625897102,693.2435028583844,-23.16572657945824,6.575406038091005,1668.5825291086157,0.23720435779768156,0.11264471369202872,0.4092492796902708,1.8007720668054816,1180.5185144042493,1.7783874122316985,99.78859595362319,0.4463097118703532,0.016124261561379142
C032,MockCompany_032,Retail,2024Q1,1119.583784520212,71.263842737699,55.20536038734901,2105.3080307314713,586.071096582671,1519.2369341488002,1040.7626887553774,897.4663035246726,46.278165154861874,9.540848056444496,1857.8418346278806,0.1134251990642444,0.15148422962870522,-0.20415681042184916,1.737412632049562,1183.4854538872073,1.9345722537940535,98.94652330826982,0.2769813924862435,0.07926419022592454
C032,MockCompany_032,Retail,2024Q2,1122.69219999704,41.06570696074145,-20.562298262870314,2197.116926475894,642.4171805025271,1554.699745973367,604.2579718357143,559.8152093847021,-21.688051455174325,13.910454129447952,1637.5258666799987,-0.11858704214829481,0.3420635042819779,0.05238608267333813,1.790605949676322,1157.9839959899543,1.5777603518211982,96.99721782424363,0.4815280566051182,0.07481784334456945
C032,MockCompany_032,Retail,2024Q3,1121.6609829181232,151.76198669015284,115.82893168730027,2277.1337330748647,608.4431639464696,1668.690569128395,685.9052544137986,601.6635271700208,141.7930149489512,12.70273679437723,1562.6416420426913,-0.045730101832914136,0.1535465229280047,-0.394084974498425,1.8408995306052518,1169.8402187795566,1.759620418454414,96.6331908620327,0.36170460882801264,0.03905031879970299
C032,MockCompany_032,Retail,2024Q4,1115.567690351865,86.51612734140792,28.876173015920934,2292.235058498992,641.7414244055673,1650.493634093425,689.8410236855788,680.6472437557442,14.796615620250037,8.471743674939406,1481.4442523122343,-0.051961619059578766,0.17751202077763942,0.345607513337526,1.9933106257860216,1177.3661405466921,1.883190937281459,97.71378146687532,0.3713800553437193,0.06073573940159696
C033,MockCompany_033,Finance,2021Q1,581.2399898481253,38.31039960663657,29.516425363099412,1712.227165596167,883.1846856783918,829.0424799177752,707.4132327168961,509.4294773593837,-9.919245145524275,14.614613955519962,2874.0387723313233,0.07999807791282353,0.1463200308818912,-0.42721717634600337,1.9738869911906491,1171.9451819862243,2.819265669860525,100.47754658511978,0.2571671688976996,0.014843487143092818
C033,MockCompany_033,Finance,2021Q2,648.3400451004532,28.76168650757938,-9.977312976877183,1886.3599074961628,930.2470309302987,956.1128765658641,654.7446809835935,719.9404457393362,9.471289236469982,15.72420559802981,3345.4647084812987,0.16402908015314305,0.1347024618703565,0.12498006986244825,2.046795619833228,1199.9393176369626,2.469952910961769,101.34154232764149,0.46500976873211497,0.028974668905363488
C033,MockCompany_033,Finance,2021Q3,710.9025225401518,85.8866167370494,53.709573551734096,2234.5770963042887,958.6243509595079,1275.9527453447809,936.9695515946986,805.5960736730009,79.55472759444221,17.5489458793249,3979.9663349901557,0.18966023611018587,0.2416940601451084,0.3549780575496713,2.1383470052367337,1232.7427420753058,2.5446359306106494,102.4510633455882,0.39632758374556465,0.023427770614369278
C033,MockCompany_033,Finance,2021Q4,766.3411871036108,87.69123101418495,44.08923137558217,2366.2549923308284,1055.9498301200126,1310.3051622108158,881.6830170108095,642.7258506161764,82.49781045398802,17.221630366889716,4511.773427021216,0.1336210026089016,0.20360086203930783,-0.24253609984110663,2.2068614517638876,1213.5762411534383,2.705273180641684,101.83498720462353,0.32217800361436155,0.04968766475598069
C033,MockCompany_033,Finance,2022Q1,718.7344868569844,87.90602981139054,73.47899624560156,2290.2963569668614,1110.2000399654014,1180.09631700146,866.5826783327989,635.4850595350811,55.104062635735154,27.52172644144451,3890.7574056870358,-0.13764344140485568,0.23955532393703013,0.17297536927634186,2.2099710603595075,1230.1197082032536,2.363100778746002,104.41869220387146,0.22765528495301723,0.0
C033,MockCompany_033,Finance,2022Q2,777.6575654590096,85.60205711245955,46.35904288208394,2532.449714401889,1164.0508865762947,1368.3988278255945,809.5739311777623,1109.0860707177824,30.560715060575635,27.85385415793337,4705.834368350882,0.2094905638353257,0.1674258655658726,0.5044719739656887,2.0655023069964558,1235.6775444026578,2.355068784068382,102.02428396699445,0.031376199872174604,0.03836989010362871
C033,MockCompany_033,Finance,2022Q3,773.5045117488413,87.64653744192961,46.15060344620583,2527.908329963697,1124.7502565297802,1403.1580734339166,1127.2066586700385,885.448715391909,24.93374397845345,30.870724528037634,4239.7540785101,-0.09904307150617286,0.24362185323897723,0.10355829976779692,2.2832172063458933,1221.1417581482513,2.200877880239641,102.64674057508823,0.4685124068668571,0.026846244548734632
C033,MockCompany_033,Finance,2022Q4,736.5185011392957,62.461041415489674,29.147659111300662,2255.534436837999,1110.1627147435122,1145.3717220944866,788.9446149352976,516.9660686855308,35.201248969635294,27.126750238982616,4428.427062528246,0.04450092635666448,0.14228082822045807,-0.07780566296833988,2.0097682985389675,1236.3341637218155,2.0545966035050034,102.87713072516023,0.3712443160717855,0.0
C033,MockCompany_033,Finance,2023Q1,762.5424295894333,95.37945800762739,61.65868637927011,2446.8582336497448,1164.4084639393488,1282.449769710396,724.4003522077915,867.1152371749416,72.82088059881463,24.29117482367562,3957.6127967717025,-0.10631636450341572,0.23957545068362052,0.35907629353831344,1.9489982071941965,1231.3178864236104,2.1327468288381635,102.14004004710839,0.4364711209746316,0.018098679929894126
C033,MockCompany_033,Finance,2023Q2,808.1166600802575,115.53266848499766,78.17430398326073,2610.3257500126697,1232.2008401160183,1378.1249098966514,1152.0414725002706,799.9837708542507,128.70892306859,17.161681914457116,4270.9114994356205,0.07916355610116327,0.061219599808426506,0.3626410058600581,1.8258176173842477,1208.5374284121842,1.9571436747463145,101.97374348660666,0.3017152379321495,0.04764742650007277
C033,MockCompany_033,Finance,2023Q3,843.8369228299523,71.24402703835123,51.77519466907211,2637.0017421869757,1351.3721489757856,1285.62959321119,1162.3426114815677,1104.5195445343443,57.90591767702615,13.475761146334102,4663.351766291813,0.09188677098742315,0.284320691204874,0.151267244919253,1.8651190982324126,1178.3863351907564,1.7810977756896282,102.07950412418747,0.1374666193747369,0.029198048116040577
C033,MockCompany_033,Finance,2023Q4,943.6502048423407,126.84616634057369,95.40916689999916,2908.1789390645135,1382.6287773745855,1525.550161689928,1123.8783392765351,782.6004622434554,66.49704970758378,16.122143888769962,5331.6933845305,0.14331786486056497,0.06588694380318075,-0.5300809306163691,2.01219331695102,1182.653324388381,1.7651985783282895,99.18940923296356,0.47470120551624306,0.025631402842341403
C033,MockCompany_033,Finance,2024Q1,1062.6291422784288,130.00554054441074,84.72574142300968,3387.3412262868555,1234.309624366963,2153.0316019198926,1072.3977450325192,978.2841402426628,86.42854950921733,18.612520869974244,7264.759768470924,0.3625614311485106,0.28832191086253434,-0.044560419299706056,1.7300454638726184,1183.483272816622,2.063054183946534,99.5784228016153,0.2795650233541435,0.0030749012862039057
C033,MockCompany_033,Finance,2024Q2,1117.491656748733,154.72688891522176,115.31632009178637,3557.4139646737854,1375.407549315887,2182.0064153578983,1294.958945259471,1019.3632778151444,122.18709234057768,24.684074023406655,7023.927082904288,-0.03315081203536155,0.16303459634250933,-0.29046577564413695,1.8355358389504526,1164.4875830505978,1.5570846427376268,98.45493473476982,0.25925400171957985,0.06626175100577678
C033,MockCompany_033,Finance,2024Q3,1206.185230195871,148.76747803781208,91.06855655253459,3807.3236338087054,1330.074054584987,2477.2495792237187,1073.8818394894524,801.9566698329999,98.03472099536525,14.895891101790149,6227.30032781007,-0.11341614821616647,0.14601946080615316,0.17665919632740731,1.793197269387624,1173.6556514072613,2.0998299367567776,97.70753066319357,0.339991529152575,0.039508693668884175
C033,MockCompany_033,Finance,2024Q4,1251.5780481743054,154.07182539744824,116.51896664243074,4079.0851314728975,1426.846350081813,2652.2387813910846,1618.4937662339082,1905.9994671166585,131.73204996490364,19.406098496836726,6581.592286510148,0.05689334704444416,0.19022111189539256,-0.26102034494217297,1.8882785719882207,1178.6067198833073,1.9642829951943492,97.73812994495869,0.18054199485274228,0.0
C034,MockCompany_034,Manufacturing,2021Q1,807.1630397190278,157.20540645391856,116.73326806161685,1074.2248524220481,561.3295937159849,512.8952587060633,720.9484654353389,284.3455109335802,34.84125355608688,10.230604893941175,3135.421757557867,0.007925785254984082,0.10980620487288693,0.4178687295824874,1.8828336391959868,1184.2546856297026,2.3703791103554432,99.81960105244653,0.27450872446708713,0.05203764964547804
C034,MockCompany_034,Manufacturing,2021Q2,827.2450155143576,164.25516261182733,136.63785564904043,1122.9551706875407,595.5703858665568,527.3847848209839,842.2163780156554,342.31786248778593,149.2825375523561,14.455749881225145,3672.1378508322928,0.17117827672806174,0.20698785545875192,0.10090164521541878,2.1844716277679614,1199.992672957181,2.550526415231932,101.28830287747715,0.505324826401413,0.02274030975591218
C034,MockCompany_034,Manufacturing,2021Q3,863.7509159279703,203.8521060561195,152.926917317241,1170.2550428292448,659.3117802569477,510.94326257229704,877.6912821219336,366.37043169028635,114.6225675716496,11.054091798838156,3918.3910611818237,0.0670599036181928,0.21484895717267827,0.4890512095785524,2.072517624910642,1227.561705202434,2.4762503439692387,100.656480710689,0.1994846663145215,0.025461517088746964
C034,MockCompany_034,Manufacturing,2021Q4,856.2570418620932,143.6745497506061,116.00120230900563,1162.721113077582,657.3599967931327,505.3611162844493,849.2837306282306,352.1199556313181,129.53958793445545,11.28543767432803,3818.875160407771,-0.025397133471419663,0.38240180956784214,0.5389973113655312,2.1587413082259173,1217.03854282398,2.6252015131655244,102.28924729704086,0.22797920808668456,0.012138810835286035
C034,MockCompany_034,Manufacturing,2022Q1,958.1094676799491,177.77917910107865,135.12731473634653,1349.6001754158153,639.2924306877686,710.3077447280467,1012.2001315618616,454.6574760869469,180.57975832976012,12.7664966378821,4339.739469280776,0.13639207541348072,0.17557076562949078,-0.5600999130829347,2.165141138601016,1246.7024738273828,2.329326412117495,102.92120813370042,0.3150001488236605,0.02230064406896208
C034,MockCompany_034,Manufacturing,2022Q2,964.304832376637,229.43396356877045,212.4369048980172,1311.8181920618135,659.5631533417996,652.2550387200139,983.8636440463602,365.2265464671253,201.38220244245528,11.978934031098206,4371.032503917399,0.007210809510140709,0.18886954631207703,-0.3225328029547906,2.2905252445953668,1239.9150473815937,2.2042172121734493,102.60286862157565,0.4558312509626524,0.037963356036158476
C034,MockCompany_034,Manufacturing,2022Q3,989.2267837929109,160.25871013129085,114.72650315947656,1387.1923710408016,574.7578415030865,812.4345295377151,1040.3942782806012,545.9622689247832,22.503790444727656,13.812405359632033,4401.698708727775,0.00701578054679132,0.2768154072851999,-0.46187279274037873,2.2209670995386426,1218.1559193080382,2.277498648937701,103.13332884094261,0.29607804657265413,0.022165780779598583
C034,MockCompany_034,Manufacturing,2022Q4,1084.989175265186,228.84711823228264,176.81212107098034,1512.9633298836786,534.3195213796807,978.6438085039979,1114.8144999087278,409.7898441357334,118.23687000139311,11.83968396289464,4883.48659578109,0.10945498975157386,0.3871632229927437,0.04052793926729119,2.2102309322487264,1230.4891379550447,1.9610313135316644,102.35085677725273,0.5140918030375267,0.02004549569872009
C034,MockCompany_034,Manufacturing,2023Q1,1153.8913477935444,182.20586124488406,156.24279335007498,1673.8932357204346,544.2814675001679,1129.6117682202666,1255.419926790326,670.9466313412083,159.585082515062,11.55219562300392,5915.052293588642,0.2112354928338978,0.25514304374470265,0.3554864804364514,1.9646545233029058,1216.155174609577,1.9382286659310928,102.10246685421261,0.16863431395670916,0.03182943760867614
C034,MockCompany_034,Manufacturing,2023Q2,1191.7834961448007,207.86340409487033,159.05312930352315,1762.7050885915803,541.2103661722406,1221.4947224193397,1322.0288164436852,547.5750203664445,251.80922063643445,8.35061423537735,5678.439362147766,-0.0400018325615383,0.09238415417681325,0.03507085421491278,1.987029604562596,1194.2863976772962,2.124922626393007,102.2059648388822,0.08791739940128573,0.026908475125159058
C034,MockCompany_034,Manufacturing,2023Q3,1350.0662224818682,239.98870409434292,214.4461052954488,2016.6330170701244,547.6651816589806,1468.9678354111438,1282.7009005224943,536.3350834470432,137.1541660370087,9.140975282560294,7581.395942794724,0.3351196445509281,0.3003435251670826,-0.04298197009238715,1.770064189764077,1199.2310996057781,2.2169892898815196,99.28621569942023,0.5892670788196088,0.036132374108127065
C034,MockCompany_034,Manufacturing,2023Q4,1363.3334222751675,188.3856777083326,141.97060637102314,2042.1899085870289,528.2774252153638,1513.912483371665,1508.0448771278357,527.5070123948876,91.0788300457258,4.659338396012387,8401.71603839066,0.10820172192372554,0.3297521605052051,0.4526745244649345,1.7660791015906474,1183.6430779706407,1.8868915301198068,97.89209984788205,0.5057522006373992,0.06503799193086954
C034,MockCompany_034,Manufacturing,2024Q1,1380.155443991367,247.86081474906013,177.35634282047315,2202.6433024439707,536.1316656096493,1666.5116368343215,1651.9824768329781,776.3294976240378,202.00087167572133,10.110297347121929,7358.564092976777,-0.12415939084912193,0.24682257539196512,0.17821134745845274,1.7551935737153233,1148.5963651823226,1.8576847824148461,99.64809065568878,0.4291409772333886,0.07607044169621174
C034,MockCompany_034,Manufacturing,2024Q2,1362.8988479002244,266.3060963398075,248.45341809412068,2166.4975060602296,531.9523203666922,1634.5451856935374,1567.7987876608574,639.5160835160783,114.39380868069924,7.29153461199239,6623.1301917460305,-0.0999425828107776,0.16351361651747015,0.4236222669665816,1.942017793043654,1164.6826883210515,1.9530306641952626,98.44169482590263,0.32532562038906193,0.03575327573129085
C034,MockCompany_034,Manufacturing,2024Q3,1390.7439260088381,216.09804965256714,142.19777854583572,2324.966701090463,525.6856849081345,1799.2810161823286,1743.7250258178474,635.7635923511133,61.11191760140238,7.102401435355363,7208.457772843234,0.08837627589242604,0.41890464738268013,-0.15464358284611515,1.8281750428202677,1178.632947726232,2.048011461555476,98.6201589945473,0.5648814915490743,0.035433650450838856
C034,MockCompany_034,Manufacturing,2024Q4,1439.0181416181395,315.7805083743701,245.60540624906432,2428.6015651784537,539.2831136111428,1889.318451567311,1821.4511738838403,746.1479850466552,289.68173443674146,9.072916401473886,7713.798152009835,0.07010381347732834,0.2996418702121027,0.3489979451012028,1.830836990763823,1164.9978043487788,1.91317393909611,96.42184701257541,0.6162028012381182,0.03826535993948262
C035,MockCompany_035,IT,2021Q1,282.49142914741344,26.329633086115127,17.578239949253096,483.3362409314514,190.95607489282486,292.38016603862656,362.5021806985886,132.42935480139838,20.822252245914928,2.422238483211113,583.9307711963185,0.17893918404875717,0.26191949898543027,-0.043302152424166185,2.0326231204766323,1193.7950977609278,2.4058883830263675,101.6825116267124,0.165530701405042,0.07700581953682992
C035,MockCompany_035,IT,2021Q2,287.31207680424154,19.175693543326904,15.113460342525833,488.5971402734091,196.05396378805497,292.54317648535414,366.44785520505684,122.92545063312124,2.165219930599582,2.323268821927884,644.5979196859973,0.10389441947953533,0.19026804230670885,-0.11940422067138265,2.2118837577591295,1203.678183687268,2.4299157483757594,101.82234396467058,0.3526817648762603,0.08463946924432246
C035,MockCompany_035,IT,2021Q3,316.8013688484074,35.45542723035712,29.4701617303206,533.6467792444644,201.647416828109,331.9993624163554,400.2350844333483,171.19234377563922,45.14371613663192,3.078389794284959,693.9653679851448,0.07658642200272038,0.23687914181285383,-0.050051825028189306,2.2450940465845344,1229.119971909631,2.4889775759552224,102.2519924319503,0.24148695924961147,0.07133013581122244
C035,MockCompany_035,IT,2021Q4,317.2123945210464,7.324369953906155,-7.829613788047638,534.1087930481135,221.65346714123015,312.45532590688333,400.58159478608513,152.84075897591438,-15.569789217014046,6.18525163952636,663.3104354641345,-0.04417357686020229,0.18961619880654637,0.12280137899939027,2.2643921978581347,1219.2691374970373,2.4196992471337304,102.64206879728589,0.7543657895941159,0.05672865981306894
C035,MockCompany_035,IT,2022Q1,322.5595562476297,15.904562250153324,-1.1507133311417204,522.7504161038061,226.43571776873148,296.3146983350746,392.0628120778546,151.65975942429867,-8.626702076410163,5.093114220244282,658.8959723288968,-0.006655199284100997,0.4580821623507412,-0.22646435284389407,2.1892845781293135,1217.472121754353,2.4045702119303196,101.60491884296904,0.6747824573113043,0.03168313857882214
C035,MockCompany_035,IT,2022Q2,330.4895248000996,39.438399923431945,21.43865709027627,517.5688478376786,221.3853953681909,296.18345246948775,388.17663587825894,136.24546113540418,23.647953282525286,3.4556329529030236,655.9616132892234,-0.00445344813582918,0.13235912715099232,0.08405472989179853,2.2078105360945846,1218.6658015191451,2.3489542141019752,103.01448543197938,0.3054323639452862,0.06314919342935704
C035,MockCompany_035,IT,2022Q3,350.85827646531664,-8.697455515904473,-14.32192004183333,573.3264420246664,219.82537260039638,353.5010694242701,429.99483151849984,160.48153576817214,-10.597536880889471,4.010938370903372,702.7152555591862,0.07127496689253428,0.168403574807584,-0.08235812465562226,2.1613547146667074,1238.444946683983,2.140198437606807,102.35144267545233,0.3484763489433037,0.04115540648698673
C035,MockCompany_035,IT,2022Q4,378.31231805379207,43.591190727930055,39.011056478310834,618.7353805898387,211.6292769989966,407.10610359084205,464.05153544237896,148.23664454446435,3.364881598100638,2.4272692366683297,743.9249954995284,0.05864358232489145,0.17624752656559167,0.32658947185020787,2.088597989346199,1228.9872119782713,1.9233903839550854,103.33584541278172,0.15690467022795346,0.020834511877778128
C035,MockCompany_035,IT,2023Q1,402.2727670205472,11.309529155170843,-0.6594416831834279,658.4950518426648,210.9503240338483,447.5447278088165,493.87128888199857,193.3876687277401,-25.43188560624811,3.7624755429637498,816.4146075028626,0.09744209757955377,0.17815689062438597,-0.30971565248932564,2.158807622268078,1219.7530213752943,2.1225106030962846,102.10135627453498,0.5093800119250655,0.06262624512318235
C035,MockCompany_035,IT,2023Q2,419.6547189677534,22.166955988485686,-2.719828814916285,715.8569286429133,217.59932525168122,498.2576033912321,536.892696482185,239.0147167527003,12.102138084732577,1.8645397530409604,964.1178614543334,0.18091696620084413,0.16166846333553117,0.12953581543432605,1.8524879730433177,1179.0564616404058,2.0825543588932254,100.63286971511462,0.5338636014627128,0.09894187900701819
C035,MockCompany_035,IT,2023Q3,388.54933955655395,42.20452496588023,22.97444958994713,657.8526224010858,219.54632086212516,438.3063015389606,493.3894668008144,158.39064717336413,24.295358416627796,3.9783590524505645,967.6740443200893,0.003688535404158491,0.18169941299612077,-0.09644439522911825,1.8000998495885272,1203.263564683676,1.6638699644379447,99.55067265218793,0.33064668190792834,0.045532140764510565
C035,MockCompany_035,IT,2023Q4,431.8819063634523,10.402475517798642,-9.45648641094918,725.5452155192719,237.19477900691984,488.3504365123521,544.1589116394539,206.85717410802198,-18.672587258529546,3.298773203548597,1198.886937582943,0.23893675212225962,0.26605795045197667,0.4217404575158784,1.748098732377892,1169.0464067740006,2.0302453403135745,100.43115644603527,0.5595227190471687,0.003947438536111639
C035,MockCompany_035,IT,2024Q1,425.35380267041745,48.60812323408723,30.224666371906014,725.6708433709099,224.88715789040452,500.78368548050537,544.2531325281824,264.2548125776878,31.48916469683521,4.559642325568367,1418.7194937393763,0.18336387632985165,0.05810736369409628,-0.24671779141951763,1.6513922131765237,1179.0903683343831,1.7980450724044412,98.70375886421074,0.3825162195039215,0.11423557265036507
C035,MockCompany_035,IT,2024Q2,444.1353307352553,25.79145307229503,5.49841344145322,765.8254498276322,225.84606696479025,539.9793828628419,574.3690873707242,234.76098195398964,-14.131037801236452,2.1526627115332877,1538.4077662830412,0.08436359200802805,0.13180424850285774,0.0222635981464471,1.7953101358290076,1175.9101946831734,1.8014140507703373,97.96581059017028,0.14417719278200308,0.07249705635719719
C035,MockCompany_035,IT,2024Q3,473.8504548019238,34.92797717008641,23.396999223032235,849.5440454958118,216.19475364661795,633.3492918491938,637.1580341218589,222.11482366269203,-3.934174668910007,2.796212043179702,1361.035731375371,-0.11529585250094013,0.1529577288540586,0.17190821036340997,1.871834612313536,1168.8839546277927,1.736702434874697,97.45595172679582,0.1883557764350632,0.07242371452309321
C035,MockCompany_035,IT,2024Q4,480.95436470707375,18.972914859780907,-7.7691404797463965,898.3709577378734,215.54427914683362,682.8266785910398,647.7330310502991,255.44150378132392,-2.8339147774701274,2.3245152996745393,1559.165220609805,0.14557258466257736,0.1336338451711583,0.17680241858601584,1.812031741617401,1163.6309920815427,1.7407476393013444,97.2065747655521,0.6554957876886518,0.08125484930778584
C036,MockCompany_036,Retail,2021Q1,483.65420412199177,35.08234204320464,14.396263117813783,611.4989721679026,362.46767431180524,249.03129785609735,307.5200949934092,211.40659098175325,4.602671978048029,7.33585073861284,1765.8308834484203,-0.16234055952424628,0.12404324369289338,0.32124637179963994,1.889111417838324,1192.70078910345,2.418704042934042,100.18047972044654,0.41724391480461154,0.0
C036,MockCompany_036,Retail,2021Q2,503.9725527246453,-6.274049033492954,-16.961286479503322,653.4635901121345,352.5718606863466,300.8917294257879,414.5609541373143,346.22017625301135,-28.830680651613566,4.949100063226674,1679.0255515377712,-0.049158349604312264,0.2647650797951084,-0.11126710987373059,2.1255235509143757,1204.7407085494285,2.4079443547224084,99.92963037585956,0.6248821524770521,0.0
C036,MockCompany_036,Retail,2021Q3,531.3955667354272,39.381567010086705,19.14620472234013,704.8068814638716,317.4828471354469,387.3240343284247,305.50028643774453,162.31035273761037,4.511280333675192,5.120597476433364,1934.0019790980266,0.15185976611656093,0.15089744671748573,-0.4456569886383848,2.2061371099431906,1216.6976630351176,2.679609464106804,101.58731805625973,0.264663110307811,0.08695037609082529
C036,MockCompany_036,Retail,2021Q4,520.6974124666899,17.931015736794667,0.06048340948876443,671.7939363894868,340.6300447383213,331.1638916511655,344.899253037293,300.19799064180074,-9.370912207255117,4.01374402844695,1892.1254278528008,-0.021652796479947792,0.11967453842806737,-0.30229266825777573,2.1639475881150583,1219.9203963330851,2.3064537425593636,103.23975367667981,0.04651859393946753,0.0075123253337875985
C036,MockCompany_036,Retail,2022Q1,512.1761253312625,37.986665433583084,24.560437710732177,669.988500187452,392.85656871453006,277.13193147292196,391.90801831675896,309.6272310029968,12.830586308563731,7.7277429271318505,1899.0618059351596,0.003665918749493506,0.09894264227538647,-0.275661790458672,2.176366955828868,1228.4656510871012,2.6430423138230057,102.51599412114476,0.4516956847064075,0.05994172783995064
C036,MockCompany_036,Retail,2022Q2,494.84079556777164,41.96166732470183,21.08797684109445,685.9983788290742,398.7462545841978,287.2521242448764,355.424117490099,214.46899771125996,47.93985347177476,8.763224318565475,1877.2928779840952,-0.011462990768931126,0.20585723484226234,0.46457448588775,2.267535904606661,1245.0886865357345,2.3664356106529207,103.10770610834224,0.5148441204902766,0.020112942838924966
C036,MockCompany_036,Retail,2022Q3,495.4224814667873,26.195452484271307,4.463849473932999,702.2664389348215,430.51398590494506,271.75245302987645,359.03740033977266,250.51240476212246,-9.46815546329254,5.66440599472663,2040.8673270621139,0.08713315380691733,0.2955849954371443,0.3448163291160232,2.227190612673018,1235.5197999556706,2.421171965875523,102.54960577631623,0.47659910353905355,0.02283759043505585
C036,MockCompany_036,Retail,2022Q4,505.8351761533738,12.704278898420409,-8.27029341374712,706.5574164475076,468.99727802250175,237.5601384250059,464.9544225024204,259.9626454145688,4.2512842259232375,12.251360076835969,2171.5307589982904,0.06402348168524512,0.2352809786689221,0.15737401720898772,2.0924820556434054,1229.8688326017918,2.0535926337444965,103.79438531161722,0.7273093739257768,0.01646004983684005
C036,MockCompany_036,Retail,2023Q1,513.8480683192423,17.26798807047497,-0.17304345855522024,716.1714211391038,476.4648538529974,239.7065672861064,331.76448430220796,178.8140141278896,1.871126436605083,7.8199262561462355,1948.3614185093209,-0.1027705177853044,0.18120325125539205,0.17850785621228493,2.043963162488074,1233.5079440998177,2.0233927429591456,102.01484285043755,0.6468194107085297,0.03772745111129968
C036,MockCompany_036,Retail,2023Q2,484.387945583279,70.5889021595429,47.114962407816144,673.4474444453172,483.79823863321735,189.6492058120998,344.6106909829489,263.5318463127696,60.980438703947996,10.734572669696558,2128.22335346921,0.09231446139879969,0.2723953064423195,0.192090650902924,1.9063057899338718,1214.0447550600732,1.9738603514372848,101.97932130756953,0.2756256538935228,0.015186783167674488
C036,MockCompany_036,Retail,2023Q3,493.23398899356675,13.159903660696846,3.9899158623824458,666.7509736168548,514.6578571013163,152.09311651553855,338.35224197908184,216.69986876326763,7.992231648214717,7.43342190370387,2035.8365549386206,-0.04341029261801394,0.15932353914377187,-0.3361242593900353,1.9219469858374223,1243.1450180638333,2.098803604317128,101.67144292674384,0.5604285643400535,0.007967338590094034
C036,MockCompany_036,Retail,2023Q4,535.0684159226802,11.78036248318986,-14.863499127282273,735.8801140214949,511.2792446355498,224.60086938594515,380.74322518782037,244.61271859079062,-14.237203607205714,6.994946626518747,2567.4478095225263,0.2611266868621159,0.29427232267319403,-0.16965291631572382,1.8083135318369803,1190.3869560670098,1.6824482990826546,99.75890112181047,0.6080579934131143,0.029372858266144605
C036,MockCompany_036,Retail,2024Q1,492.23722358998333,30.783273953929097,4.9081235539904045,643.7034635207622,537.2446209108856,106.45884260987657,337.15171774524475,205.29744123841817,28.99590491859285,11.01806769122659,1600.493125476359,-0.3766209698439767,0.12468126941926751,0.2533286065123471,1.6584373437510733,1151.1103574510753,1.7529137284029939,98.86571056555228,0.8396189660597895,0.00460909676003296
C036,MockCompany_036,Retail,2024Q2,478.18003866448635,16.446585988922735,-2.585789572310741,635.6577968542499,550.141968962166,85.51582789208396,321.8218911292854,251.83863163071067,-13.421999486806927,8.081408763345824,1813.6498980858494,0.1331819357524874,0.10105073001070315,-0.05813044831585204,1.6655589454158473,1163.2291842657146,1.6651404128895382,98.7908145959254,1.0,0.02741668116818769
C036,MockCompany_036,Retail,2024Q3,517.6534101609911,54.66714978105354,23.809841877034046,693.543183748953,559.6792093622988,133.86397438665415,363.2898942968266,274.318747663149,39.68730712159938,9.077334455084747,1945.151067010695,0.07250636909782511,0.10726600551932225,0.040948781306891904,1.9281009038469388,1161.334602735538,1.83705894957563,98.38129532496927,0.44773271537016635,0.020458766399194202
C036,MockCompany_036,Retail,2024Q4,551.0077364757637,43.48866090533394,29.12554293041847,728.581380999788,586.7903753023351,141.791005697453,372.8610201697633,234.31804163969517,16.93905446042877,9.553914745352978,2345.2009744772135,0.20566521246152603,0.12096874653845492,0.24358088917192017,1.8850983089319326,1169.8815927038415,2.194781728672948,97.7264851396,0.8052443394585584,0.0
C037,MockCompany_037,Bio,2021Q1,716.8115321284854,148.3690918594949,128.2403812057508,904.4773614586803,389.1418899511772,515.3354715075031,623.8187427180541,239.32670203538888,33.68456102892283,8.422021475710043,2393.808927953995,0.07827587181536858,0.15244333001621482,-0.03197450548083025,2.0399200717837553,1193.5124941372173,2.4521059009398227,101.53014772396283,0.2611671254127946,0.06796084698923535
C037,MockCompany_037,Bio,2021Q2,810.3997051360695,166.8958552434451,138.9393106825801,1041.1185545035942,359.55124626414096,681.5673082394533,780.8389158776956,339.5701138050087,133.50743745966915,5.746145747783581,2621.690927706528,0.09519640314287955,0.1994308998957298,0.06792737093747403,2.2020061130576463,1241.128004034947,2.6509652281538245,101.71592356994405,0.3774574401225702,0.047396964823947466
C037,MockCompany_037,Bio,2021Q3,839.0325287043826,197.7074938038417,153.481735373678,1057.4340567292752,353.4201274596895,704.0139292695857,793.0755425469564,299.17383502309923,251.12429516363125,7.012685419173669,2788.8842204054718,0.06377307520578174,0.18236012738949148,0.2861002592215784,2.2512336133233766,1220.5721202698478,2.5733152486873045,100.6653509489189,0.2582612244793368,0.055619597308728716
C037,MockCompany_037,Bio,2021Q4,878.887359955448,212.5541562237393,169.90761650400242,1125.3957080830082,350.56465188396476,774.8310561990435,844.0467810622562,374.49384341993556,180.14254876482542,3.938615579828599,2821.207970029378,0.011590208509698205,0.1531671822544381,-0.42173004590846574,2.1653280812284175,1215.8013702273347,2.535468852822883,102.15983745837582,0.30290641252456185,0.05793170056898543
C037,MockCompany_037,Bio,2022Q1,904.7952892860576,192.22974354313632,142.21843274369942,1159.8159578964778,360.1733940169737,799.6425638795041,869.8619684223584,317.6972533059688,106.36920701376711,3.925729837669982,2982.4551051782546,0.05715535219730638,0.40421672433201233,-0.07690421927504602,2.1438845697904756,1243.3382533522333,2.58062538550802,102.7075803467878,0.3985187742664058,0.14073047905521258
C037,MockCompany_037,Bio,2022Q2,892.4691253381332,189.36533511545568,159.35852665515674,1202.3471796990357,360.80474556471285,841.5424341343228,901.7603847742768,300.7269348771085,124.39732577023406,5.615563172105464,3209.246363846474,0.07604180135836958,0.2379227464459456,-0.5225442571493295,2.2428516870666746,1234.0277120499995,2.1623245426257465,104.19232232288357,0.45430350514666806,0.0674846559333718
C037,MockCompany_037,Bio,2022Q3,871.5325808186255,163.17509558511316,122.02751448901135,1156.6008519154195,392.40379736637567,764.1970545490439,867.4506389365647,336.47197951319646,49.69696963008015,4.342588399542848,3177.681152509317,-0.009835708374636667,0.1410172680367349,0.3032816992515517,2.142543499393521,1230.5165105511962,1.9832531014925339,103.1229058783089,0.24807142552575942,0.047483225498700696
C037,MockCompany_037,Bio,2022Q4,915.6512251658156,184.47250646925056,144.98902173437477,1232.2655152384116,415.80866941520037,816.4568458232112,924.1991364288087,350.74740658139854,216.87055869827878,5.311908557917539,3514.7829243102187,0.10608420279507984,0.17510804556165152,0.15256892220908083,2.1024371456385214,1217.0754435749284,2.1388963795279983,103.51668374452387,0.29352653260433564,0.1111887902235392
C037,MockCompany_037,Bio,2023Q1,891.5618669196647,165.81047662777445,127.56826950708398,1254.7411854988154,466.8325145098645,787.9086709889509,941.0558891241116,318.26726759162005,62.677769040759735,6.726855885009236,3426.9809661790405,-0.024980762687758187,0.36844704294732034,-0.07925376118604864,2.1467954831211564,1226.4918009824855,2.2855431046206047,101.03406949400774,0.28175641282640873,0.09768259147759785
C037,MockCompany_037,Bio,2023Q2,934.5751915512254,220.43001348627163,173.25586456270153,1415.3865489487564,481.2770334002254,934.109515548531,1061.5399117115674,375.22070702290165,238.1199287873274,5.4210880631340315,3555.569216807742,0.037522312466203495,0.179496511274462,-0.3849465557742817,1.9832647732359345,1194.7643786127976,1.940916540061428,101.21778615048079,0.33904472153082604,0.01832224438476507
C037,MockCompany_037,Bio,2023Q3,972.4104624555396,165.10547287841624,118.84703931576573,1498.2077511575824,494.7877468118154,1003.420004345767,1123.6558133681867,341.4649932070165,103.17847711974895,6.310980816559156,3632.7916078596977,0.02171871403512917,0.1662085512633814,-0.23513325585680472,1.7829844293605797,1196.2532732038942,1.9341491611293082,100.51303262023362,0.4528846039765105,0.05284382579951375
C037,MockCompany_037,Bio,2023Q4,993.4276079566424,226.3017052856802,190.7455940948991,1569.1215121020984,548.7851464117828,1020.3363656903157,1176.8411340765738,435.6737351531368,195.47350577577697,10.83994248088285,3801.2980241552123,0.04638482866205243,0.14813781007383167,0.1631535745224313,1.7166636297678008,1175.9964045849447,1.7287526401013613,98.59533986717308,0.22756102834144576,0.08333678781534813
C037,MockCompany_037,Bio,2024Q1,1045.9884222557143,189.36089526727068,167.24287783922102,1602.950984126722,592.836300149689,1010.114683977033,1202.2132380950416,483.2840617613067,113.0432943253674,9.229124045451366,4311.748208714184,0.1342831267938831,0.20158003384474893,0.08679662859953907,1.7840661225223866,1171.2390806505446,1.9383743620028682,97.96060049350656,0.3848055613521054,0.07840990664072184
C037,MockCompany_037,Bio,2024Q2,1085.2609558755414,242.6800660502455,206.38905782412172,1752.2651362567303,564.2260192664243,1188.039116990306,1314.1988521925477,508.2873583709501,204.99765942269383,4.984390363431235,4021.8779173614193,-0.06722801919808943,0.11142259996060791,-0.05178298651097499,1.8131271517420802,1180.61792547119,1.8605168426756866,97.72086524865749,0.32819366031587593,0.04185112235789572
C037,MockCompany_037,Bio,2024Q3,1126.8427621343196,255.27928798463375,190.44862869455335,1840.0923715412985,537.6860701944557,1302.4063013468426,1380.069278655974,505.3340777358883,310.83564737785554,12.312823643635392,4609.321293537361,0.1460619611649819,0.14945642616583263,0.33857458737408314,1.9053551545150544,1160.02584622424,1.8089675185381946,97.95571954626014,0.35427061866641407,0.07736897155138259
C037,MockCompany_037,Bio,2024Q4,1197.8303638723053,161.22025553937277,96.62506373650987,1973.3424347730106,565.7398839870544,1407.6025507859563,1480.006826079758,528.5404903368576,82.48767517674811,7.9091872605718905,6348.52362581195,0.3773228684910922,0.10249447228040952,0.00012405949455193688,1.9132261457625204,1134.575703452242,1.7422862512730983,97.16839159929268,0.4852037874120339,0.08881803262152482
C038,MockCompany_038,IT,2021Q1,494.91402394730943,71.50613837831068,59.79922773877622,885.4680217484383,402.33719016424254,483.1308315841958,414.81843990204345,238.59378363769466,48.58097401209748,8.381125395226707,658.1048446082378,-0.16438100447785187,0.2050674522955876,0.2905632328810842,2.0205254802784953,1193.2379726502618,2.6358180227371957,100.25365636197508,0.32265094811480305,0.05849772699640292
C038,MockCompany_038,IT,2021Q2,517.5991523108775,77.02861393409275,55.42633491501931,919.7234603208753,451.5016267819664,468.2218335389089,474.3618840946598,404.41402679653334,37.87912383983944,4.607150609779343,748.1557991068031,0.13683375109048407,0.3821231754754218,0.3996162056281397,2.0759974483704835,1218.0780882130812,2.3668488514424744,101.79647947765413,0.3781883890872728,0.047714613310630566
C038,MockCompany_038,IT,2021Q3,509.7984822114484,84.25398529181506,77.26936691880461,880.0883012259412,422.80883858926586,457.27946263667536,516.9049173254718,298.8133624921272,50.8642928680655,10.511724759997657,761.0886766653065,0.01728634272960724,0.3112437002951478,-0.18898592608063444,2.3092612172326694,1217.2201805035259,2.4084303112294396,101.28884359835324,0.3633354254323149,0.0939567601001331
C038,MockCompany_038,IT,2021Q4,538.8881406979218,98.42736005584102,90.6490022838365,975.5894239833865,473.07023572311635,502.51918826027014,656.5500036462745,463.1960301859882,43.5763132966606,11.127239221324944,852.0353064281313,0.11949544455359083,0.13822266353784612,-0.3865449548693182,2.1709206282760265,1229.2638990935168,2.4503917636426875,101.21888990740538,0.2983224141950251,0.08806506741525039
C038,MockCompany_038,IT,2022Q1,578.9719377995365,99.54325272695102,73.93033959598867,1059.1577429004037,483.1174083407889,576.0403345596148,585.8569595703025,365.5064981791722,89.45727423165724,7.554886303682877,930.6044323696465,0.092213462691927,0.13675882347789703,0.05927766307575379,2.272933381198281,1238.8532008666882,2.4215583555007556,103.05309071869993,0.4376292416264041,0.06470212850222712
C038,MockCompany_038,IT,2022Q2,629.5159940983218,83.47383164182742,54.25899304919321,1167.8798115154668,480.55223925790574,687.3275722575611,614.3275475195121,402.2387638628845,74.69544860858909,9.572278298975384,881.0311907088125,-0.053269939338890876,0.3017654309341764,-0.04244493522183949,2.066654081755275,1241.9237370499775,2.328390403252308,102.1751240691056,0.24020974761826053,0.04178940793636673
C038,MockCompany_038,IT,2022Q3,643.4030705934257,91.95536993017785,67.04957667130904,1223.9777901107768,469.10463979263693,754.8731503181399,689.4577359704837,356.5270762879305,103.29167487685747,7.660074144602961,823.9217810524242,-0.06482109857023588,0.11578526623067749,0.08794026274910773,2.2305243605340217,1216.2442263097407,2.244856115862391,102.50224994508059,0.26821227969986605,0.039579921844122505
C038,MockCompany_038,IT,2022Q4,693.7873258922153,119.03608523971121,90.07748457863718,1294.5439356705367,487.6680555146258,806.8758801559109,606.5020166443846,297.59470822240394,94.80991707374326,10.3239783596198,943.9025329557693,0.1456215318765931,0.3793219911309068,-0.0034367387955551235,2.189689692904575,1236.3490800328234,1.8477679870688024,101.54834977807539,0.4325619784536939,0.059204267007724964
C038,MockCompany_038,IT,2023Q1,789.9365652885741,93.78110336178625,60.4737874848852,1480.240820827591,474.66538592713005,1005.575434900461,734.138767524144,584.8598101215011,91.74287560061185,4.86333122324299,1094.1864717905241,0.15921552659060095,0.13698654380610148,-0.06417231195541635,1.9922346415525727,1197.9177272118761,2.0542691801826205,102.30030294255947,0.28216919104135096,0.0687958704427407
C038,MockCompany_038,IT,2023Q2,833.4300482346839,133.51648040959896,103.95829294414236,1558.7658670760984,459.6313006619951,1099.1345664141033,795.5934269936458,494.420376238568,119.07619676973317,7.565795060198565,1120.4914045063704,0.02404063054517666,0.15855381014052852,-0.11473326863133268,1.8470881086638997,1192.1977672028497,1.9930041986392173,102.47329712021363,0.47143182733251865,0.07363766381579043
C038,MockCompany_038,IT,2023Q3,873.8921771043317,132.47153553594197,110.23583486187802,1694.4340739527292,452.154345167171,1242.2797287855583,862.9995747853936,459.8736061091518,153.58497248478378,7.332869291733054,1205.6110902696225,0.07596638887270304,0.13011248524259267,0.00872755010686255,1.8182225651843011,1199.7652726604124,1.8301377232969336,101.93299745802632,0.2676838564160694,0.0787244139167265
C038,MockCompany_038,IT,2023Q4,917.4461226867876,161.25282597159236,109.11316854917513,1749.8336564423582,481.8648027085752,1267.968853733783,1012.2581347671074,611.7555174772525,135.4467180054766,6.652725403292876,1449.2806708470011,0.20211292227154656,0.12958496406910264,0.12362265764892125,1.9131233411240545,1178.0068480647587,1.956560608557414,100.01575904654288,0.2617904368818933,0.04692497398868941
C038,MockCompany_038,IT,2024Q1,964.6814928495825,233.56158157215717,194.61690276676055,1733.7470768680992,480.4064365357916,1253.3406403323074,1245.543561806345,804.7758596100468,170.9545197785159,5.286122382790415,1575.4105212926008,0.08702927802927639,0.20963644947290336,-0.3986142293250312,1.8560697698685147,1195.786511472966,1.8203187785921824,99.41921219950868,0.242575420524103,0.09267519060824991
C038,MockCompany_038,IT,2024Q2,990.8341638881723,235.55521754404933,194.3255466266534,1807.6909175959022,478.15604983503295,1329.5348677608692,1051.5794043684577,521.2815607924829,194.5283816176365,10.062247255270703,1576.2506179492523,0.000533255710367081,0.13417324339810272,0.004212907782945023,1.783990663832927,1171.8925897528477,1.8720282503242667,100.12791101675893,0.3442021732413372,0.06535351577939519
C038,MockCompany_038,IT,2024Q3,1039.6558539905047,212.33921991963572,193.70538941293188,2019.413660641934,491.34388663418633,1528.0697740077476,1297.815722107573,688.4889995855307,205.38536830686314,9.303126652051473,1796.9896027523328,0.14004053815393155,0.261062603718049,-0.28902682590889217,1.7654928024782648,1179.420396979795,1.8178145793531983,98.87045501184636,0.3870954333644682,0.06539805298131708
C038,MockCompany_038,IT,2024Q4,1131.5842667953532,149.17801474859405,132.35556376872321,2246.8068140495134,487.8448407263813,1758.961973323132,1033.1153557361872,729.9850446856626,160.73308374253122,7.995415595747744,2033.1094224923731,0.13139743233816759,0.1630033649572465,0.09224811315968502,1.898823977958132,1181.989222935133,1.8028322877215759,96.15314391881965,0.3732722192339646,0.07966998886061319
C039,MockCompany_039,IT,2021Q1,372.4955741920838,51.07799214169221,36.9632563596501,752.3051662120046,232.92933922684105,519.3758269851635,564.2288746590034,227.90183075070593,50.82340627974884,5.140449644675412,871.9466758048761,-0.09458669838402364,0.2134183334172782,-0.09886923739705375,1.897052512364219,1196.2107218980514,2.3862705815151632,100.5956811009703,0.2850400691109534,0.08499751084957251
C039,MockCompany_039,IT,2021Q2,349.97456343404514,68.11857630740526,63.334987086031084,694.0495768095153,218.92763733963136,475.12193946988396,499.5638887856471,230.7519752356721,41.90754204268165,4.619727647118618,875.4438872070025,0.004010808801923692,0.07022642910316154,0.15340764198388743,2.192117725218313,1216.2309374391066,2.808266727385111,100.28111609874043,0.3667632046162189,0.06755433919909756
C039,MockCompany_039,IT,2021Q3,381.6948161528637,55.34192020441305,38.059498879947846,728.0249602095782,218.44088263882372,509.5840775707545,546.0187201571837,242.25232834679437,22.0564756012281,4.664065731155613,1002.7418209019163,0.1454095865596166,0.20746926890478337,-0.1153353517139728,2.1775230603299027,1224.0975722444757,2.4033708780095955,101.47662195405678,0.37700757071035607,0.07425304042894901
C039,MockCompany_039,IT,2021Q4,377.13708011615444,61.62848720217754,38.94785053430507,766.1370760448831,228.03653471374594,538.1005413311372,536.5138262493904,230.84875270872595,34.880974791904606,5.868698775525864,1139.4029589100396,0.13628746219560625,0.08727307275732067,0.16904215615484824,2.148250737223172,1233.4337291896354,2.635661417484911,102.08557291506139,0.609698661638193,0.08713804816182058
C039,MockCompany_039,IT,2022Q1,393.2544326369032,49.20293036234085,33.28320882714694,852.1565893519986,220.8170455002291,631.3395438517695,576.3722223546558,291.0542276179285,57.792752443290524,5.581083413387349,1101.3379344228551,-0.03340786873469049,0.17097635329773345,-0.18618482118228363,2.1434056392372414,1218.6388604407312,2.2763620005568885,102.85579506803927,0.39438369217838676,0.1371094151699084
C039,MockCompany_039,IT,2022Q2,419.76350780119805,81.18397058688691,60.747293951650946,937.9281082175308,227.63604208289533,710.2920661346355,694.3994502869944,342.9377880841882,70.0817763996356,3.4419451809747437,1186.838273235278,0.0776331552197267,0.23517931164825429,-0.2435123661790965,2.271393509161799,1233.7234163400235,2.2106165037151513,101.8949891636085,0.4670087504195537,0.07782353341224904
C039,MockCompany_039,IT,2022Q3,410.48312951808543,68.6304311777364,51.92330295131475,933.8907728795137,224.34078387286118,709.5499890066526,700.4180796596353,325.5308791105689,32.862356889203696,2.643361838689048,1160.1748196186525,-0.022465953633212264,0.2719274805298041,0.022219527466545673,2.072696934430868,1229.1372356566396,2.3644741569814514,101.96194311405688,0.5135761641233645,0.08450818614862543
C039,MockCompany_039,IT,2022Q4,417.90670863485377,73.02360979131755,64.00901891424404,919.7926938582311,225.38899277325163,694.4037010849795,689.8445203936733,312.3698085800542,63.61265017587762,2.2420759961067858,1271.6436690605403,0.09607935593579556,0.0722193581835471,0.4346733046140535,2.0789837330325587,1217.7728992247596,2.0646743232184672,101.55148390132736,0.1831274827664434,0.08984330824324444
C039,MockCompany_039,IT,2023Q1,440.6053748256462,91.05961587061556,67.45304145060476,981.5147642773737,240.91198756592212,740.6027767114516,736.1360732080303,346.2091771154368,35.55171988689243,2.7220530930242717,1364.1385273588337,0.07273645955130364,0.23302852143980451,0.24179850067467998,1.9636317445695886,1214.6146071278506,2.018183321312978,102.46992474673617,0.3464940287006161,0.0
C039,MockCompany_039,IT,2023Q2,447.0455402198299,67.02576094022136,52.898495154108105,1065.4613001249372,254.40994411030672,811.0513560146305,799.0959750937029,368.3787100627277,78.0966150210212,3.3309349623232767,1427.3058235605388,0.04630563167511007,0.23411859233842297,-0.148682502324404,2.0236315012957564,1201.3681031194512,1.8566471989221969,100.72002231067968,0.2861404894176324,0.09136379895832693
C039,MockCompany_039,IT,2023Q3,428.8831383487996,73.87887651761676,63.90196868742425,1046.154507182165,261.49350617096434,784.6610010112006,688.7913830941679,313.0499208613964,75.67176809138971,5.310394349161008,1336.5596459088272,-0.06357865017697287,0.2440672160358488,0.24179050554289638,1.8980227965810266,1194.1390445335412,1.7403261574417643,100.60541461196895,0.320505845244116,0.0987101936871835
C039,MockCompany_039,IT,2023Q4,429.17253526392767,104.70496105612034,93.49600986879935,1083.8254950656913,284.0731326271275,799.7523624385638,723.493450229342,325.49547459240927,46.75158694197873,2.8784434247431703,1481.0417672177537,0.10810001764693569,0.18573336185206749,-0.16616704218859407,1.8582733880420927,1199.0199201081423,1.9452589928264676,101.88431633293489,0.31733484680498975,0.1430910839401165
C039,MockCompany_039,IT,2024Q1,435.4144506575767,76.57522444955006,55.564326014323484,1116.0291711659424,289.7461089922762,826.2830621736662,778.8103750054752,377.1510645876228,74.2102419215704,6.520465806839594,1637.276444316318,0.10548971714151104,0.1938811383242504,0.44260410865844113,1.8883831283348158,1156.2385422238149,1.936863371429755,99.78997730740063,0.24562691785061586,0.07482774503637066
C039,MockCompany_039,IT,2024Q2,412.2975590869285,94.69175433326156,77.48487710328703,1096.6528390217431,283.5161781172713,813.1366609044719,822.4896292663074,301.22914008869765,54.12895280646595,5.181628337153618,1548.5994760103008,-0.05416126800935342,0.1653417782463794,-0.20436590234878987,1.7507927017416411,1174.5400238124807,1.7348164310380296,99.91622606451679,0.3165069388387588,0.02111804172323762
C039,MockCompany_039,IT,2024Q3,420.749910526103,62.007540124639796,52.18356441114502,1107.0396298942733,289.55016042538557,817.4894694688877,830.279722420705,419.6064565123177,50.86333108687913,4.597085145350443,1701.9356705218215,0.09901604442393647,0.1816028534077285,0.20384881424487192,1.8089637830072167,1161.8814509753051,1.7110781120813585,98.3278686699997,0.20300667545230675,0.04627530404516686
C039,MockCompany_039,IT,2024Q4,466.46263141828894,74.43989229740858,65.07693814386316,1232.8601804462105,290.2872934475265,942.572886998684,850.5600239617063,291.8804240568731,30.49141889590251,2.6462205797603278,1811.2271327620035,0.06421597721532721,0.15378644922038961,0.2788651809547896,1.910045728386774,1184.4084440198358,1.9372919689118848,97.04866651933503,0.09862373411153585,0.04142838818024079
C040,MockCompany_040,IT,2021Q1,390.754978157751,76.56406250439973,65.49702803192307,771.1543545415894,161.1360657392511,610.0182888023384,540.2391511629246,316.03182148693446,76.52349202504965,2.6220147030454224,971.9662833645517,0.18825313999091847,0.19304624503782852,0.12680178025036226,2.0588770562978223,1197.6132128430888,2.6887326290879114,99.34457431511974,0.22576094066087637,0.11061096708228502
C040,MockCompany_040,IT,2021Q2,394.3127779417229,68.88238325958439,56.24147549284775,765.9993908410524,156.46613159682101,609.5332592442314,574.4995431307893,236.39814332032,21.020915960191704,1.783988629283703,896.7830933611154,-0.07735164407471283,0.33769950699996343,0.1992750465635171,2.262775586098275,1213.4296979563371,2.9277222230079496,100.30138265913835,0.35981920633374576,0.11672082932877646
C040,MockCompany_040,IT,2021Q3,416.66890872806715,61.46081540849319,53.889877235770335,781.2078287633764,174.38747938841792,606.8203493749585,522.2645333669425,199.70101525306328,49.94349749562282,4.370916350193486,1088.3100657947273,0.2135711231082364,0.31214925021065804,-0.15176285697887,2.336005124549802,1221.2116678839052,2.5045181325818806,101.15686529438683,0.3002521600103824,0.04735510158597553
C040,MockCompany_040,IT,2021Q4,434.58942748331134,97.4130872469751,83.37773815981365,808.3215780027621,189.34956237098987,618.9720156317721,513.9169080013913,217.65990051484826,85.97599862232806,1.9021826460292564,1117.3539344637506,0.026687126749870116,0.17185781071616663,0.007910449319465176,2.223367635935189,1230.7454342375668,2.4033836452385233,100.81281297912751,0.27189995530862054,0.07828580260091374
C040,MockCompany_040,IT,2022Q1,490.9003636493167,94.44484375105712,70.38604429796452,938.6471108545081,186.8121968988566,751.8349139556515,682.5655816686722,290.46691587260864,109.8256157330538,4.412434947441994,1319.0750266702062,0.18053464169638145,0.3986739120064973,-0.02806797703803883,2.286488522050222,1260.090306031155,2.4308343114582045,101.1996746144083,0.10891990524510534,0.034632517619766885
C040,MockCompany_040,IT,2022Q2,514.5613105213918,88.49331885644388,61.457891899897284,1002.8338968011742,186.0434157535659,816.7904810476083,611.9959031375439,341.0502687790903,74.23901062603493,4.564528239951968,1611.1948127151586,0.2214580521491351,0.1460314554410484,0.07988775169297734,2.345244975116208,1233.9194434831502,2.334221451546458,102.53569012517691,0.22769558114252436,0.03719794762085274
C040,MockCompany_040,IT,2022Q3,543.6576188430421,122.72845042314002,102.00549730450334,1081.3294863315207,191.19817116315198,890.1313151683687,729.539642233371,357.0659245506422,121.20557291279448,2.4697593858356925,1764.2875363581159,0.09501813339689681,0.2653007691669753,-0.31181425184957284,2.1217639135077317,1247.739629500054,2.3508698256222917,102.19313074528185,0.39094598661863855,0.08961578033458488
C040,MockCompany_040,IT,2022Q4,532.1123959631517,118.43141448712217,105.16908568242134,1067.4590836822344,188.92728401703857,878.5317996651959,776.2749675848088,380.69961840838704,113.55066679636377,1.7233573183392472,1800.1353578373796,0.020318582283510165,0.21402281669151402,-0.39702153972680926,1.9368083360332684,1222.0610326592068,2.384545410591434,103.16944509468294,0.49893749903028906,0.0655928010086376
C040,MockCompany_040,IT,2023Q1,562.7737123700534,132.66352848337925,102.08020242495212,1179.3755389875196,198.57591729693627,980.7996216905833,815.5727203178744,403.63337597297027,75.58593399770554,3.7827413723823358,1769.8360569211009,-0.0168316792314325,0.04,-0.3814246017261762,1.9983474558419778,1225.1792819966038,2.103584943562498,103.1976036054637,0.6478109541667286,0.053587493759255575
C040,MockCompany_040,IT,2023Q2,603.5861185363832,160.40480320501544,147.0374336841131,1242.8320051151086,193.08934568731314,1049.7426594277954,932.1240038363314,360.0568018135459,188.90223030431122,2.6251145247066394,2186.6760472759725,0.2355246344568366,0.12171411673080362,0.09538945395998429,2.0416467131619784,1209.7770554959623,1.9726755288016258,100.41882645374494,0.4194448999319196,0.04842998482059002
C040,MockCompany_040,IT,2023Q3,650.6816993587554,123.71989402234468,90.2769130730062,1348.6161172158902,199.9752286431403,1148.6408885727499,936.6676836867478,439.0291411846516,40.287159627291786,4.095052629303368,2377.7691791264647,0.08738977686637403,0.26097572823494447,-0.4120975853408797,1.7599262384617134,1184.765270349107,2.1321087629567863,102.37338202018874,0.5861419788501895,0.07338823658007493
C040,MockCompany_040,IT,2023Q4,664.1333667120514,126.76921675640502,101.71490248279386,1294.1799759897654,199.1196626041726,1095.0603133855927,970.634981992324,453.95977879264393,102.63315934314774,3.2029686065119645,1814.2786993766067,-0.23698283445530682,0.11905584236704635,0.3472543351875029,1.8109008876065422,1191.1562366971943,1.7702852934740523,99.26471968826547,0.26260958496556525,0.05838639094996937
C040,MockCompany_040,IT,2024Q1,669.0577191259136,118.72864361681121,107.64779354540877,1310.536330494613,207.807338728445,1102.7289917661678,982.9022478709596,409.5931011133871,41.92639911813793,2.05810481828166,1819.3695737349371,0.0028060045901875733,0.19302234516022462,-0.05196330680196867,1.5644138728281272,1153.9418591468718,2.032010002979807,99.64466770228249,0.2509327729088726,0.0
C040,MockCompany_040,IT,2024Q2,702.4580274136001,129.85815154720746,110.14727035774067,1345.9422711416294,222.68369266995964,1123.2585784716698,959.1916926856564,447.379351198481,75.9205281314062,3.321484909749406,1887.2802989920767,0.03732651476507192,0.22445722157782685,-0.3722801204481663,1.8720826577156156,1171.4443744412245,1.629411145241333,98.75281318371599,0.3831648570152322,0.05110721352046582
C040,MockCompany_040,IT,2024Q3,749.6048227161093,118.67909051096836,111.04363733539454,1497.74826562346,230.13305426124492,1267.615211362215,1046.416283786779,535.6050057061734,145.56517965773838,3.9760196145313222,2134.5153012853193,0.1310006798806098,0.21601246040708208,-0.04005783943987307,1.9106211479283315,1171.5965378237713,1.9344224129944758,96.44402559523257,0.5819970774975914,0.06538090699974125
C040,MockCompany_040,IT,2024Q4,789.8191500964971,144.16532515574121,100.97152050926847,1644.4870945056207,240.73761275888606,1403.7494817467345,1233.3653208792155,608.0289546034496,134.4596559588533,2.660319993554092,2403.9662045202626,0.12623517061353035,0.2633930257769491,0.07544635749270842,1.9348437648298311,1149.7756087701257,1.858699341154583,97.41055229112204,0.48150598660637955,0.05591671307546568
